    Finished `dev` profile [unoptimized + debuginfo] target(s) in 0.31s
     Running `target\debug\lxmd.exe --config C:\Users\broth\rust-test-node\lxmd.toml`
lxmd: --config loaded single-file TOML settings for profile 'default' and rpc '127.0.0.1:4243'
[daemon] tcp_server enabled iface=/7c9fa136d4413fa6173637e883b6998d/ bind=0.0.0.0:37428
[daemon] tcp_client enabled iface=/d86e8112f3c4c4442126f8e9f44f1686/ name=rmap.world host=rmap.world port=4242
[daemon] transport enabled
[tp] announce_tx dst=/6dee4caf17f87a1051504791002c8786/ app_data_len=36
[tp] announce_tx dst=/5e6628c9a5656f80366c64150a32a087/ app_data_len=18
[tp] announce_tx dst=/f2e29f00e8ddda9f81d1845a7224793e/ app_data_len=0
[tp] announce_tx dst=/6dee4caf17f87a1051504791002c8786/ app_data_len=36
[tp] announce_tx dst=/f2e29f00e8ddda9f81d1845a7224793e/ app_data_len=0
[tp] announce_tx dst=/6dee4caf17f87a1051504791002c8786/ app_data_len=36
[tp] announce_tx dst=/f2e29f00e8ddda9f81d1845a7224793e/ app_data_len=0
{"elapsed_ms":0,"error":null,"event":"rpc_request","http_method":"GET","ok":true,"path":"/readyz","peer":"127.0.0.1:57802","rpc_method":null,"rpc_request_id":null,"status_code":200,"trace_ref":null}
{"elapsed_ms":0,"error":null,"event":"rpc_request","http_method":"POST","ok":true,"path":"/rpc","peer":"127.0.0.1:57804","rpc_method":"propagation_enable","rpc_request_id":1,"status_code":0,"trace_ref":"rpc:propagation_enable:0000000000000001"}
{"elapsed_ms":0,"error":null,"event":"rpc_request","http_method":"POST","ok":true,"path":"/rpc","peer":"127.0.0.1:57805","rpc_method":"set_delivery_policy","rpc_request_id":1,"status_code":0,"trace_ref":"rpc:set_delivery_policy:0000000000000001"}
{"elapsed_ms":0,"error":null,"event":"rpc_request","http_method":"POST","ok":true,"path":"/rpc","peer":"127.0.0.1:57806","rpc_method":"propagation_enable","rpc_request_id":1,"status_code":0,"trace_ref":"rpc:propagation_enable:0000000000000001"}
{"elapsed_ms":0,"error":null,"event":"rpc_request","http_method":"POST","ok":true,"path":"/rpc","peer":"127.0.0.1:57807","rpc_method":"announce_now","rpc_request_id":1,"status_code":0,"trace_ref":"rpc:announce_now:0000000000000001"}
[tp] announce_tx dst=/5e6628c9a5656f80366c64150a32a087/ app_data_len=18
[tp] announce_tx dst=/6dee4caf17f87a1051504791002c8786/ app_data_len=36
[tp] announce_tx dst=/f2e29f00e8ddda9f81d1845a7224793e/ app_data_len=0
[tp] link_request dst=/6dee4caf17f87a1051504791002c8786/ ctx=00 hops=2
[tp] link_proof_tx dst=/6dee4caf17f87a1051504791002c8786/ link_id=/b7c71dd7c1f1a4f0b64fc9d7f754464e/
[tp] link_data dst=/b7c71dd7c1f1a4f0b64fc9d7f754464e/ ctx=fe len=64
[tp] link_data dst=/b7c71dd7c1f1a4f0b64fc9d7f754464e/ ctx=fb len=192
[link] data_plain len=128 preview=3f6c797ce61c96a5e5681ef4dc11f39f70d7b67fd43a8d3842d906322fcfdf74
[tp] link_data dst=/b7c71dd7c1f1a4f0b64fc9d7f754464e/ ctx=09 len=80
[link] data_plain len=31 preview=93cb41da6cb301910344c4109dc1a72883468f57fed571e796e9ce9892c0c0
[tp] path_request dest=/12cb1ed29943213839f0b0d18cd42761/ iface=/d86e8112f3c4c4442126f8e9f44f1686/
[tp] path_request dest=/b8bbfff472fe128873c9395a3ff8b353/ iface=/d86e8112f3c4c4442126f8e9f44f1686/
[tp] link_request dst=/6dee4caf17f87a1051504791002c8786/ ctx=00 hops=2
[tp] link_proof_tx dst=/6dee4caf17f87a1051504791002c8786/ link_id=/6a34996ad439844cc99c2b0bf78bc7dd/
[tp] link_data dst=/6a34996ad439844cc99c2b0bf78bc7dd/ ctx=fe len=64
[tp] link_data dst=/6a34996ad439844cc99c2b0bf78bc7dd/ ctx=fb len=192
[link] data_plain len=128 preview=1b599a71ed6a929084c48c8f1ef3621f995f1fab242197d824024fb4f6f4d551
[tp] link_data dst=/6a34996ad439844cc99c2b0bf78bc7dd/ ctx=09 len=352
[link] data_plain len=302 preview=93cb41da6cb302ab0071c41094fd9fd7b04a5caae5882616446bb9ef92c420c2
[tp] link_data dst=/b7c71dd7c1f1a4f0b64fc9d7f754464e/ ctx=fc len=80
[tp] path_request dest=/bd4090bc8e1eddbb7b2bf54494c64a46/ iface=/d86e8112f3c4c4442126f8e9f44f1686/
[tp] path_request dest=/a3dfea289534e4b2d0f5730310eebd99/ iface=/d86e8112f3c4c4442126f8e9f44f1686/
[tp] path_request dest=/dde498c90d4550dca45d545a189ef9be/ iface=/d86e8112f3c4c4442126f8e9f44f1686/
[tp] link_request dst=/6dee4caf17f87a1051504791002c8786/ ctx=00 hops=2
[tp] link_proof_tx dst=/6dee4caf17f87a1051504791002c8786/ link_id=/a29f59bdc78a410185cae8f15a0a37fa/
[tp] link_data dst=/a29f59bdc78a410185cae8f15a0a37fa/ ctx=fe len=64
[tp] link_data dst=/a29f59bdc78a410185cae8f15a0a37fa/ ctx=fb len=192
[link] data_plain len=128 preview=35e65fe12a80ee3d00278ef932383927bd791670aa6a7f7a029c1a472045933f
[tp] link_data dst=/a29f59bdc78a410185cae8f15a0a37fa/ ctx=09 len=352
[link] data_plain len=302 preview=93cb41da6cb307dfbf88c41094fd9fd7b04a5caae5882616446bb9ef92c420cc
[tp] path_request dest=/e792a1b9b43cc8b95d12ecd2d1d3e8b2/ iface=/d86e8112f3c4c4442126f8e9f44f1686/
[tp] path_request dest=/b18bb3d4ac56c99c5ee4791d79496ca2/ iface=/d86e8112f3c4c4442126f8e9f44f1686/
[tp] path_request dest=/58681bf71893d092811b7b97b6f767cf/ iface=/d86e8112f3c4c4442126f8e9f44f1686/
[tp] link_request dst=/6dee4caf17f87a1051504791002c8786/ ctx=00 hops=2
[tp] link_proof_tx dst=/6dee4caf17f87a1051504791002c8786/ link_id=/6d0e4411f39d3d0c0b9aa154d6d117b4/
[tp] link_data dst=/6d0e4411f39d3d0c0b9aa154d6d117b4/ ctx=fe len=64
[tp] link_data dst=/6d0e4411f39d3d0c0b9aa154d6d117b4/ ctx=fb len=192
[link] data_plain len=128 preview=caeb241290061ad1380b094471a8ab92b78aeb000a7b67d3c3af96b3825f2026
[tp] link_data dst=/6d0e4411f39d3d0c0b9aa154d6d117b4/ ctx=09 len=288
[link] data_plain len=234 preview=93cb41da6cb30ac73784c41094fd9fd7b04a5caae5882616446bb9ef92c420fd
[tp] path_request dest=/b8bbfff472fe128873c9395a3ff8b353/ iface=/d86e8112f3c4c4442126f8e9f44f1686/
[tp] path_request dest=/12cb1ed29943213839f0b0d18cd42761/ iface=/d86e8112f3c4c4442126f8e9f44f1686/
[tp] path_request dest=/995cc3851347f138f51af73d182d5e1d/ iface=/d86e8112f3c4c4442126f8e9f44f1686/
[tp] link_data dst=/6a34996ad439844cc99c2b0bf78bc7dd/ ctx=fa len=1
[tp] path_request dest=/b8bbfff472fe128873c9395a3ff8b353/ iface=/d86e8112f3c4c4442126f8e9f44f1686/
[tp] path_request dest=/e233d8d7e9c5f61419d45138ef0d90ff/ iface=/d86e8112f3c4c4442126f8e9f44f1686/
[tp] path_request dest=/fafd09ad00cd5639555247c4e9aadbad/ iface=/d86e8112f3c4c4442126f8e9f44f1686/
[tp] path_request dest=/c89f0492447e510276a2b1b503444782/ iface=/d86e8112f3c4c4442126f8e9f44f1686/
[tp] link_data dst=/a29f59bdc78a410185cae8f15a0a37fa/ ctx=fa len=1
[tp] link_data dst=/6d0e4411f39d3d0c0b9aa154d6d117b4/ ctx=fa len=1
[tp] path_request dest=/12cb1ed29943213839f0b0d18cd42761/ iface=/d86e8112f3c4c4442126f8e9f44f1686/
[tp] path_request dest=/a3dfea289534e4b2d0f5730310eebd99/ iface=/d86e8112f3c4c4442126f8e9f44f1686/
[tp] path_request dest=/bd4090bc8e1eddbb7b2bf54494c64a46/ iface=/d86e8112f3c4c4442126f8e9f44f1686/
[tp] link_data dst=/6a34996ad439844cc99c2b0bf78bc7dd/ ctx=fa len=1
[tp] link_data dst=/6a34996ad439844cc99c2b0bf78bc7dd/ ctx=fc len=80
[tp] path_request dest=/b8bbfff472fe128873c9395a3ff8b353/ iface=/d86e8112f3c4c4442126f8e9f44f1686/
[tp] path_request dest=/c89f0492447e510276a2b1b503444782/ iface=/d86e8112f3c4c4442126f8e9f44f1686/
[tp] link_request dst=/6dee4caf17f87a1051504791002c8786/ ctx=00 hops=3
[tp] link_proof_tx dst=/6dee4caf17f87a1051504791002c8786/ link_id=/0d4423b579c9233a3b99abd9b0c82aaa/
[tp] link_data dst=/0d4423b579c9233a3b99abd9b0c82aaa/ ctx=fe len=64
[tp] link_data dst=/0d4423b579c9233a3b99abd9b0c82aaa/ ctx=fb len=192
[link] data_plain len=128 preview=cbd4a6d311ba97b671bd75d501e048cad1f23eba47622f0bde8eed57b0d56814
[tp] link_data dst=/0d4423b579c9233a3b99abd9b0c82aaa/ ctx=09 len=288
[link] data_plain len=234 preview=93cb41da6cb321213a49c41094fd9fd7b04a5caae5882616446bb9ef92c4202f
[tp] path_request dest=/58681bf71893d092811b7b97b6f767cf/ iface=/d86e8112f3c4c4442126f8e9f44f1686/
[tp] path_request dest=/e233d8d7e9c5f61419d45138ef0d90ff/ iface=/d86e8112f3c4c4442126f8e9f44f1686/
[tp] path_request dest=/1b9a5e9dfd60b8d3f3132637e6541521/ iface=/d86e8112f3c4c4442126f8e9f44f1686/
[tp] link_data dst=/6d0e4411f39d3d0c0b9aa154d6d117b4/ ctx=fa len=1
[tp] path_request dest=/995cc3851347f138f51af73d182d5e1d/ iface=/d86e8112f3c4c4442126f8e9f44f1686/
[tp] path_request dest=/12cb1ed29943213839f0b0d18cd42761/ iface=/d86e8112f3c4c4442126f8e9f44f1686/
[tp] path_request dest=/46abc73a40e2eef3efde881eaabe677a/ iface=/d86e8112f3c4c4442126f8e9f44f1686/
[tp] link_data dst=/6d0e4411f39d3d0c0b9aa154d6d117b4/ ctx=fc len=80
[tp] path_request dest=/f8de3e21f2b92e8eb4bb505f1e1381c4/ iface=/d86e8112f3c4c4442126f8e9f44f1686/
[tp] path_request dest=/c89f0492447e510276a2b1b503444782/ iface=/d86e8112f3c4c4442126f8e9f44f1686/
[tp] link_data dst=/a29f59bdc78a410185cae8f15a0a37fa/ ctx=fa len=1
[tp] path_request dest=/0ffa0968a18cb499c260e774cd3d9f28/ iface=/d86e8112f3c4c4442126f8e9f44f1686/
[tp] path_request dest=/e233d8d7e9c5f61419d45138ef0d90ff/ iface=/d86e8112f3c4c4442126f8e9f44f1686/
[tp] link_data dst=/a29f59bdc78a410185cae8f15a0a37fa/ ctx=fc len=80
[tp] link_request dst=/6dee4caf17f87a1051504791002c8786/ ctx=00 hops=2
[tp] link_proof_tx dst=/6dee4caf17f87a1051504791002c8786/ link_id=/029b8aba338a783febcc20606a57f424/
[tp] link_data dst=/029b8aba338a783febcc20606a57f424/ ctx=fe len=64
[tp] link_data dst=/029b8aba338a783febcc20606a57f424/ ctx=fb len=192
[link] data_plain len=128 preview=cc343d204fc536882689c77cbddfe144b3cf8abc90165e8a859ee48a492f4b0c
[tp] link_data dst=/029b8aba338a783febcc20606a57f424/ ctx=09 len=160
[link] data_plain len=98 preview=93cb41da6cb32989863cc41094fd9fd7b04a5caae5882616446bb9ef92c420a1
[tp] path_request dest=/a3dfea289534e4b2d0f5730310eebd99/ iface=/d86e8112f3c4c4442126f8e9f44f1686/
[tp] path_request dest=/c04ed3e589c8a6621bb166c913b0a330/ iface=/d86e8112f3c4c4442126f8e9f44f1686/
[tp] path_request dest=/12cb1ed29943213839f0b0d18cd42761/ iface=/d86e8112f3c4c4442126f8e9f44f1686/
[tp] path_request dest=/4a890e0e7c0cc69df96c7d4db8992341/ iface=/d86e8112f3c4c4442126f8e9f44f1686/
[tp] path_request dest=/b8bbfff472fe128873c9395a3ff8b353/ iface=/d86e8112f3c4c4442126f8e9f44f1686/
[tp] path_request dest=/e233d8d7e9c5f61419d45138ef0d90ff/ iface=/d86e8112f3c4c4442126f8e9f44f1686/
[tp] link_data dst=/0d4423b579c9233a3b99abd9b0c82aaa/ ctx=fa len=1
[tp] path_request dest=/c89f0492447e510276a2b1b503444782/ iface=/d86e8112f3c4c4442126f8e9f44f1686/
[tp] path_request dest=/995cc3851347f138f51af73d182d5e1d/ iface=/d86e8112f3c4c4442126f8e9f44f1686/
[tp] path_request dest=/5df7a45daa0ddd5356d2e80da1b70d67/ iface=/d86e8112f3c4c4442126f8e9f44f1686/
[tp] link_request dst=/6dee4caf17f87a1051504791002c8786/ ctx=00 hops=2
[tp] link_proof_tx dst=/6dee4caf17f87a1051504791002c8786/ link_id=/903902a3d8a297a1d7911fdf5e46b11b/
[tp] link_data dst=/903902a3d8a297a1d7911fdf5e46b11b/ ctx=fe len=64
[tp] link_data dst=/903902a3d8a297a1d7911fdf5e46b11b/ ctx=fb len=192
[link] data_plain len=128 preview=caeb241290061ad1380b094471a8ab92b78aeb000a7b67d3c3af96b3825f2026
[tp] link_data dst=/903902a3d8a297a1d7911fdf5e46b11b/ ctx=09 len=320
[link] data_plain len=268 preview=93cb41da6cb33709d7bac41094fd9fd7b04a5caae5882616446bb9ef92c420fd
[tp] path_request dest=/0ffa0968a18cb499c260e774cd3d9f28/ iface=/d86e8112f3c4c4442126f8e9f44f1686/
[tp] link_request dst=/6dee4caf17f87a1051504791002c8786/ ctx=00 hops=1
[tp] link_proof_tx dst=/6dee4caf17f87a1051504791002c8786/ link_id=/305d18abd99dae354b6eedb4671263c1/
[tp] link_data dst=/305d18abd99dae354b6eedb4671263c1/ ctx=fe len=64
[tp] link_data dst=/305d18abd99dae354b6eedb4671263c1/ ctx=fb len=192
[link] data_plain len=128 preview=95f352c28e2489f68900d3a838d200df15e66c41ff1e98a3e7cfc71a15c7317d
[tp] link_request dst=/6dee4caf17f87a1051504791002c8786/ ctx=00 hops=2
[tp] link_proof_tx dst=/6dee4caf17f87a1051504791002c8786/ link_id=/4bafa6300b5a655a52ff799ca54e5885/
[tp] link_data dst=/4bafa6300b5a655a52ff799ca54e5885/ ctx=fe len=64
[tp] link_data dst=/4bafa6300b5a655a52ff799ca54e5885/ ctx=fb len=192
[link] data_plain len=128 preview=35e65fe12a80ee3d00278ef932383927bd791670aa6a7f7a029c1a472045933f
[tp] send_proof dst=/4bafa6300b5a655a52ff799ca54e5885/ ctx=05
[tp] path_request dest=/bd4090bc8e1eddbb7b2bf54494c64a46/ iface=/d86e8112f3c4c4442126f8e9f44f1686/
[tp] link_data dst=/4bafa6300b5a655a52ff799ca54e5885/ ctx=fc len=80
[tp] path_request dest=/5df7a45daa0ddd5356d2e80da1b70d67/ iface=/d86e8112f3c4c4442126f8e9f44f1686/
[tp] path_request dest=/a3dfea289534e4b2d0f5730310eebd99/ iface=/d86e8112f3c4c4442126f8e9f44f1686/
[tp] path_request dest=/75ba31ffb69d391c477570203ad512df/ iface=/d86e8112f3c4c4442126f8e9f44f1686/
[tp] path_request dest=/b8bbfff472fe128873c9395a3ff8b353/ iface=/d86e8112f3c4c4442126f8e9f44f1686/
[tp] link_request dst=/6dee4caf17f87a1051504791002c8786/ ctx=00 hops=2
[tp] link_proof_tx dst=/6dee4caf17f87a1051504791002c8786/ link_id=/abd2cc6b348b520a26699a01d6865b5a/
[tp] link_data dst=/abd2cc6b348b520a26699a01d6865b5a/ ctx=fe len=64
[tp] link_data dst=/abd2cc6b348b520a26699a01d6865b5a/ ctx=fb len=192
[link] data_plain len=128 preview=35e65fe12a80ee3d00278ef932383927bd791670aa6a7f7a029c1a472045933f
[tp] send_proof dst=/abd2cc6b348b520a26699a01d6865b5a/ ctx=05
[tp] path_request dest=/ebc612c32003c7a77534cbeafd795438/ iface=/d86e8112f3c4c4442126f8e9f44f1686/
[tp] path_request dest=/e36c13fd857732740ed3421a512e06aa/ iface=/d86e8112f3c4c4442126f8e9f44f1686/
[tp] path_request dest=/e792a1b9b43cc8b95d12ecd2d1d3e8b2/ iface=/d86e8112f3c4c4442126f8e9f44f1686/
[tp] link_data dst=/0d4423b579c9233a3b99abd9b0c82aaa/ ctx=fa len=1
[tp] link_data dst=/abd2cc6b348b520a26699a01d6865b5a/ ctx=fc len=80
[tp] link_request dst=/6dee4caf17f87a1051504791002c8786/ ctx=00 hops=2
[tp] link_proof_tx dst=/6dee4caf17f87a1051504791002c8786/ link_id=/4476ee47c03ad47b444f84feadbf25a9/
[tp] link_data dst=/0d4423b579c9233a3b99abd9b0c82aaa/ ctx=fc len=80
[tp] path_request dest=/995cc3851347f138f51af73d182d5e1d/ iface=/d86e8112f3c4c4442126f8e9f44f1686/
[tp] path_request dest=/e792a1b9b43cc8b95d12ecd2d1d3e8b2/ iface=/d86e8112f3c4c4442126f8e9f44f1686/
[tp] link_request dst=/6dee4caf17f87a1051504791002c8786/ ctx=00 hops=3
[tp] link_proof_tx dst=/6dee4caf17f87a1051504791002c8786/ link_id=/d5489362800ea0bb02c29b0b02299d2e/
[tp] link_data dst=/305d18abd99dae354b6eedb4671263c1/ ctx=fa len=1
[tp] link_data dst=/d5489362800ea0bb02c29b0b02299d2e/ ctx=fe len=64
[tp] link_data dst=/d5489362800ea0bb02c29b0b02299d2e/ ctx=fb len=192
[link] data_plain len=128 preview=cbd4a6d311ba97b671bd75d501e048cad1f23eba47622f0bde8eed57b0d56814
[tp] link_data dst=/d5489362800ea0bb02c29b0b02299d2e/ ctx=09 len=352
[link] data_plain len=302 preview=93cb41da6cb34b903fe5c41094fd9fd7b04a5caae5882616446bb9ef92c4202f
[tp] path_request dest=/b8bbfff472fe128873c9395a3ff8b353/ iface=/d86e8112f3c4c4442126f8e9f44f1686/
[tp] path_request dest=/b18bb3d4ac56c99c5ee4791d79496ca2/ iface=/d86e8112f3c4c4442126f8e9f44f1686/
[tp] path_request dest=/e792a1b9b43cc8b95d12ecd2d1d3e8b2/ iface=/d86e8112f3c4c4442126f8e9f44f1686/
[tp] path_request dest=/5df7a45daa0ddd5356d2e80da1b70d67/ iface=/d86e8112f3c4c4442126f8e9f44f1686/
[tp] path_request dest=/e36c13fd857732740ed3421a512e06aa/ iface=/d86e8112f3c4c4442126f8e9f44f1686/
[tp] path_request dest=/379f204da5a77a6c340f6fae26097054/ iface=/d86e8112f3c4c4442126f8e9f44f1686/
[tp] path_request dest=/e792a1b9b43cc8b95d12ecd2d1d3e8b2/ iface=/d86e8112f3c4c4442126f8e9f44f1686/
[tp] link_data dst=/903902a3d8a297a1d7911fdf5e46b11b/ ctx=fa len=1
[tp] path_request dest=/c69f216ed33d3834e67391b99aaa32f1/ iface=/d86e8112f3c4c4442126f8e9f44f1686/
[tp] link_data dst=/d5489362800ea0bb02c29b0b02299d2e/ ctx=fa len=1
[tp] link_request dst=/6dee4caf17f87a1051504791002c8786/ ctx=00 hops=2
[tp] link_proof_tx dst=/6dee4caf17f87a1051504791002c8786/ link_id=/e666c042eace2c9e1d4a353a5138880e/
[tp] link_data dst=/e666c042eace2c9e1d4a353a5138880e/ ctx=fe len=64
[tp] link_data dst=/e666c042eace2c9e1d4a353a5138880e/ ctx=fb len=192
[link] data_plain len=128 preview=35e65fe12a80ee3d00278ef932383927bd791670aa6a7f7a029c1a472045933f
[tp] path_request dest=/995cc3851347f138f51af73d182d5e1d/ iface=/d86e8112f3c4c4442126f8e9f44f1686/
[tp] send_proof dst=/e666c042eace2c9e1d4a353a5138880e/ ctx=05
[tp] link_data dst=/e666c042eace2c9e1d4a353a5138880e/ ctx=fc len=80
[tp] path_request dest=/5df7a45daa0ddd5356d2e80da1b70d67/ iface=/d86e8112f3c4c4442126f8e9f44f1686/
[tp] path_request dest=/0ffa0968a18cb499c260e774cd3d9f28/ iface=/d86e8112f3c4c4442126f8e9f44f1686/
[tp] path_request dest=/b8bbfff472fe128873c9395a3ff8b353/ iface=/d86e8112f3c4c4442126f8e9f44f1686/
[tp] link_data dst=/305d18abd99dae354b6eedb4671263c1/ ctx=fa len=1
[tp] path_request dest=/58681bf71893d092811b7b97b6f767cf/ iface=/d86e8112f3c4c4442126f8e9f44f1686/
[tp] link_data dst=/305d18abd99dae354b6eedb4671263c1/ ctx=fc len=80
[tp] link_request dst=/6dee4caf17f87a1051504791002c8786/ ctx=00 hops=2
[tp] link_proof_tx dst=/6dee4caf17f87a1051504791002c8786/ link_id=/2db74419bbb4f9dc20bff2632226bf8b/
[tp] link_data dst=/2db74419bbb4f9dc20bff2632226bf8b/ ctx=fe len=64
[tp] link_data dst=/2db74419bbb4f9dc20bff2632226bf8b/ ctx=fb len=192
[link] data_plain len=128 preview=35e65fe12a80ee3d00278ef932383927bd791670aa6a7f7a029c1a472045933f
[tp] send_proof dst=/2db74419bbb4f9dc20bff2632226bf8b/ ctx=05
[tp] link_data dst=/2db74419bbb4f9dc20bff2632226bf8b/ ctx=fc len=80
[tp] path_request dest=/a3dfea289534e4b2d0f5730310eebd99/ iface=/d86e8112f3c4c4442126f8e9f44f1686/
[tp] link_request dst=/6dee4caf17f87a1051504791002c8786/ ctx=00 hops=1
[tp] link_proof_tx dst=/6dee4caf17f87a1051504791002c8786/ link_id=/59fa0c5a35da8ddb4e0c6d0e26487eb8/
[tp] link_data dst=/59fa0c5a35da8ddb4e0c6d0e26487eb8/ ctx=fe len=64
[tp] link_data dst=/59fa0c5a35da8ddb4e0c6d0e26487eb8/ ctx=fb len=192
[link] data_plain len=128 preview=95f352c28e2489f68900d3a838d200df15e66c41ff1e98a3e7cfc71a15c7317d
[tp] path_request dest=/34b2d5e6e88abd17de1616d24ab7a66f/ iface=/d86e8112f3c4c4442126f8e9f44f1686/
[tp] path_request dest=/12cb1ed29943213839f0b0d18cd42761/ iface=/d86e8112f3c4c4442126f8e9f44f1686/
[tp] path_request dest=/5df7a45daa0ddd5356d2e80da1b70d67/ iface=/d86e8112f3c4c4442126f8e9f44f1686/
[tp] path_request dest=/e36c13fd857732740ed3421a512e06aa/ iface=/d86e8112f3c4c4442126f8e9f44f1686/
[tp] link_request dst=/6dee4caf17f87a1051504791002c8786/ ctx=00 hops=2
[tp] link_proof_tx dst=/6dee4caf17f87a1051504791002c8786/ link_id=/c8447711b043eb44d81edbae63829e88/
[tp] link_data dst=/c8447711b043eb44d81edbae63829e88/ ctx=fe len=64
[tp] link_data dst=/c8447711b043eb44d81edbae63829e88/ ctx=fb len=192
[link] data_plain len=128 preview=35e65fe12a80ee3d00278ef932383927bd791670aa6a7f7a029c1a472045933f
[tp] send_proof dst=/c8447711b043eb44d81edbae63829e88/ ctx=05
[tp] path_request dest=/27cb9b4d5efe44c5badb81d12c15d216/ iface=/d86e8112f3c4c4442126f8e9f44f1686/
[tp] link_data dst=/d5489362800ea0bb02c29b0b02299d2e/ ctx=fa len=1
[tp] link_data dst=/c8447711b043eb44d81edbae63829e88/ ctx=fc len=80
[tp] link_data dst=/d5489362800ea0bb02c29b0b02299d2e/ ctx=fc len=80
[tp] link_request dst=/6dee4caf17f87a1051504791002c8786/ ctx=00 hops=2
[tp] link_proof_tx dst=/6dee4caf17f87a1051504791002c8786/ link_id=/a3ab26d0c9642117604ef2998fb73ed5/
[tp] link_data dst=/a3ab26d0c9642117604ef2998fb73ed5/ ctx=fe len=64
[tp] link_data dst=/a3ab26d0c9642117604ef2998fb73ed5/ ctx=fb len=192
[link] data_plain len=128 preview=35e65fe12a80ee3d00278ef932383927bd791670aa6a7f7a029c1a472045933f
[tp] link_request dst=/6dee4caf17f87a1051504791002c8786/ ctx=00 hops=3
[tp] link_proof_tx dst=/6dee4caf17f87a1051504791002c8786/ link_id=/a6cc8252fcb9f41b74e0818638f7e771/
[tp] path_request dest=/b8bbfff472fe128873c9395a3ff8b353/ iface=/d86e8112f3c4c4442126f8e9f44f1686/
[tp] send_proof dst=/a3ab26d0c9642117604ef2998fb73ed5/ ctx=05
[tp] path_request dest=/5df7a45daa0ddd5356d2e80da1b70d67/ iface=/d86e8112f3c4c4442126f8e9f44f1686/
[tp] path_request dest=/12cb1ed29943213839f0b0d18cd42761/ iface=/d86e8112f3c4c4442126f8e9f44f1686/
[tp] link_request dst=/6dee4caf17f87a1051504791002c8786/ ctx=00 hops=3
[tp] link_proof_tx dst=/6dee4caf17f87a1051504791002c8786/ link_id=/00ad96c14b78ec0f8aac4484baa11a14/
[tp] link_data dst=/00ad96c14b78ec0f8aac4484baa11a14/ ctx=fe len=64
[tp] link_data dst=/00ad96c14b78ec0f8aac4484baa11a14/ ctx=fb len=192
[link] data_plain len=128 preview=cbd4a6d311ba97b671bd75d501e048cad1f23eba47622f0bde8eed57b0d56814
[tp] link_data dst=/59fa0c5a35da8ddb4e0c6d0e26487eb8/ ctx=fa len=1
[tp] path_request dest=/a3dfea289534e4b2d0f5730310eebd99/ iface=/d86e8112f3c4c4442126f8e9f44f1686/
[tp] link_data dst=/903902a3d8a297a1d7911fdf5e46b11b/ ctx=fa len=1
[tp] path_request dest=/9f8f5e1463c4bd66c91058e42eb1c0f9/ iface=/d86e8112f3c4c4442126f8e9f44f1686/
[tp] link_data dst=/903902a3d8a297a1d7911fdf5e46b11b/ ctx=fc len=80
[tp] path_request dest=/b8bbfff472fe128873c9395a3ff8b353/ iface=/d86e8112f3c4c4442126f8e9f44f1686/
[tp] path_request dest=/58681bf71893d092811b7b97b6f767cf/ iface=/d86e8112f3c4c4442126f8e9f44f1686/
[tp] path_request dest=/e233d8d7e9c5f61419d45138ef0d90ff/ iface=/d86e8112f3c4c4442126f8e9f44f1686/
[tp] path_request dest=/0b4f3d1743b8d9cb6554b87b0dc0d759/ iface=/d86e8112f3c4c4442126f8e9f44f1686/
[tp] path_request dest=/b3e49facbdf6ef62ed91ee8337730552/ iface=/d86e8112f3c4c4442126f8e9f44f1686/
[tp] link_request dst=/6dee4caf17f87a1051504791002c8786/ ctx=00 hops=2
[tp] link_proof_tx dst=/6dee4caf17f87a1051504791002c8786/ link_id=/4ce2bdacfc57a3d4bf5063a17afdc135/
[tp] link_data dst=/4ce2bdacfc57a3d4bf5063a17afdc135/ ctx=fe len=64
[tp] link_data dst=/4ce2bdacfc57a3d4bf5063a17afdc135/ ctx=fb len=192
[link] data_plain len=128 preview=caeb241290061ad1380b094471a8ab92b78aeb000a7b67d3c3af96b3825f2026
[tp] path_request dest=/12cb1ed29943213839f0b0d18cd42761/ iface=/d86e8112f3c4c4442126f8e9f44f1686/
[tp] path_request dest=/5df7a45daa0ddd5356d2e80da1b70d67/ iface=/d86e8112f3c4c4442126f8e9f44f1686/
[tp] path_request dest=/379f204da5a77a6c340f6fae26097054/ iface=/d86e8112f3c4c4442126f8e9f44f1686/
[tp] path_request dest=/27cb9b4d5efe44c5badb81d12c15d216/ iface=/d86e8112f3c4c4442126f8e9f44f1686/
[tp] path_request dest=/995cc3851347f138f51af73d182d5e1d/ iface=/d86e8112f3c4c4442126f8e9f44f1686/
[tp] link_data dst=/a3ab26d0c9642117604ef2998fb73ed5/ ctx=fc len=80
[tp] path_request dest=/0769357259e48819ea9194b6230b2cef/ iface=/d86e8112f3c4c4442126f8e9f44f1686/
[tp] path_request dest=/3a626e54bee82e0fd9dd2605fb3de5c6/ iface=/d86e8112f3c4c4442126f8e9f44f1686/
[tp] path_request dest=/58681bf71893d092811b7b97b6f767cf/ iface=/d86e8112f3c4c4442126f8e9f44f1686/
[tp] path_request dest=/b8bbfff472fe128873c9395a3ff8b353/ iface=/d86e8112f3c4c4442126f8e9f44f1686/
[tp] path_request dest=/4a890e0e7c0cc69df96c7d4db8992341/ iface=/d86e8112f3c4c4442126f8e9f44f1686/
[tp] link_data dst=/00ad96c14b78ec0f8aac4484baa11a14/ ctx=fa len=1
[tp] link_data dst=/029b8aba338a783febcc20606a57f424/ ctx=fa len=1
[tp] path_request dest=/e233d8d7e9c5f61419d45138ef0d90ff/ iface=/d86e8112f3c4c4442126f8e9f44f1686/
[tp] link_data dst=/4ce2bdacfc57a3d4bf5063a17afdc135/ ctx=fa len=1
[tp] path_request dest=/e36c13fd857732740ed3421a512e06aa/ iface=/d86e8112f3c4c4442126f8e9f44f1686/
[tp] link_request dst=/6dee4caf17f87a1051504791002c8786/ ctx=00 hops=2
[tp] link_proof_tx dst=/6dee4caf17f87a1051504791002c8786/ link_id=/d03a43d80cf7b669e04606494ea80e47/
[tp] link_data dst=/d03a43d80cf7b669e04606494ea80e47/ ctx=fe len=64
[tp] link_data dst=/d03a43d80cf7b669e04606494ea80e47/ ctx=fb len=192
[link] data_plain len=128 preview=35e65fe12a80ee3d00278ef932383927bd791670aa6a7f7a029c1a472045933f
[tp] send_proof dst=/d03a43d80cf7b669e04606494ea80e47/ ctx=05
[tp] path_request dest=/bd4090bc8e1eddbb7b2bf54494c64a46/ iface=/d86e8112f3c4c4442126f8e9f44f1686/
[tp] path_request dest=/12cb1ed29943213839f0b0d18cd42761/ iface=/d86e8112f3c4c4442126f8e9f44f1686/
[tp] path_request dest=/5df7a45daa0ddd5356d2e80da1b70d67/ iface=/d86e8112f3c4c4442126f8e9f44f1686/
[tp] link_data dst=/59fa0c5a35da8ddb4e0c6d0e26487eb8/ ctx=fa len=1
[tp] path_request dest=/a3dfea289534e4b2d0f5730310eebd99/ iface=/d86e8112f3c4c4442126f8e9f44f1686/
[tp] link_data dst=/d03a43d80cf7b669e04606494ea80e47/ ctx=fc len=80
[tp] path_request dest=/b18bb3d4ac56c99c5ee4791d79496ca2/ iface=/d86e8112f3c4c4442126f8e9f44f1686/
[tp] link_data dst=/59fa0c5a35da8ddb4e0c6d0e26487eb8/ ctx=fc len=80
[tp] path_request dest=/e233d8d7e9c5f61419d45138ef0d90ff/ iface=/d86e8112f3c4c4442126f8e9f44f1686/
[tp] path_request dest=/379f204da5a77a6c340f6fae26097054/ iface=/d86e8112f3c4c4442126f8e9f44f1686/
[tp] path_request dest=/b8bbfff472fe128873c9395a3ff8b353/ iface=/d86e8112f3c4c4442126f8e9f44f1686/
[tp] link_request dst=/6dee4caf17f87a1051504791002c8786/ ctx=00 hops=2
[tp] link_proof_tx dst=/6dee4caf17f87a1051504791002c8786/ link_id=/1396fa6a761c63944544287c648ae686/
[tp] link_data dst=/1396fa6a761c63944544287c648ae686/ ctx=fe len=64
[tp] link_data dst=/1396fa6a761c63944544287c648ae686/ ctx=fb len=192
[link] data_plain len=128 preview=35e65fe12a80ee3d00278ef932383927bd791670aa6a7f7a029c1a472045933f
[tp] send_proof dst=/1396fa6a761c63944544287c648ae686/ ctx=05
[tp] link_data dst=/4ce2bdacfc57a3d4bf5063a17afdc135/ ctx=fa len=1
[tp] link_request dst=/6dee4caf17f87a1051504791002c8786/ ctx=00 hops=1
[tp] link_proof_tx dst=/6dee4caf17f87a1051504791002c8786/ link_id=/26e895679d535d6a953789a5387693ab/
[tp] link_data dst=/26e895679d535d6a953789a5387693ab/ ctx=fe len=64
[tp] link_data dst=/26e895679d535d6a953789a5387693ab/ ctx=fb len=192
[link] data_plain len=128 preview=95f352c28e2489f68900d3a838d200df15e66c41ff1e98a3e7cfc71a15c7317d
[tp] link_data dst=/00ad96c14b78ec0f8aac4484baa11a14/ ctx=fa len=1
[tp] link_data dst=/4ce2bdacfc57a3d4bf5063a17afdc135/ ctx=fc len=80
[tp] link_data dst=/00ad96c14b78ec0f8aac4484baa11a14/ ctx=fc len=80
[tp] link_data dst=/1396fa6a761c63944544287c648ae686/ ctx=fc len=80
[tp] path_request dest=/995cc3851347f138f51af73d182d5e1d/ iface=/d86e8112f3c4c4442126f8e9f44f1686/
[tp] path_request dest=/12cb1ed29943213839f0b0d18cd42761/ iface=/d86e8112f3c4c4442126f8e9f44f1686/
[tp] path_request dest=/0ffa0968a18cb499c260e774cd3d9f28/ iface=/d86e8112f3c4c4442126f8e9f44f1686/
[tp] path_request dest=/5df7a45daa0ddd5356d2e80da1b70d67/ iface=/d86e8112f3c4c4442126f8e9f44f1686/
[tp] link_request dst=/6dee4caf17f87a1051504791002c8786/ ctx=00 hops=2
[tp] link_proof_tx dst=/6dee4caf17f87a1051504791002c8786/ link_id=/a4d8f617a128ea290fe146fa8ae005f0/
[tp] path_request dest=/965511769c059271e655c503e810a670/ iface=/d86e8112f3c4c4442126f8e9f44f1686/
[tp] link_data dst=/a4d8f617a128ea290fe146fa8ae005f0/ ctx=fe len=64
[tp] link_data dst=/a4d8f617a128ea290fe146fa8ae005f0/ ctx=fb len=192
[link] data_plain len=128 preview=caeb241290061ad1380b094471a8ab92b78aeb000a7b67d3c3af96b3825f2026
[tp] path_request dest=/b8bbfff472fe128873c9395a3ff8b353/ iface=/d86e8112f3c4c4442126f8e9f44f1686/
[tp] link_request dst=/6dee4caf17f87a1051504791002c8786/ ctx=00 hops=2
[tp] link_proof_tx dst=/6dee4caf17f87a1051504791002c8786/ link_id=/b89d0bc565c52d483388d5a614e5bd5b/
[tp] link_data dst=/b89d0bc565c52d483388d5a614e5bd5b/ ctx=fe len=64
[tp] link_data dst=/b89d0bc565c52d483388d5a614e5bd5b/ ctx=fb len=192
[link] data_plain len=128 preview=35e65fe12a80ee3d00278ef932383927bd791670aa6a7f7a029c1a472045933f
[tp] send_proof dst=/b89d0bc565c52d483388d5a614e5bd5b/ ctx=05
[tp] path_request dest=/5df7a45daa0ddd5356d2e80da1b70d67/ iface=/d86e8112f3c4c4442126f8e9f44f1686/
[tp] path_request dest=/234eed3d3775eb1e29cf5a3842961c25/ iface=/d86e8112f3c4c4442126f8e9f44f1686/
[tp] path_request dest=/a3dfea289534e4b2d0f5730310eebd99/ iface=/d86e8112f3c4c4442126f8e9f44f1686/
[tp] path_request dest=/834701c17eb313e879d7e3b572fa8f06/ iface=/d86e8112f3c4c4442126f8e9f44f1686/
[tp] link_data dst=/b89d0bc565c52d483388d5a614e5bd5b/ ctx=fc len=80
[tp] path_request dest=/c04ed3e589c8a6621bb166c913b0a330/ iface=/d86e8112f3c4c4442126f8e9f44f1686/
[tp] link_data dst=/a4d8f617a128ea290fe146fa8ae005f0/ ctx=fa len=1
[tp] link_data dst=/26e895679d535d6a953789a5387693ab/ ctx=fa len=1
[tp] path_request dest=/12cb1ed29943213839f0b0d18cd42761/ iface=/d86e8112f3c4c4442126f8e9f44f1686/
[tp] link_request dst=/6dee4caf17f87a1051504791002c8786/ ctx=00 hops=3
[tp] link_proof_tx dst=/6dee4caf17f87a1051504791002c8786/ link_id=/0d4b5a620c8d34eeceeeca900531fd6f/
[tp] link_data dst=/0d4b5a620c8d34eeceeeca900531fd6f/ ctx=fe len=64
[tp] link_data dst=/0d4b5a620c8d34eeceeeca900531fd6f/ ctx=fb len=192
[link] data_plain len=128 preview=cbd4a6d311ba97b671bd75d501e048cad1f23eba47622f0bde8eed57b0d56814
[tp] path_request dest=/b18bb3d4ac56c99c5ee4791d79496ca2/ iface=/d86e8112f3c4c4442126f8e9f44f1686/
[tp] path_request dest=/e233d8d7e9c5f61419d45138ef0d90ff/ iface=/d86e8112f3c4c4442126f8e9f44f1686/
[tp] path_request dest=/5df7a45daa0ddd5356d2e80da1b70d67/ iface=/d86e8112f3c4c4442126f8e9f44f1686/
[tp] path_request dest=/bd4090bc8e1eddbb7b2bf54494c64a46/ iface=/d86e8112f3c4c4442126f8e9f44f1686/
[tp] path_request dest=/234eed3d3775eb1e29cf5a3842961c25/ iface=/d86e8112f3c4c4442126f8e9f44f1686/
[tp] path_request dest=/995cc3851347f138f51af73d182d5e1d/ iface=/d86e8112f3c4c4442126f8e9f44f1686/
[tp] link_request dst=/6dee4caf17f87a1051504791002c8786/ ctx=00 hops=2
[tp] link_proof_tx dst=/6dee4caf17f87a1051504791002c8786/ link_id=/00f5a4d8940ec3484c71095dff0ea8e9/
[tp] link_data dst=/00f5a4d8940ec3484c71095dff0ea8e9/ ctx=fe len=64
[tp] link_data dst=/00f5a4d8940ec3484c71095dff0ea8e9/ ctx=fb len=192
[link] data_plain len=128 preview=35e65fe12a80ee3d00278ef932383927bd791670aa6a7f7a029c1a472045933f
[tp] send_proof dst=/00f5a4d8940ec3484c71095dff0ea8e9/ ctx=05
[tp] link_data dst=/a4d8f617a128ea290fe146fa8ae005f0/ ctx=fa len=1
[tp] path_request dest=/b8bbfff472fe128873c9395a3ff8b353/ iface=/d86e8112f3c4c4442126f8e9f44f1686/
[tp] link_data dst=/a4d8f617a128ea290fe146fa8ae005f0/ ctx=fc len=80
[tp] path_request dest=/b18bb3d4ac56c99c5ee4791d79496ca2/ iface=/d86e8112f3c4c4442126f8e9f44f1686/
[tp] link_request dst=/6dee4caf17f87a1051504791002c8786/ ctx=00 hops=2
[tp] link_proof_tx dst=/6dee4caf17f87a1051504791002c8786/ link_id=/82862d56a6b7f23a643dc4f2bb3a1288/
[tp] link_data dst=/82862d56a6b7f23a643dc4f2bb3a1288/ ctx=fe len=64
[tp] link_data dst=/82862d56a6b7f23a643dc4f2bb3a1288/ ctx=fb len=192
[link] data_plain len=128 preview=caeb241290061ad1380b094471a8ab92b78aeb000a7b67d3c3af96b3825f2026
[tp] path_request dest=/e233d8d7e9c5f61419d45138ef0d90ff/ iface=/d86e8112f3c4c4442126f8e9f44f1686/
[tp] path_request dest=/5df7a45daa0ddd5356d2e80da1b70d67/ iface=/d86e8112f3c4c4442126f8e9f44f1686/
[tp] link_data dst=/00f5a4d8940ec3484c71095dff0ea8e9/ ctx=fc len=80
[tp] path_request dest=/12cb1ed29943213839f0b0d18cd42761/ iface=/d86e8112f3c4c4442126f8e9f44f1686/
[tp] path_request dest=/a3dfea289534e4b2d0f5730310eebd99/ iface=/d86e8112f3c4c4442126f8e9f44f1686/
[tp] path_request dest=/234eed3d3775eb1e29cf5a3842961c25/ iface=/d86e8112f3c4c4442126f8e9f44f1686/
[tp] path_request dest=/b18bb3d4ac56c99c5ee4791d79496ca2/ iface=/d86e8112f3c4c4442126f8e9f44f1686/
[tp] path_request dest=/c04ed3e589c8a6621bb166c913b0a330/ iface=/d86e8112f3c4c4442126f8e9f44f1686/
[tp] path_request dest=/60dcab5ef4e2a7fdd1154128a826c00b/ iface=/d86e8112f3c4c4442126f8e9f44f1686/
[tp] link_data dst=/26e895679d535d6a953789a5387693ab/ ctx=fa len=1
[tp] link_data dst=/26e895679d535d6a953789a5387693ab/ ctx=fc len=80
[tp] link_data dst=/82862d56a6b7f23a643dc4f2bb3a1288/ ctx=fa len=1
[tp] path_request dest=/c11629bc8f0a0c4570588fd987770315/ iface=/d86e8112f3c4c4442126f8e9f44f1686/
[tp] path_request dest=/b8bbfff472fe128873c9395a3ff8b353/ iface=/d86e8112f3c4c4442126f8e9f44f1686/
[tp] path_request dest=/12cb1ed29943213839f0b0d18cd42761/ iface=/d86e8112f3c4c4442126f8e9f44f1686/
[tp] path_request dest=/234eed3d3775eb1e29cf5a3842961c25/ iface=/d86e8112f3c4c4442126f8e9f44f1686/
[tp] link_request dst=/6dee4caf17f87a1051504791002c8786/ ctx=00 hops=1
[tp] link_proof_tx dst=/6dee4caf17f87a1051504791002c8786/ link_id=/a1bace58609d06e801736270c9460664/
[tp] path_request dest=/995cc3851347f138f51af73d182d5e1d/ iface=/d86e8112f3c4c4442126f8e9f44f1686/
[tp] link_data dst=/a1bace58609d06e801736270c9460664/ ctx=fe len=64
[tp] link_data dst=/a1bace58609d06e801736270c9460664/ ctx=fb len=192
[link] data_plain len=128 preview=95f352c28e2489f68900d3a838d200df15e66c41ff1e98a3e7cfc71a15c7317d
[tp] path_request dest=/bd4090bc8e1eddbb7b2bf54494c64a46/ iface=/d86e8112f3c4c4442126f8e9f44f1686/
[tp] link_request dst=/6dee4caf17f87a1051504791002c8786/ ctx=00 hops=1
[tp] link_proof_tx dst=/6dee4caf17f87a1051504791002c8786/ link_id=/82c04cd7ef837f939be5b72b2f6b488d/
[tp] link_data dst=/82c04cd7ef837f939be5b72b2f6b488d/ ctx=fe len=64
[tp] link_data dst=/82c04cd7ef837f939be5b72b2f6b488d/ ctx=fb len=192
[link] data_plain len=128 preview=78ee4c4fac7d04c38ceadd1a0700ca468295ff3ee01d2ed573590cf03e21021d
[tp] link_request dst=/6dee4caf17f87a1051504791002c8786/ ctx=00 hops=2
[tp] link_proof_tx dst=/6dee4caf17f87a1051504791002c8786/ link_id=/fa8a7dc3031e9e61038adef7bb0ae2f6/
[tp] link_data dst=/fa8a7dc3031e9e61038adef7bb0ae2f6/ ctx=fe len=64
[tp] link_data dst=/fa8a7dc3031e9e61038adef7bb0ae2f6/ ctx=fb len=192
[link] data_plain len=128 preview=35e65fe12a80ee3d00278ef932383927bd791670aa6a7f7a029c1a472045933f
[tp] send_proof dst=/fa8a7dc3031e9e61038adef7bb0ae2f6/ ctx=05
[tp] link_data dst=/fa8a7dc3031e9e61038adef7bb0ae2f6/ ctx=fc len=80
[tp] path_request dest=/6829ee168393fdfc9a1362101b97146f/ iface=/d86e8112f3c4c4442126f8e9f44f1686/
[tp] path_request dest=/c89b4da064bf66d280f0e4d8abfd9806/ iface=/d86e8112f3c4c4442126f8e9f44f1686/
[tp] path_request dest=/a3dfea289534e4b2d0f5730310eebd99/ iface=/d86e8112f3c4c4442126f8e9f44f1686/
[tp] path_request dest=/bd4090bc8e1eddbb7b2bf54494c64a46/ iface=/d86e8112f3c4c4442126f8e9f44f1686/
[tp] path_request dest=/12cb1ed29943213839f0b0d18cd42761/ iface=/d86e8112f3c4c4442126f8e9f44f1686/
[tp] link_request dst=/6dee4caf17f87a1051504791002c8786/ ctx=00 hops=1
[tp] link_proof_tx dst=/6dee4caf17f87a1051504791002c8786/ link_id=/34602f1a7f5bcb1bae1a7ffbb447f1f0/
[tp] link_data dst=/34602f1a7f5bcb1bae1a7ffbb447f1f0/ ctx=fe len=64
[tp] link_data dst=/34602f1a7f5bcb1bae1a7ffbb447f1f0/ ctx=fb len=192
[link] data_plain len=128 preview=23011440193a10852f127547bb213727b07ce0a385b1ff3c1975621c6f04fb6d
[tp] link_data dst=/82862d56a6b7f23a643dc4f2bb3a1288/ ctx=fa len=1
[tp] path_request dest=/a15f32cc809931cb4fcdf27adbe05aa6/ iface=/d86e8112f3c4c4442126f8e9f44f1686/
[tp] path_request dest=/3745a3f11db6030944f4464abc750f20/ iface=/d86e8112f3c4c4442126f8e9f44f1686/
[tp] path_request dest=/58681bf71893d092811b7b97b6f767cf/ iface=/d86e8112f3c4c4442126f8e9f44f1686/
[tp] link_data dst=/82862d56a6b7f23a643dc4f2bb3a1288/ ctx=fc len=80
[tp] path_request dest=/b8bbfff472fe128873c9395a3ff8b353/ iface=/d86e8112f3c4c4442126f8e9f44f1686/
[tp] link_request dst=/6dee4caf17f87a1051504791002c8786/ ctx=00 hops=2
[tp] link_proof_tx dst=/6dee4caf17f87a1051504791002c8786/ link_id=/38ee46339e5400599dbbf45365840aba/
[tp] link_data dst=/38ee46339e5400599dbbf45365840aba/ ctx=fe len=64
[tp] link_data dst=/38ee46339e5400599dbbf45365840aba/ ctx=fb len=192
[link] data_plain len=128 preview=35e65fe12a80ee3d00278ef932383927bd791670aa6a7f7a029c1a472045933f
[tp] send_proof dst=/38ee46339e5400599dbbf45365840aba/ ctx=05
[tp] link_data dst=/82c04cd7ef837f939be5b72b2f6b488d/ ctx=fa len=1
[tp] link_data dst=/38ee46339e5400599dbbf45365840aba/ ctx=fc len=80
[tp] path_request dest=/6829ee168393fdfc9a1362101b97146f/ iface=/d86e8112f3c4c4442126f8e9f44f1686/
[tp] link_data dst=/a1bace58609d06e801736270c9460664/ ctx=fa len=1
[tp] path_request dest=/a15f32cc809931cb4fcdf27adbe05aa6/ iface=/d86e8112f3c4c4442126f8e9f44f1686/
[tp] link_request dst=/6dee4caf17f87a1051504791002c8786/ ctx=00 hops=2
[tp] link_proof_tx dst=/6dee4caf17f87a1051504791002c8786/ link_id=/034c2ee36bfabc30d2dd0040ce3e0a6c/
[tp] link_data dst=/034c2ee36bfabc30d2dd0040ce3e0a6c/ ctx=fe len=64
[tp] link_data dst=/034c2ee36bfabc30d2dd0040ce3e0a6c/ ctx=fb len=192
[link] data_plain len=128 preview=35e65fe12a80ee3d00278ef932383927bd791670aa6a7f7a029c1a472045933f
[tp] send_proof dst=/034c2ee36bfabc30d2dd0040ce3e0a6c/ ctx=05
[tp] link_data dst=/0d4b5a620c8d34eeceeeca900531fd6f/ ctx=fa len=1
[tp] path_request dest=/58681bf71893d092811b7b97b6f767cf/ iface=/d86e8112f3c4c4442126f8e9f44f1686/
[tp] path_request dest=/12cb1ed29943213839f0b0d18cd42761/ iface=/d86e8112f3c4c4442126f8e9f44f1686/
[tp] link_request dst=/6dee4caf17f87a1051504791002c8786/ ctx=00 hops=2
[tp] link_proof_tx dst=/6dee4caf17f87a1051504791002c8786/ link_id=/c43bdd7eeddfe624f4060718d2b807f0/
[tp] link_data dst=/c43bdd7eeddfe624f4060718d2b807f0/ ctx=fe len=64
[tp] link_data dst=/c43bdd7eeddfe624f4060718d2b807f0/ ctx=fb len=192
[link] data_plain len=128 preview=caeb241290061ad1380b094471a8ab92b78aeb000a7b67d3c3af96b3825f2026
[tp] path_request dest=/6829ee168393fdfc9a1362101b97146f/ iface=/d86e8112f3c4c4442126f8e9f44f1686/
[tp] path_request dest=/995cc3851347f138f51af73d182d5e1d/ iface=/d86e8112f3c4c4442126f8e9f44f1686/
[tp] link_data dst=/034c2ee36bfabc30d2dd0040ce3e0a6c/ ctx=fc len=80
[tp] path_request dest=/bd4090bc8e1eddbb7b2bf54494c64a46/ iface=/d86e8112f3c4c4442126f8e9f44f1686/
[tp] link_request dst=/6dee4caf17f87a1051504791002c8786/ ctx=00 hops=1
[tp] link_proof_tx dst=/6dee4caf17f87a1051504791002c8786/ link_id=/d94a42af491b0395de2a2d839194448f/
[tp] link_data dst=/d94a42af491b0395de2a2d839194448f/ ctx=fe len=64
[tp] link_data dst=/d94a42af491b0395de2a2d839194448f/ ctx=fb len=192
[link] data_plain len=128 preview=613388bb8ecd27a4c8d93a2f12130260f688712331871c5385e4006e631b2257
[tp] path_request dest=/a15f32cc809931cb4fcdf27adbe05aa6/ iface=/d86e8112f3c4c4442126f8e9f44f1686/
[tp] path_request dest=/b8bbfff472fe128873c9395a3ff8b353/ iface=/d86e8112f3c4c4442126f8e9f44f1686/
[tp] path_request dest=/a3dfea289534e4b2d0f5730310eebd99/ iface=/d86e8112f3c4c4442126f8e9f44f1686/
[tp] link_data dst=/34602f1a7f5bcb1bae1a7ffbb447f1f0/ ctx=fa len=1
[tp] link_data dst=/82c04cd7ef837f939be5b72b2f6b488d/ ctx=fa len=1
[tp] link_data dst=/82c04cd7ef837f939be5b72b2f6b488d/ ctx=fc len=80
[tp] path_request dest=/965511769c059271e655c503e810a670/ iface=/d86e8112f3c4c4442126f8e9f44f1686/
[tp] path_request dest=/12cb1ed29943213839f0b0d18cd42761/ iface=/d86e8112f3c4c4442126f8e9f44f1686/
[tp] path_request dest=/6829ee168393fdfc9a1362101b97146f/ iface=/d86e8112f3c4c4442126f8e9f44f1686/
[tp] path_request dest=/bd4090bc8e1eddbb7b2bf54494c64a46/ iface=/d86e8112f3c4c4442126f8e9f44f1686/
[tp] link_data dst=/c43bdd7eeddfe624f4060718d2b807f0/ ctx=fa len=1
[tp] path_request dest=/b8bbfff472fe128873c9395a3ff8b353/ iface=/d86e8112f3c4c4442126f8e9f44f1686/
[tp] link_data dst=/d94a42af491b0395de2a2d839194448f/ ctx=fa len=1
[tp] link_request dst=/6dee4caf17f87a1051504791002c8786/ ctx=00 hops=2
[tp] link_proof_tx dst=/6dee4caf17f87a1051504791002c8786/ link_id=/4fc7185fe98ff8524b4f787b5e42ac96/
[tp] link_data dst=/4fc7185fe98ff8524b4f787b5e42ac96/ ctx=fe len=64
[tp] link_data dst=/4fc7185fe98ff8524b4f787b5e42ac96/ ctx=fb len=192
[link] data_plain len=128 preview=1b599a71ed6a929084c48c8f1ef3621f995f1fab242197d824024fb4f6f4d551
[tp] link_data dst=/4fc7185fe98ff8524b4f787b5e42ac96/ ctx=09 len=400
[link] data_plain len=336 preview=93cb41da6cb3da652ab0c41094fd9fd7b04a5caae5882616446bb9ef92c420c2
[tp] link_request dst=/6dee4caf17f87a1051504791002c8786/ ctx=00 hops=2
[tp] link_proof_tx dst=/6dee4caf17f87a1051504791002c8786/ link_id=/d43573c9e84909f236b7d7ffaa41c02d/
[tp] path_request dest=/58681bf71893d092811b7b97b6f767cf/ iface=/d86e8112f3c4c4442126f8e9f44f1686/
[tp] path_request dest=/a15f32cc809931cb4fcdf27adbe05aa6/ iface=/d86e8112f3c4c4442126f8e9f44f1686/
[tp] link_data dst=/a1bace58609d06e801736270c9460664/ ctx=fa len=1
[tp] link_data dst=/029b8aba338a783febcc20606a57f424/ ctx=fa len=1
[tp] path_request dest=/6829ee168393fdfc9a1362101b97146f/ iface=/d86e8112f3c4c4442126f8e9f44f1686/
[tp] path_request dest=/c89b4da064bf66d280f0e4d8abfd9806/ iface=/d86e8112f3c4c4442126f8e9f44f1686/
[tp] path_request dest=/8713ae20dc6d5c2ec0ca458dfb5b3971/ iface=/d86e8112f3c4c4442126f8e9f44f1686/
[tp] path_request dest=/995cc3851347f138f51af73d182d5e1d/ iface=/d86e8112f3c4c4442126f8e9f44f1686/
[tp] link_data dst=/a1bace58609d06e801736270c9460664/ ctx=fc len=80
[tp] link_data dst=/029b8aba338a783febcc20606a57f424/ ctx=fc len=80
[tp] link_request dst=/6dee4caf17f87a1051504791002c8786/ ctx=00 hops=2
[tp] link_proof_tx dst=/6dee4caf17f87a1051504791002c8786/ link_id=/08145dfaad81da18680a11995333953e/
[tp] path_request dest=/bd4090bc8e1eddbb7b2bf54494c64a46/ iface=/d86e8112f3c4c4442126f8e9f44f1686/
[tp] link_data dst=/08145dfaad81da18680a11995333953e/ ctx=fe len=64
[tp] link_data dst=/08145dfaad81da18680a11995333953e/ ctx=fb len=192
[link] data_plain len=128 preview=35e65fe12a80ee3d00278ef932383927bd791670aa6a7f7a029c1a472045933f
[tp] send_proof dst=/08145dfaad81da18680a11995333953e/ ctx=05
[tp] path_request dest=/cc06ea9f6af65e89550285ff23629512/ iface=/d86e8112f3c4c4442126f8e9f44f1686/
[tp] link_data dst=/c43bdd7eeddfe624f4060718d2b807f0/ ctx=fa len=1
[tp] link_data dst=/d94a42af491b0395de2a2d839194448f/ ctx=fa len=1
[tp] path_request dest=/eaf9f0686d095ba84df81f2b91701a16/ iface=/d86e8112f3c4c4442126f8e9f44f1686/
[tp] link_data dst=/c43bdd7eeddfe624f4060718d2b807f0/ ctx=fc len=80
[tp] link_request dst=/6dee4caf17f87a1051504791002c8786/ ctx=00 hops=2
[tp] link_proof_tx dst=/6dee4caf17f87a1051504791002c8786/ link_id=/1f5bfbd7f947a7fe54e92c87eb31ec0e/
[tp] link_data dst=/1f5bfbd7f947a7fe54e92c87eb31ec0e/ ctx=fe len=64
[tp] link_data dst=/1f5bfbd7f947a7fe54e92c87eb31ec0e/ ctx=fb len=192
[link] data_plain len=128 preview=cc343d204fc536882689c77cbddfe144b3cf8abc90165e8a859ee48a492f4b0c
[tp] link_data dst=/d94a42af491b0395de2a2d839194448f/ ctx=fc len=80
[tp] path_request dest=/6829ee168393fdfc9a1362101b97146f/ iface=/d86e8112f3c4c4442126f8e9f44f1686/
[tp] path_request dest=/a15f32cc809931cb4fcdf27adbe05aa6/ iface=/d86e8112f3c4c4442126f8e9f44f1686/
[tp] path_request dest=/12cb1ed29943213839f0b0d18cd42761/ iface=/d86e8112f3c4c4442126f8e9f44f1686/
[tp] path_request dest=/b8bbfff472fe128873c9395a3ff8b353/ iface=/d86e8112f3c4c4442126f8e9f44f1686/
[tp] path_request dest=/58681bf71893d092811b7b97b6f767cf/ iface=/d86e8112f3c4c4442126f8e9f44f1686/
[tp] path_request dest=/e233d8d7e9c5f61419d45138ef0d90ff/ iface=/d86e8112f3c4c4442126f8e9f44f1686/
[tp] link_request dst=/6dee4caf17f87a1051504791002c8786/ ctx=00 hops=4
[tp] link_proof_tx dst=/6dee4caf17f87a1051504791002c8786/ link_id=/7e1e80ae7176036571bbabd393104471/
[tp] link_request dst=/6dee4caf17f87a1051504791002c8786/ ctx=00 hops=1
[tp] link_proof_tx dst=/6dee4caf17f87a1051504791002c8786/ link_id=/e570cd78224e3b4ee1bf0ab603b1417d/
[tp] link_data dst=/e570cd78224e3b4ee1bf0ab603b1417d/ ctx=fe len=64
[tp] link_data dst=/e570cd78224e3b4ee1bf0ab603b1417d/ ctx=fb len=192
[link] data_plain len=128 preview=613388bb8ecd27a4c8d93a2f12130260f688712331871c5385e4006e631b2257
[tp] path_request dest=/a3dfea289534e4b2d0f5730310eebd99/ iface=/d86e8112f3c4c4442126f8e9f44f1686/
[tp] link_data dst=/34602f1a7f5bcb1bae1a7ffbb447f1f0/ ctx=fa len=1
[tp] link_data dst=/4fc7185fe98ff8524b4f787b5e42ac96/ ctx=fa len=1
[tp] path_request dest=/6829ee168393fdfc9a1362101b97146f/ iface=/d86e8112f3c4c4442126f8e9f44f1686/
[tp] link_data dst=/34602f1a7f5bcb1bae1a7ffbb447f1f0/ ctx=fc len=80
[tp] link_data dst=/08145dfaad81da18680a11995333953e/ ctx=fc len=80
[tp] link_request dst=/6dee4caf17f87a1051504791002c8786/ ctx=00 hops=2
[tp] link_proof_tx dst=/6dee4caf17f87a1051504791002c8786/ link_id=/e997f67ac062eb99755cf5c9cca86fe3/
[tp] path_request dest=/a15f32cc809931cb4fcdf27adbe05aa6/ iface=/d86e8112f3c4c4442126f8e9f44f1686/
[tp] link_data dst=/e997f67ac062eb99755cf5c9cca86fe3/ ctx=fe len=64
[tp] link_data dst=/e997f67ac062eb99755cf5c9cca86fe3/ ctx=fb len=192
[link] data_plain len=128 preview=35e65fe12a80ee3d00278ef932383927bd791670aa6a7f7a029c1a472045933f
[tp] send_proof dst=/e997f67ac062eb99755cf5c9cca86fe3/ ctx=05
[tp] path_request dest=/58681bf71893d092811b7b97b6f767cf/ iface=/d86e8112f3c4c4442126f8e9f44f1686/
[tp] link_data dst=/e570cd78224e3b4ee1bf0ab603b1417d/ ctx=fa len=1
[tp] path_request dest=/6829ee168393fdfc9a1362101b97146f/ iface=/d86e8112f3c4c4442126f8e9f44f1686/
[tp] link_request dst=/6dee4caf17f87a1051504791002c8786/ ctx=00 hops=2
[tp] link_proof_tx dst=/6dee4caf17f87a1051504791002c8786/ link_id=/53cb5aeb35043e74eb4625b0669ba570/
[tp] link_data dst=/53cb5aeb35043e74eb4625b0669ba570/ ctx=fe len=64
[tp] link_data dst=/53cb5aeb35043e74eb4625b0669ba570/ ctx=fb len=192
[link] data_plain len=128 preview=caeb241290061ad1380b094471a8ab92b78aeb000a7b67d3c3af96b3825f2026
[tp] link_request dst=/6dee4caf17f87a1051504791002c8786/ ctx=00 hops=1
[tp] link_proof_tx dst=/6dee4caf17f87a1051504791002c8786/ link_id=/3715060ac362d52dd66f72bb24575c20/
[tp] link_data dst=/3715060ac362d52dd66f72bb24575c20/ ctx=fe len=64
[tp] link_data dst=/3715060ac362d52dd66f72bb24575c20/ ctx=fb len=192
[link] data_plain len=128 preview=23011440193a10852f127547bb213727b07ce0a385b1ff3c1975621c6f04fb6d
[tp] link_data dst=/e997f67ac062eb99755cf5c9cca86fe3/ ctx=fc len=80
[tp] link_request dst=/6dee4caf17f87a1051504791002c8786/ ctx=00 hops=1
[tp] link_proof_tx dst=/6dee4caf17f87a1051504791002c8786/ link_id=/c062e54baee025a389e4b6c45836ad47/
[tp] path_request dest=/bd4090bc8e1eddbb7b2bf54494c64a46/ iface=/d86e8112f3c4c4442126f8e9f44f1686/
[tp] link_data dst=/c062e54baee025a389e4b6c45836ad47/ ctx=fe len=64
[tp] link_data dst=/c062e54baee025a389e4b6c45836ad47/ ctx=fb len=192
[link] data_plain len=128 preview=95f352c28e2489f68900d3a838d200df15e66c41ff1e98a3e7cfc71a15c7317d
[tp] path_request dest=/12cb1ed29943213839f0b0d18cd42761/ iface=/d86e8112f3c4c4442126f8e9f44f1686/
[tp] path_request dest=/ba5d70d1f6e464c363e757a887873e08/ iface=/d86e8112f3c4c4442126f8e9f44f1686/
[tp] path_request dest=/995cc3851347f138f51af73d182d5e1d/ iface=/d86e8112f3c4c4442126f8e9f44f1686/
[tp] link_request dst=/6dee4caf17f87a1051504791002c8786/ ctx=00 hops=2
[tp] link_proof_tx dst=/6dee4caf17f87a1051504791002c8786/ link_id=/9c416ed1f5ea633cc78e3d3692fdd42b/
[tp] link_data dst=/9c416ed1f5ea633cc78e3d3692fdd42b/ ctx=fe len=64
[tp] link_data dst=/9c416ed1f5ea633cc78e3d3692fdd42b/ ctx=fb len=192
[link] data_plain len=128 preview=35e65fe12a80ee3d00278ef932383927bd791670aa6a7f7a029c1a472045933f
[tp] send_proof dst=/9c416ed1f5ea633cc78e3d3692fdd42b/ ctx=05
[tp] path_request dest=/b8bbfff472fe128873c9395a3ff8b353/ iface=/d86e8112f3c4c4442126f8e9f44f1686/
[tp] path_request dest=/a15f32cc809931cb4fcdf27adbe05aa6/ iface=/d86e8112f3c4c4442126f8e9f44f1686/
[tp] path_request dest=/3fd09a3b8febd1fcfd88edb1e84d20ee/ iface=/d86e8112f3c4c4442126f8e9f44f1686/
[tp] path_request dest=/e36c13fd857732740ed3421a512e06aa/ iface=/d86e8112f3c4c4442126f8e9f44f1686/
[tp] link_data dst=/e570cd78224e3b4ee1bf0ab603b1417d/ ctx=fa len=1
[tp] path_request dest=/c89f0492447e510276a2b1b503444782/ iface=/d86e8112f3c4c4442126f8e9f44f1686/
[tp] link_data dst=/9c416ed1f5ea633cc78e3d3692fdd42b/ ctx=fc len=80
[tp] link_data dst=/e570cd78224e3b4ee1bf0ab603b1417d/ ctx=fc len=80
[tp] path_request dest=/6829ee168393fdfc9a1362101b97146f/ iface=/d86e8112f3c4c4442126f8e9f44f1686/
[tp] link_request dst=/6dee4caf17f87a1051504791002c8786/ ctx=00 hops=2
[tp] link_proof_tx dst=/6dee4caf17f87a1051504791002c8786/ link_id=/312ddb2dabb89c92982d0e2b79ddf762/
[tp] link_data dst=/312ddb2dabb89c92982d0e2b79ddf762/ ctx=fe len=64
[tp] link_data dst=/312ddb2dabb89c92982d0e2b79ddf762/ ctx=fb len=192
[link] data_plain len=128 preview=35e65fe12a80ee3d00278ef932383927bd791670aa6a7f7a029c1a472045933f
[tp] send_proof dst=/312ddb2dabb89c92982d0e2b79ddf762/ ctx=05
[tp] link_data dst=/0d4b5a620c8d34eeceeeca900531fd6f/ ctx=fa len=1
[tp] path_request dest=/a3dfea289534e4b2d0f5730310eebd99/ iface=/d86e8112f3c4c4442126f8e9f44f1686/
[tp] link_data dst=/0d4b5a620c8d34eeceeeca900531fd6f/ ctx=fc len=80
[tp] path_request dest=/a15f32cc809931cb4fcdf27adbe05aa6/ iface=/d86e8112f3c4c4442126f8e9f44f1686/
[tp] link_data dst=/312ddb2dabb89c92982d0e2b79ddf762/ ctx=fc len=80
[tp] path_request dest=/12cb1ed29943213839f0b0d18cd42761/ iface=/d86e8112f3c4c4442126f8e9f44f1686/
[tp] path_request dest=/6829ee168393fdfc9a1362101b97146f/ iface=/d86e8112f3c4c4442126f8e9f44f1686/
[tp] path_request dest=/e792a1b9b43cc8b95d12ecd2d1d3e8b2/ iface=/d86e8112f3c4c4442126f8e9f44f1686/
[tp] link_data dst=/1f5bfbd7f947a7fe54e92c87eb31ec0e/ ctx=fa len=1
[tp] link_request dst=/6dee4caf17f87a1051504791002c8786/ ctx=00 hops=2
[tp] link_proof_tx dst=/6dee4caf17f87a1051504791002c8786/ link_id=/51592a60b83328eb5851cb6593777375/
[tp] link_data dst=/51592a60b83328eb5851cb6593777375/ ctx=fe len=64
[tp] link_data dst=/51592a60b83328eb5851cb6593777375/ ctx=fb len=192
[link] data_plain len=128 preview=35e65fe12a80ee3d00278ef932383927bd791670aa6a7f7a029c1a472045933f
[tp] path_request dest=/c89f0492447e510276a2b1b503444782/ iface=/d86e8112f3c4c4442126f8e9f44f1686/
[tp] path_request dest=/9c937d75f3222a5d9530f1496ba494df/ iface=/d86e8112f3c4c4442126f8e9f44f1686/
[tp] send_proof dst=/51592a60b83328eb5851cb6593777375/ ctx=05
[tp] link_data dst=/53cb5aeb35043e74eb4625b0669ba570/ ctx=fa len=1
[tp] link_data dst=/3715060ac362d52dd66f72bb24575c20/ ctx=fa len=1
[tp] path_request dest=/6829ee168393fdfc9a1362101b97146f/ iface=/d86e8112f3c4c4442126f8e9f44f1686/
[tp] path_request dest=/b8bbfff472fe128873c9395a3ff8b353/ iface=/d86e8112f3c4c4442126f8e9f44f1686/
[tp] link_data dst=/51592a60b83328eb5851cb6593777375/ ctx=fc len=80
[tp] path_request dest=/e792a1b9b43cc8b95d12ecd2d1d3e8b2/ iface=/d86e8112f3c4c4442126f8e9f44f1686/
[tp] path_request dest=/b18bb3d4ac56c99c5ee4791d79496ca2/ iface=/d86e8112f3c4c4442126f8e9f44f1686/
[tp] path_request dest=/a15f32cc809931cb4fcdf27adbe05aa6/ iface=/d86e8112f3c4c4442126f8e9f44f1686/
[tp] path_request dest=/58681bf71893d092811b7b97b6f767cf/ iface=/d86e8112f3c4c4442126f8e9f44f1686/
[tp] path_request dest=/995cc3851347f138f51af73d182d5e1d/ iface=/d86e8112f3c4c4442126f8e9f44f1686/
[tp] link_request dst=/6dee4caf17f87a1051504791002c8786/ ctx=00 hops=2
[tp] link_proof_tx dst=/6dee4caf17f87a1051504791002c8786/ link_id=/310dd6296a65fc694a388bea8284460c/
[tp] link_data dst=/310dd6296a65fc694a388bea8284460c/ ctx=fe len=64
[tp] link_data dst=/310dd6296a65fc694a388bea8284460c/ ctx=fb len=192
[link] data_plain len=128 preview=35e65fe12a80ee3d00278ef932383927bd791670aa6a7f7a029c1a472045933f
[tp] send_proof dst=/310dd6296a65fc694a388bea8284460c/ ctx=05
[tp] link_data dst=/c062e54baee025a389e4b6c45836ad47/ ctx=fa len=1
[tp] path_request dest=/c04ed3e589c8a6621bb166c913b0a330/ iface=/d86e8112f3c4c4442126f8e9f44f1686/
[tp] link_request dst=/6dee4caf17f87a1051504791002c8786/ ctx=00 hops=1
[tp] link_proof_tx dst=/6dee4caf17f87a1051504791002c8786/ link_id=/aca2037c3f0074b7510d57d30a12f61e/
[tp] link_data dst=/aca2037c3f0074b7510d57d30a12f61e/ ctx=fe len=64
[tp] link_data dst=/aca2037c3f0074b7510d57d30a12f61e/ ctx=fb len=192
[link] data_plain len=128 preview=613388bb8ecd27a4c8d93a2f12130260f688712331871c5385e4006e631b2257
[tp] link_request dst=/6dee4caf17f87a1051504791002c8786/ ctx=00 hops=3
[tp] link_proof_tx dst=/6dee4caf17f87a1051504791002c8786/ link_id=/a8b90f2c5735fc029c041283d0125e74/
[tp] path_request dest=/c89f0492447e510276a2b1b503444782/ iface=/d86e8112f3c4c4442126f8e9f44f1686/
[tp] link_data dst=/a8b90f2c5735fc029c041283d0125e74/ ctx=fe len=64
[tp] link_data dst=/a8b90f2c5735fc029c041283d0125e74/ ctx=fb len=192
[link] data_plain len=128 preview=cbd4a6d311ba97b671bd75d501e048cad1f23eba47622f0bde8eed57b0d56814
[tp] link_data dst=/310dd6296a65fc694a388bea8284460c/ ctx=fc len=80
[tp] path_request dest=/6829ee168393fdfc9a1362101b97146f/ iface=/d86e8112f3c4c4442126f8e9f44f1686/
[tp] link_request dst=/6dee4caf17f87a1051504791002c8786/ ctx=00 hops=2
[tp] link_proof_tx dst=/6dee4caf17f87a1051504791002c8786/ link_id=/3e0559e2dfbb669fdffa7f3f3b0bbb7c/
[tp] link_data dst=/3e0559e2dfbb669fdffa7f3f3b0bbb7c/ ctx=fe len=64
[tp] link_data dst=/3e0559e2dfbb669fdffa7f3f3b0bbb7c/ ctx=fb len=192
[link] data_plain len=128 preview=35e65fe12a80ee3d00278ef932383927bd791670aa6a7f7a029c1a472045933f
[tp] send_proof dst=/3e0559e2dfbb669fdffa7f3f3b0bbb7c/ ctx=05
[tp] path_request dest=/a15f32cc809931cb4fcdf27adbe05aa6/ iface=/d86e8112f3c4c4442126f8e9f44f1686/
[tp] path_request dest=/12cb1ed29943213839f0b0d18cd42761/ iface=/d86e8112f3c4c4442126f8e9f44f1686/
[tp] path_request dest=/c04ed3e589c8a6621bb166c913b0a330/ iface=/d86e8112f3c4c4442126f8e9f44f1686/
[tp] path_request dest=/e792a1b9b43cc8b95d12ecd2d1d3e8b2/ iface=/d86e8112f3c4c4442126f8e9f44f1686/
[tp] path_request dest=/a3dfea289534e4b2d0f5730310eebd99/ iface=/d86e8112f3c4c4442126f8e9f44f1686/
[tp] link_data dst=/aca2037c3f0074b7510d57d30a12f61e/ ctx=fa len=1
[tp] path_request dest=/b8bbfff472fe128873c9395a3ff8b353/ iface=/d86e8112f3c4c4442126f8e9f44f1686/
[tp] path_request dest=/c89f0492447e510276a2b1b503444782/ iface=/d86e8112f3c4c4442126f8e9f44f1686/
[tp] path_request dest=/6829ee168393fdfc9a1362101b97146f/ iface=/d86e8112f3c4c4442126f8e9f44f1686/
[tp] link_data dst=/53cb5aeb35043e74eb4625b0669ba570/ ctx=fa len=1
[tp] link_data dst=/53cb5aeb35043e74eb4625b0669ba570/ ctx=fc len=80
[tp] path_request dest=/e233d8d7e9c5f61419d45138ef0d90ff/ iface=/d86e8112f3c4c4442126f8e9f44f1686/
[tp] path_request dest=/e51b8098836c287b4ec1f318989b3229/ iface=/d86e8112f3c4c4442126f8e9f44f1686/
[tp] path_request dest=/a15f32cc809931cb4fcdf27adbe05aa6/ iface=/d86e8112f3c4c4442126f8e9f44f1686/
[tp] link_data dst=/3715060ac362d52dd66f72bb24575c20/ ctx=fa len=1
[tp] link_data dst=/c062e54baee025a389e4b6c45836ad47/ ctx=fc len=80
[tp] link_data dst=/3715060ac362d52dd66f72bb24575c20/ ctx=fc len=80
[tp] link_data dst=/aca2037c3f0074b7510d57d30a12f61e/ ctx=fa len=1
[tp] link_data dst=/aca2037c3f0074b7510d57d30a12f61e/ ctx=fc len=80
[tp] link_data dst=/4fc7185fe98ff8524b4f787b5e42ac96/ ctx=fa len=1
[tp] link_data dst=/4fc7185fe98ff8524b4f787b5e42ac96/ ctx=fc len=80
[tp] link_request dst=/6dee4caf17f87a1051504791002c8786/ ctx=00 hops=2
[tp] link_proof_tx dst=/6dee4caf17f87a1051504791002c8786/ link_id=/6d3439ecdfd28996f33d47e1f47ca823/
[tp] path_request dest=/995cc3851347f138f51af73d182d5e1d/ iface=/d86e8112f3c4c4442126f8e9f44f1686/
[tp] link_data dst=/3e0559e2dfbb669fdffa7f3f3b0bbb7c/ ctx=fc len=80
[tp] path_request dest=/12cb1ed29943213839f0b0d18cd42761/ iface=/d86e8112f3c4c4442126f8e9f44f1686/
[tp] path_request dest=/6829ee168393fdfc9a1362101b97146f/ iface=/d86e8112f3c4c4442126f8e9f44f1686/
[tp] link_data dst=/1f5bfbd7f947a7fe54e92c87eb31ec0e/ ctx=fa len=1
[tp] link_request dst=/6dee4caf17f87a1051504791002c8786/ ctx=00 hops=2
[tp] link_proof_tx dst=/6dee4caf17f87a1051504791002c8786/ link_id=/7fe6f05887970298e8dfbd2e87c0d872/
[tp] link_data dst=/7fe6f05887970298e8dfbd2e87c0d872/ ctx=fe len=64
[tp] link_data dst=/7fe6f05887970298e8dfbd2e87c0d872/ ctx=fb len=192
[link] data_plain len=128 preview=caeb241290061ad1380b094471a8ab92b78aeb000a7b67d3c3af96b3825f2026
[tp] link_request dst=/6dee4caf17f87a1051504791002c8786/ ctx=00 hops=1
[tp] link_proof_tx dst=/6dee4caf17f87a1051504791002c8786/ link_id=/d6c71507f113dccb0ca77e1ff9bc18d4/
[tp] link_data dst=/d6c71507f113dccb0ca77e1ff9bc18d4/ ctx=fe len=64
[tp] link_data dst=/d6c71507f113dccb0ca77e1ff9bc18d4/ ctx=fb len=192
[link] data_plain len=128 preview=23011440193a10852f127547bb213727b07ce0a385b1ff3c1975621c6f04fb6d
[tp] link_data dst=/1f5bfbd7f947a7fe54e92c87eb31ec0e/ ctx=fc len=80
[tp] path_request dest=/a15f32cc809931cb4fcdf27adbe05aa6/ iface=/d86e8112f3c4c4442126f8e9f44f1686/
[tp] path_request dest=/bd4090bc8e1eddbb7b2bf54494c64a46/ iface=/d86e8112f3c4c4442126f8e9f44f1686/
[tp] path_request dest=/e36c13fd857732740ed3421a512e06aa/ iface=/d86e8112f3c4c4442126f8e9f44f1686/
[tp] path_request dest=/a3dfea289534e4b2d0f5730310eebd99/ iface=/d86e8112f3c4c4442126f8e9f44f1686/
[tp] path_request dest=/b8bbfff472fe128873c9395a3ff8b353/ iface=/d86e8112f3c4c4442126f8e9f44f1686/
[tp] link_request dst=/6dee4caf17f87a1051504791002c8786/ ctx=00 hops=3
[tp] link_proof_tx dst=/6dee4caf17f87a1051504791002c8786/ link_id=/18d9cf3b5418bcc7c342b6860084375e/
[tp] link_data dst=/18d9cf3b5418bcc7c342b6860084375e/ ctx=fe len=64
[tp] link_data dst=/18d9cf3b5418bcc7c342b6860084375e/ ctx=fb len=192
[link] data_plain len=128 preview=e5d92ab658d454847365bfbcf6f40651dc061a013f5152f66c47c48b044d4770
[tp] path_request dest=/a15f32cc809931cb4fcdf27adbe05aa6/ iface=/d86e8112f3c4c4442126f8e9f44f1686/
[tp] link_request dst=/6dee4caf17f87a1051504791002c8786/ ctx=00 hops=2
[tp] link_proof_tx dst=/6dee4caf17f87a1051504791002c8786/ link_id=/a970de55a8f86ef342874a8ea801916a/
[tp] path_request dest=/12cb1ed29943213839f0b0d18cd42761/ iface=/d86e8112f3c4c4442126f8e9f44f1686/
[tp] link_data dst=/a970de55a8f86ef342874a8ea801916a/ ctx=fe len=64
[tp] link_data dst=/a970de55a8f86ef342874a8ea801916a/ ctx=fb len=192
[link] data_plain len=128 preview=35e65fe12a80ee3d00278ef932383927bd791670aa6a7f7a029c1a472045933f
[tp] send_proof dst=/a970de55a8f86ef342874a8ea801916a/ ctx=05
[tp] link_request dst=/6dee4caf17f87a1051504791002c8786/ ctx=00 hops=1
[tp] link_proof_tx dst=/6dee4caf17f87a1051504791002c8786/ link_id=/b3ba2a24b50c5cdbb75154a73ed6531d/
[tp] link_data dst=/b3ba2a24b50c5cdbb75154a73ed6531d/ ctx=fe len=64
[tp] link_data dst=/b3ba2a24b50c5cdbb75154a73ed6531d/ ctx=fb len=192
[link] data_plain len=128 preview=613388bb8ecd27a4c8d93a2f12130260f688712331871c5385e4006e631b2257
[tp] link_data dst=/a8b90f2c5735fc029c041283d0125e74/ ctx=fa len=1
[tp] link_data dst=/a970de55a8f86ef342874a8ea801916a/ ctx=fc len=80
[tp] link_data dst=/7fe6f05887970298e8dfbd2e87c0d872/ ctx=fa len=1
[tp] path_request dest=/33c1da1d4ae3f5d2c13c0b6f5e2ff00d/ iface=/d86e8112f3c4c4442126f8e9f44f1686/
[tp] path_request dest=/995cc3851347f138f51af73d182d5e1d/ iface=/d86e8112f3c4c4442126f8e9f44f1686/
[tp] link_request dst=/6dee4caf17f87a1051504791002c8786/ ctx=00 hops=1
[tp] link_proof_tx dst=/6dee4caf17f87a1051504791002c8786/ link_id=/50ee8970ae95ad8aecd927d5a31d3b76/
[tp] link_data dst=/50ee8970ae95ad8aecd927d5a31d3b76/ ctx=fe len=64
[tp] link_data dst=/50ee8970ae95ad8aecd927d5a31d3b76/ ctx=fb len=192
[link] data_plain len=128 preview=95f352c28e2489f68900d3a838d200df15e66c41ff1e98a3e7cfc71a15c7317d
[tp] link_request dst=/6dee4caf17f87a1051504791002c8786/ ctx=00 hops=2
[tp] link_proof_tx dst=/6dee4caf17f87a1051504791002c8786/ link_id=/38ce74a3cebdc3723d74d506cefae90b/
[tp] link_data dst=/38ce74a3cebdc3723d74d506cefae90b/ ctx=fe len=64
[tp] link_data dst=/38ce74a3cebdc3723d74d506cefae90b/ ctx=fb len=192
[link] data_plain len=128 preview=35e65fe12a80ee3d00278ef932383927bd791670aa6a7f7a029c1a472045933f
[tp] send_proof dst=/38ce74a3cebdc3723d74d506cefae90b/ ctx=05
[tp] path_request dest=/a15f32cc809931cb4fcdf27adbe05aa6/ iface=/d86e8112f3c4c4442126f8e9f44f1686/
[tp] link_data dst=/b3ba2a24b50c5cdbb75154a73ed6531d/ ctx=fa len=1
[tp] link_data dst=/38ce74a3cebdc3723d74d506cefae90b/ ctx=fc len=80
[tp] path_request dest=/b8bbfff472fe128873c9395a3ff8b353/ iface=/d86e8112f3c4c4442126f8e9f44f1686/
[tp] path_request dest=/58681bf71893d092811b7b97b6f767cf/ iface=/d86e8112f3c4c4442126f8e9f44f1686/
[tp] path_request dest=/12cb1ed29943213839f0b0d18cd42761/ iface=/d86e8112f3c4c4442126f8e9f44f1686/
[tp] path_request dest=/e36c13fd857732740ed3421a512e06aa/ iface=/d86e8112f3c4c4442126f8e9f44f1686/
[tp] link_data dst=/d6c71507f113dccb0ca77e1ff9bc18d4/ ctx=fa len=1
[tp] link_request dst=/6dee4caf17f87a1051504791002c8786/ ctx=00 hops=2
[tp] link_proof_tx dst=/6dee4caf17f87a1051504791002c8786/ link_id=/0f02155adb5801db9c9b41b4e2c16a7a/
[tp] link_data dst=/0f02155adb5801db9c9b41b4e2c16a7a/ ctx=fe len=64
[tp] link_data dst=/0f02155adb5801db9c9b41b4e2c16a7a/ ctx=fb len=192
[link] data_plain len=128 preview=35e65fe12a80ee3d00278ef932383927bd791670aa6a7f7a029c1a472045933f
[tp] send_proof dst=/0f02155adb5801db9c9b41b4e2c16a7a/ ctx=05
[tp] path_request dest=/4762234229b7e0b83c68b857bdf245c3/ iface=/d86e8112f3c4c4442126f8e9f44f1686/
[tp] link_request dst=/6dee4caf17f87a1051504791002c8786/ ctx=00 hops=2
[tp] link_proof_tx dst=/6dee4caf17f87a1051504791002c8786/ link_id=/f5d9e2dc7b60229f41f86276da497637/
[tp] link_data dst=/f5d9e2dc7b60229f41f86276da497637/ ctx=fe len=64
[tp] link_data dst=/f5d9e2dc7b60229f41f86276da497637/ ctx=fb len=192
[link] data_plain len=128 preview=cc343d204fc536882689c77cbddfe144b3cf8abc90165e8a859ee48a492f4b0c
[tp] path_request dest=/a15f32cc809931cb4fcdf27adbe05aa6/ iface=/d86e8112f3c4c4442126f8e9f44f1686/
[tp] link_data dst=/18d9cf3b5418bcc7c342b6860084375e/ ctx=fa len=1
[tp] link_data dst=/0f02155adb5801db9c9b41b4e2c16a7a/ ctx=fc len=80
[tp] path_request dest=/fb9aca8a82abc784d75835c1e181adde/ iface=/d86e8112f3c4c4442126f8e9f44f1686/
[tp] path_request dest=/04b15fcd28ec8ed7fab945cc9d082dd3/ iface=/d86e8112f3c4c4442126f8e9f44f1686/
[tp] link_data dst=/b3ba2a24b50c5cdbb75154a73ed6531d/ ctx=fa len=1
[tp] link_request dst=/6dee4caf17f87a1051504791002c8786/ ctx=00 hops=2
[tp] link_proof_tx dst=/6dee4caf17f87a1051504791002c8786/ link_id=/11c31cb3c94862a3d13b2465abc2c8b2/
[tp] link_data dst=/11c31cb3c94862a3d13b2465abc2c8b2/ ctx=fe len=64
[tp] link_data dst=/11c31cb3c94862a3d13b2465abc2c8b2/ ctx=fb len=192
[link] data_plain len=128 preview=35e65fe12a80ee3d00278ef932383927bd791670aa6a7f7a029c1a472045933f
[tp] send_proof dst=/11c31cb3c94862a3d13b2465abc2c8b2/ ctx=05
[tp] link_data dst=/b3ba2a24b50c5cdbb75154a73ed6531d/ ctx=fc len=80
[tp] path_request dest=/4a890e0e7c0cc69df96c7d4db8992341/ iface=/d86e8112f3c4c4442126f8e9f44f1686/
[tp] link_data dst=/7fe6f05887970298e8dfbd2e87c0d872/ ctx=fa len=1
[tp] link_request dst=/6dee4caf17f87a1051504791002c8786/ ctx=00 hops=1
[tp] link_proof_tx dst=/6dee4caf17f87a1051504791002c8786/ link_id=/817d86fccb195934fe796b4592bb5c01/
[tp] link_data dst=/817d86fccb195934fe796b4592bb5c01/ ctx=fe len=64
[tp] link_data dst=/817d86fccb195934fe796b4592bb5c01/ ctx=fb len=192
[link] data_plain len=128 preview=613388bb8ecd27a4c8d93a2f12130260f688712331871c5385e4006e631b2257
[tp] path_request dest=/bd4090bc8e1eddbb7b2bf54494c64a46/ iface=/d86e8112f3c4c4442126f8e9f44f1686/
[tp] link_data dst=/11c31cb3c94862a3d13b2465abc2c8b2/ ctx=fc len=80
[tp] path_request dest=/12cb1ed29943213839f0b0d18cd42761/ iface=/d86e8112f3c4c4442126f8e9f44f1686/
[tp] link_data dst=/7fe6f05887970298e8dfbd2e87c0d872/ ctx=fc len=80
[tp] path_request dest=/a15f32cc809931cb4fcdf27adbe05aa6/ iface=/d86e8112f3c4c4442126f8e9f44f1686/
[tp] link_data dst=/50ee8970ae95ad8aecd927d5a31d3b76/ ctx=fa len=1
[tp] path_request dest=/995cc3851347f138f51af73d182d5e1d/ iface=/d86e8112f3c4c4442126f8e9f44f1686/
[tp] link_data dst=/f5d9e2dc7b60229f41f86276da497637/ ctx=fa len=1
[tp] link_request dst=/6dee4caf17f87a1051504791002c8786/ ctx=00 hops=2
[tp] link_proof_tx dst=/6dee4caf17f87a1051504791002c8786/ link_id=/b174668c48db45f3f4b67592046309e1/
[tp] link_data dst=/b174668c48db45f3f4b67592046309e1/ ctx=fe len=64
[tp] link_data dst=/b174668c48db45f3f4b67592046309e1/ ctx=fb len=192
[link] data_plain len=128 preview=35e65fe12a80ee3d00278ef932383927bd791670aa6a7f7a029c1a472045933f
[tp] path_request dest=/b8bbfff472fe128873c9395a3ff8b353/ iface=/d86e8112f3c4c4442126f8e9f44f1686/
[tp] send_proof dst=/b174668c48db45f3f4b67592046309e1/ ctx=05
[tp] path_request dest=/b18bb3d4ac56c99c5ee4791d79496ca2/ iface=/d86e8112f3c4c4442126f8e9f44f1686/
[tp] path_request dest=/965511769c059271e655c503e810a670/ iface=/d86e8112f3c4c4442126f8e9f44f1686/
[tp] path_request dest=/ba5d70d1f6e464c363e757a887873e08/ iface=/d86e8112f3c4c4442126f8e9f44f1686/
[tp] link_data dst=/b174668c48db45f3f4b67592046309e1/ ctx=fc len=80
[tp] link_data dst=/817d86fccb195934fe796b4592bb5c01/ ctx=fa len=1
[tp] path_request dest=/a15f32cc809931cb4fcdf27adbe05aa6/ iface=/d86e8112f3c4c4442126f8e9f44f1686/
[tp] link_request dst=/6dee4caf17f87a1051504791002c8786/ ctx=00 hops=2
[tp] link_proof_tx dst=/6dee4caf17f87a1051504791002c8786/ link_id=/7c636fd87c166a6cdbf82513b0ab1298/
[tp] link_data dst=/7c636fd87c166a6cdbf82513b0ab1298/ ctx=fe len=64
[tp] link_data dst=/7c636fd87c166a6cdbf82513b0ab1298/ ctx=fb len=192
[link] data_plain len=128 preview=35e65fe12a80ee3d00278ef932383927bd791670aa6a7f7a029c1a472045933f
[tp] send_proof dst=/7c636fd87c166a6cdbf82513b0ab1298/ ctx=05
[tp] path_request dest=/4762234229b7e0b83c68b857bdf245c3/ iface=/d86e8112f3c4c4442126f8e9f44f1686/
[tp] path_request dest=/38e42ae5e60e7a4d63b6e02aa7d3f738/ iface=/d86e8112f3c4c4442126f8e9f44f1686/
[tp] path_request dest=/a3dfea289534e4b2d0f5730310eebd99/ iface=/d86e8112f3c4c4442126f8e9f44f1686/
[tp] link_data dst=/18d9cf3b5418bcc7c342b6860084375e/ ctx=fa len=1
[tp] link_request dst=/6dee4caf17f87a1051504791002c8786/ ctx=00 hops=2
[tp] link_proof_tx dst=/6dee4caf17f87a1051504791002c8786/ link_id=/f5f50c22ef700d042730b8bd89f17f32/
[tp] path_request dest=/b4508c693ae1ddc6a0d472977be93bfc/ iface=/d86e8112f3c4c4442126f8e9f44f1686/
[tp] link_data dst=/f5f50c22ef700d042730b8bd89f17f32/ ctx=fe len=64
[tp] link_data dst=/f5f50c22ef700d042730b8bd89f17f32/ ctx=fb len=192
[link] data_plain len=128 preview=caeb241290061ad1380b094471a8ab92b78aeb000a7b67d3c3af96b3825f2026
[tp] path_request dest=/12cb1ed29943213839f0b0d18cd42761/ iface=/d86e8112f3c4c4442126f8e9f44f1686/
[tp] link_data dst=/d6c71507f113dccb0ca77e1ff9bc18d4/ ctx=fa len=1
[tp] link_data dst=/18d9cf3b5418bcc7c342b6860084375e/ ctx=fc len=80
[tp] link_data dst=/7c636fd87c166a6cdbf82513b0ab1298/ ctx=fc len=80
[tp] link_data dst=/a8b90f2c5735fc029c041283d0125e74/ ctx=fa len=1
[tp] link_data dst=/d6c71507f113dccb0ca77e1ff9bc18d4/ ctx=fc len=80
[tp] link_data dst=/f5d9e2dc7b60229f41f86276da497637/ ctx=fa len=1
[tp] link_data dst=/a8b90f2c5735fc029c041283d0125e74/ ctx=fc len=80
[tp] link_data dst=/817d86fccb195934fe796b4592bb5c01/ ctx=fa len=1
[tp] link_data dst=/f5d9e2dc7b60229f41f86276da497637/ ctx=fc len=80
[tp] link_request dst=/6dee4caf17f87a1051504791002c8786/ ctx=00 hops=2
[tp] link_proof_tx dst=/6dee4caf17f87a1051504791002c8786/ link_id=/210400ed7d7beda9321cc9a2e16f4e3a/
[tp] link_data dst=/210400ed7d7beda9321cc9a2e16f4e3a/ ctx=fe len=64
[tp] link_data dst=/210400ed7d7beda9321cc9a2e16f4e3a/ ctx=fb len=192
[link] data_plain len=128 preview=35e65fe12a80ee3d00278ef932383927bd791670aa6a7f7a029c1a472045933f
[tp] send_proof dst=/210400ed7d7beda9321cc9a2e16f4e3a/ ctx=05
[tp] link_data dst=/817d86fccb195934fe796b4592bb5c01/ ctx=fc len=80
[tp] path_request dest=/a15f32cc809931cb4fcdf27adbe05aa6/ iface=/d86e8112f3c4c4442126f8e9f44f1686/
[tp] path_request dest=/ac31bf081f355d8ffbb73f0279341474/ iface=/d86e8112f3c4c4442126f8e9f44f1686/
[tp] path_request dest=/b18bb3d4ac56c99c5ee4791d79496ca2/ iface=/d86e8112f3c4c4442126f8e9f44f1686/
[tp] link_data dst=/50ee8970ae95ad8aecd927d5a31d3b76/ ctx=fa len=1
[tp] link_data dst=/210400ed7d7beda9321cc9a2e16f4e3a/ ctx=fc len=80
[tp] path_request dest=/b8bbfff472fe128873c9395a3ff8b353/ iface=/d86e8112f3c4c4442126f8e9f44f1686/
[tp] link_data dst=/50ee8970ae95ad8aecd927d5a31d3b76/ ctx=fc len=80
[tp] link_request dst=/6dee4caf17f87a1051504791002c8786/ ctx=00 hops=1
[tp] link_proof_tx dst=/6dee4caf17f87a1051504791002c8786/ link_id=/0ef7923b3256589ced64dd4a5278cc58/
[tp] link_data dst=/0ef7923b3256589ced64dd4a5278cc58/ ctx=fe len=64
[tp] link_data dst=/0ef7923b3256589ced64dd4a5278cc58/ ctx=fb len=192
[link] data_plain len=128 preview=95f352c28e2489f68900d3a838d200df15e66c41ff1e98a3e7cfc71a15c7317d
[tp] path_request dest=/995cc3851347f138f51af73d182d5e1d/ iface=/d86e8112f3c4c4442126f8e9f44f1686/
[tp] link_data dst=/f5f50c22ef700d042730b8bd89f17f32/ ctx=fa len=1
[tp] link_request dst=/6dee4caf17f87a1051504791002c8786/ ctx=00 hops=3
[tp] link_proof_tx dst=/6dee4caf17f87a1051504791002c8786/ link_id=/f3655ac471f3672a6a1f2b48baaaa74d/
[tp] path_request dest=/12cb1ed29943213839f0b0d18cd42761/ iface=/d86e8112f3c4c4442126f8e9f44f1686/
[tp] link_data dst=/f3655ac471f3672a6a1f2b48baaaa74d/ ctx=fe len=64
[tp] link_data dst=/f3655ac471f3672a6a1f2b48baaaa74d/ ctx=fb len=192
[link] data_plain len=128 preview=cbd4a6d311ba97b671bd75d501e048cad1f23eba47622f0bde8eed57b0d56814
[tp] path_request dest=/a15f32cc809931cb4fcdf27adbe05aa6/ iface=/d86e8112f3c4c4442126f8e9f44f1686/
[tp] path_request dest=/40a624a4a808e193dfcfc7594c9a9b6b/ iface=/d86e8112f3c4c4442126f8e9f44f1686/
[tp] path_request dest=/b18bb3d4ac56c99c5ee4791d79496ca2/ iface=/d86e8112f3c4c4442126f8e9f44f1686/
[tp] path_request dest=/e36c13fd857732740ed3421a512e06aa/ iface=/d86e8112f3c4c4442126f8e9f44f1686/
[tp] link_request dst=/6dee4caf17f87a1051504791002c8786/ ctx=00 hops=2
[tp] link_proof_tx dst=/6dee4caf17f87a1051504791002c8786/ link_id=/1a72f9ee792f174df714f72ccf618caf/
[tp] link_data dst=/1a72f9ee792f174df714f72ccf618caf/ ctx=fe len=64
[tp] link_data dst=/1a72f9ee792f174df714f72ccf618caf/ ctx=fb len=192
[link] data_plain len=128 preview=35e65fe12a80ee3d00278ef932383927bd791670aa6a7f7a029c1a472045933f
[tp] send_proof dst=/1a72f9ee792f174df714f72ccf618caf/ ctx=05
[tp] link_data dst=/f5f50c22ef700d042730b8bd89f17f32/ ctx=fa len=1
[tp] link_data dst=/1a72f9ee792f174df714f72ccf618caf/ ctx=fc len=80
[tp] link_request dst=/6dee4caf17f87a1051504791002c8786/ ctx=00 hops=3
[tp] link_proof_tx dst=/6dee4caf17f87a1051504791002c8786/ link_id=/59ced57a25e5a48f3167226ff436abe2/
[tp] path_request dest=/bd4090bc8e1eddbb7b2bf54494c64a46/ iface=/d86e8112f3c4c4442126f8e9f44f1686/
[tp] link_data dst=/59ced57a25e5a48f3167226ff436abe2/ ctx=fe len=64
[tp] link_data dst=/59ced57a25e5a48f3167226ff436abe2/ ctx=fb len=192
[link] data_plain len=128 preview=e5d92ab658d454847365bfbcf6f40651dc061a013f5152f66c47c48b044d4770
[tp] link_data dst=/f5f50c22ef700d042730b8bd89f17f32/ ctx=fc len=80
[tp] path_request dest=/a15f32cc809931cb4fcdf27adbe05aa6/ iface=/d86e8112f3c4c4442126f8e9f44f1686/
[tp] path_request dest=/b8bbfff472fe128873c9395a3ff8b353/ iface=/d86e8112f3c4c4442126f8e9f44f1686/
[tp] link_request dst=/6dee4caf17f87a1051504791002c8786/ ctx=00 hops=2
[tp] link_proof_tx dst=/6dee4caf17f87a1051504791002c8786/ link_id=/02dca894b3371b5d792fba2dfc340b67/
[tp] link_data dst=/02dca894b3371b5d792fba2dfc340b67/ ctx=fe len=64
[tp] link_data dst=/02dca894b3371b5d792fba2dfc340b67/ ctx=fb len=192
[link] data_plain len=128 preview=35e65fe12a80ee3d00278ef932383927bd791670aa6a7f7a029c1a472045933f
[tp] send_proof dst=/02dca894b3371b5d792fba2dfc340b67/ ctx=05
[tp] path_request dest=/b18bb3d4ac56c99c5ee4791d79496ca2/ iface=/d86e8112f3c4c4442126f8e9f44f1686/
[tp] path_request dest=/e233d8d7e9c5f61419d45138ef0d90ff/ iface=/d86e8112f3c4c4442126f8e9f44f1686/
[tp] path_request dest=/e792a1b9b43cc8b95d12ecd2d1d3e8b2/ iface=/d86e8112f3c4c4442126f8e9f44f1686/
[tp] link_request dst=/6dee4caf17f87a1051504791002c8786/ ctx=00 hops=1
[tp] link_proof_tx dst=/6dee4caf17f87a1051504791002c8786/ link_id=/5e25654ea292526c0b3c295c1f146fac/
[tp] link_data dst=/5e25654ea292526c0b3c295c1f146fac/ ctx=fe len=64
[tp] link_data dst=/5e25654ea292526c0b3c295c1f146fac/ ctx=fb len=192
[link] data_plain len=128 preview=23011440193a10852f127547bb213727b07ce0a385b1ff3c1975621c6f04fb6d
[tp] path_request dest=/965511769c059271e655c503e810a670/ iface=/d86e8112f3c4c4442126f8e9f44f1686/
[tp] link_data dst=/02dca894b3371b5d792fba2dfc340b67/ ctx=fc len=80
[tp] path_request dest=/0769357259e48819ea9194b6230b2cef/ iface=/d86e8112f3c4c4442126f8e9f44f1686/
[tp] path_request dest=/12cb1ed29943213839f0b0d18cd42761/ iface=/d86e8112f3c4c4442126f8e9f44f1686/
[tp] path_request dest=/995cc3851347f138f51af73d182d5e1d/ iface=/d86e8112f3c4c4442126f8e9f44f1686/
[tp] link_request dst=/6dee4caf17f87a1051504791002c8786/ ctx=00 hops=2
[tp] link_proof_tx dst=/6dee4caf17f87a1051504791002c8786/ link_id=/8590b161d907c65b4ed16be4ffe60b1a/
[tp] link_data dst=/8590b161d907c65b4ed16be4ffe60b1a/ ctx=fe len=64
[tp] link_data dst=/8590b161d907c65b4ed16be4ffe60b1a/ ctx=fb len=192
[link] data_plain len=128 preview=35e65fe12a80ee3d00278ef932383927bd791670aa6a7f7a029c1a472045933f
[tp] path_request dest=/a15f32cc809931cb4fcdf27adbe05aa6/ iface=/d86e8112f3c4c4442126f8e9f44f1686/
[tp] send_proof dst=/8590b161d907c65b4ed16be4ffe60b1a/ ctx=05
[tp] link_request dst=/6dee4caf17f87a1051504791002c8786/ ctx=00 hops=2
[tp] link_proof_tx dst=/6dee4caf17f87a1051504791002c8786/ link_id=/bdb65722ac1e944188a5c2c0d9ab8548/
[tp] link_data dst=/bdb65722ac1e944188a5c2c0d9ab8548/ ctx=fe len=64
[tp] link_data dst=/bdb65722ac1e944188a5c2c0d9ab8548/ ctx=fb len=192
[link] data_plain len=128 preview=cc343d204fc536882689c77cbddfe144b3cf8abc90165e8a859ee48a492f4b0c
[tp] path_request dest=/c04ed3e589c8a6621bb166c913b0a330/ iface=/d86e8112f3c4c4442126f8e9f44f1686/
[tp] link_request dst=/6dee4caf17f87a1051504791002c8786/ ctx=00 hops=2
[tp] link_proof_tx dst=/6dee4caf17f87a1051504791002c8786/ link_id=/6cc3ed89d8fc13b54a9ee907651c800b/
[tp] link_data dst=/6cc3ed89d8fc13b54a9ee907651c800b/ ctx=fe len=64
[tp] link_data dst=/6cc3ed89d8fc13b54a9ee907651c800b/ ctx=fb len=192
[link] data_plain len=128 preview=caeb241290061ad1380b094471a8ab92b78aeb000a7b67d3c3af96b3825f2026
[tp] link_data dst=/8590b161d907c65b4ed16be4ffe60b1a/ ctx=fc len=80
[tp] link_request dst=/6dee4caf17f87a1051504791002c8786/ ctx=00 hops=1
[tp] link_proof_tx dst=/6dee4caf17f87a1051504791002c8786/ link_id=/dc5bf7d1e2af1af2522b4fb347f4088a/
[tp] link_data dst=/dc5bf7d1e2af1af2522b4fb347f4088a/ ctx=fe len=64
[tp] link_data dst=/dc5bf7d1e2af1af2522b4fb347f4088a/ ctx=fb len=192
[link] data_plain len=128 preview=613388bb8ecd27a4c8d93a2f12130260f688712331871c5385e4006e631b2257
[tp] path_request dest=/12cb1ed29943213839f0b0d18cd42761/ iface=/d86e8112f3c4c4442126f8e9f44f1686/
[tp] link_data dst=/0ef7923b3256589ced64dd4a5278cc58/ ctx=fa len=1
[tp] path_request dest=/b8bbfff472fe128873c9395a3ff8b353/ iface=/d86e8112f3c4c4442126f8e9f44f1686/
[tp] path_request dest=/a3dfea289534e4b2d0f5730310eebd99/ iface=/d86e8112f3c4c4442126f8e9f44f1686/
[tp] path_request dest=/a15f32cc809931cb4fcdf27adbe05aa6/ iface=/d86e8112f3c4c4442126f8e9f44f1686/
[tp] path_request dest=/60dcab5ef4e2a7fdd1154128a826c00b/ iface=/d86e8112f3c4c4442126f8e9f44f1686/
[tp] path_request dest=/e233d8d7e9c5f61419d45138ef0d90ff/ iface=/d86e8112f3c4c4442126f8e9f44f1686/
[tp] path_request dest=/58681bf71893d092811b7b97b6f767cf/ iface=/d86e8112f3c4c4442126f8e9f44f1686/
[tp] link_data dst=/dc5bf7d1e2af1af2522b4fb347f4088a/ ctx=fa len=1
[tp] path_request dest=/bd4090bc8e1eddbb7b2bf54494c64a46/ iface=/d86e8112f3c4c4442126f8e9f44f1686/
[tp] link_request dst=/6dee4caf17f87a1051504791002c8786/ ctx=00 hops=2
[tp] link_proof_tx dst=/6dee4caf17f87a1051504791002c8786/ link_id=/6eb255d76ef7d214fabd6ed3c2926453/
[tp] link_data dst=/6eb255d76ef7d214fabd6ed3c2926453/ ctx=fe len=64
[tp] link_data dst=/6eb255d76ef7d214fabd6ed3c2926453/ ctx=fb len=192
[link] data_plain len=128 preview=35e65fe12a80ee3d00278ef932383927bd791670aa6a7f7a029c1a472045933f
[tp] send_proof dst=/6eb255d76ef7d214fabd6ed3c2926453/ ctx=05
[tp] link_data dst=/5e25654ea292526c0b3c295c1f146fac/ ctx=fa len=1
[tp] link_data dst=/6cc3ed89d8fc13b54a9ee907651c800b/ ctx=fa len=1
[tp] path_request dest=/a15f32cc809931cb4fcdf27adbe05aa6/ iface=/d86e8112f3c4c4442126f8e9f44f1686/
[tp] link_data dst=/6eb255d76ef7d214fabd6ed3c2926453/ ctx=fc len=80
[tp] path_request dest=/e36c13fd857732740ed3421a512e06aa/ iface=/d86e8112f3c4c4442126f8e9f44f1686/
[tp] link_data dst=/dc5bf7d1e2af1af2522b4fb347f4088a/ ctx=fa len=1
[tp] path_request dest=/12cb1ed29943213839f0b0d18cd42761/ iface=/d86e8112f3c4c4442126f8e9f44f1686/
[tp] link_request dst=/6dee4caf17f87a1051504791002c8786/ ctx=00 hops=2
[tp] link_proof_tx dst=/6dee4caf17f87a1051504791002c8786/ link_id=/e8b24f8959bd7496b955a2c244f69ade/
[tp] link_data dst=/e8b24f8959bd7496b955a2c244f69ade/ ctx=fe len=64
[tp] link_data dst=/e8b24f8959bd7496b955a2c244f69ade/ ctx=fb len=192
[link] data_plain len=128 preview=35e65fe12a80ee3d00278ef932383927bd791670aa6a7f7a029c1a472045933f
[tp] send_proof dst=/e8b24f8959bd7496b955a2c244f69ade/ ctx=05
[tp] link_data dst=/dc5bf7d1e2af1af2522b4fb347f4088a/ ctx=fc len=80
[tp] path_request dest=/fb9aca8a82abc784d75835c1e181adde/ iface=/d86e8112f3c4c4442126f8e9f44f1686/
[tp] link_data dst=/e8b24f8959bd7496b955a2c244f69ade/ ctx=fc len=80
[tp] link_data dst=/6cc3ed89d8fc13b54a9ee907651c800b/ ctx=fa len=1
[tp] path_request dest=/995cc3851347f138f51af73d182d5e1d/ iface=/d86e8112f3c4c4442126f8e9f44f1686/
[tp] path_request dest=/b8bbfff472fe128873c9395a3ff8b353/ iface=/d86e8112f3c4c4442126f8e9f44f1686/
[tp] path_request dest=/a15f32cc809931cb4fcdf27adbe05aa6/ iface=/d86e8112f3c4c4442126f8e9f44f1686/
[tp] link_data dst=/6cc3ed89d8fc13b54a9ee907651c800b/ ctx=fc len=80
[tp] path_request dest=/164c25505b1f19d8326fc0d69ca15b4d/ iface=/d86e8112f3c4c4442126f8e9f44f1686/
[tp] link_request dst=/6dee4caf17f87a1051504791002c8786/ ctx=00 hops=2
[tp] link_proof_tx dst=/6dee4caf17f87a1051504791002c8786/ link_id=/0d2382e3209a8669f8b9067a2a82bc2b/
[tp] link_data dst=/0d2382e3209a8669f8b9067a2a82bc2b/ ctx=fe len=64
[tp] link_data dst=/0d2382e3209a8669f8b9067a2a82bc2b/ ctx=fb len=192
[link] data_plain len=128 preview=35e65fe12a80ee3d00278ef932383927bd791670aa6a7f7a029c1a472045933f
[tp] send_proof dst=/0d2382e3209a8669f8b9067a2a82bc2b/ ctx=05
[tp] path_request dest=/a3dfea289534e4b2d0f5730310eebd99/ iface=/d86e8112f3c4c4442126f8e9f44f1686/
[tp] path_request dest=/33c1da1d4ae3f5d2c13c0b6f5e2ff00d/ iface=/d86e8112f3c4c4442126f8e9f44f1686/
[tp] path_request dest=/ac31bf081f355d8ffbb73f0279341474/ iface=/d86e8112f3c4c4442126f8e9f44f1686/
[tp] link_data dst=/0d2382e3209a8669f8b9067a2a82bc2b/ ctx=fc len=80
[tp] link_request dst=/6dee4caf17f87a1051504791002c8786/ ctx=00 hops=2
[tp] link_proof_tx dst=/6dee4caf17f87a1051504791002c8786/ link_id=/96da67f6f8099b07956ddc1fc96031c1/
[tp] link_data dst=/96da67f6f8099b07956ddc1fc96031c1/ ctx=fe len=64
[tp] link_data dst=/96da67f6f8099b07956ddc1fc96031c1/ ctx=fb len=192
[link] data_plain len=128 preview=caeb241290061ad1380b094471a8ab92b78aeb000a7b67d3c3af96b3825f2026
[tp] link_request dst=/6dee4caf17f87a1051504791002c8786/ ctx=00 hops=1
[tp] link_proof_tx dst=/6dee4caf17f87a1051504791002c8786/ link_id=/e38abb75895dd5952f8b4c551356656d/
[tp] link_data dst=/e38abb75895dd5952f8b4c551356656d/ ctx=fe len=64
[tp] link_data dst=/e38abb75895dd5952f8b4c551356656d/ ctx=fb len=192
[link] data_plain len=128 preview=613388bb8ecd27a4c8d93a2f12130260f688712331871c5385e4006e631b2257
[tp] link_data dst=/5e25654ea292526c0b3c295c1f146fac/ ctx=fa len=1
[tp] link_request dst=/6dee4caf17f87a1051504791002c8786/ ctx=00 hops=2
[tp] link_proof_tx dst=/6dee4caf17f87a1051504791002c8786/ link_id=/3d3196ff256234e30af6eef3ddf381e4/
[tp] link_data dst=/3d3196ff256234e30af6eef3ddf381e4/ ctx=fe len=64
[tp] link_data dst=/3d3196ff256234e30af6eef3ddf381e4/ ctx=fb len=192
[link] data_plain len=128 preview=35e65fe12a80ee3d00278ef932383927bd791670aa6a7f7a029c1a472045933f
[tp] link_data dst=/5e25654ea292526c0b3c295c1f146fac/ ctx=fc len=80
[tp] send_proof dst=/3d3196ff256234e30af6eef3ddf381e4/ ctx=05
[tp] path_request dest=/12cb1ed29943213839f0b0d18cd42761/ iface=/d86e8112f3c4c4442126f8e9f44f1686/
[tp] path_request dest=/c11629bc8f0a0c4570588fd987770315/ iface=/d86e8112f3c4c4442126f8e9f44f1686/
[tp] path_request dest=/d27dcbf0cccce567e08bea43d7f33dd8/ iface=/d86e8112f3c4c4442126f8e9f44f1686/
[tp] link_data dst=/0ef7923b3256589ced64dd4a5278cc58/ ctx=fa len=1
[tp] path_request dest=/177ab81a7ff8259290bd886b64360ead/ iface=/d86e8112f3c4c4442126f8e9f44f1686/
[tp] link_request dst=/6dee4caf17f87a1051504791002c8786/ ctx=00 hops=3
[tp] link_proof_tx dst=/6dee4caf17f87a1051504791002c8786/ link_id=/0dbdb29964f7ad00ae709fcae38f7a9b/
[tp] link_data dst=/0dbdb29964f7ad00ae709fcae38f7a9b/ ctx=fe len=64
[tp] link_data dst=/0dbdb29964f7ad00ae709fcae38f7a9b/ ctx=fb len=192
[link] data_plain len=128 preview=cc382b4b875a934277afd08cb65a6c9521d4f8fd3bb0ecdefcc60ccbe03e1607
[tp] link_data dst=/0ef7923b3256589ced64dd4a5278cc58/ ctx=fc len=80
[tp] path_request dest=/87662f9f3cab80f0ac5c3570ac4893c2/ iface=/d86e8112f3c4c4442126f8e9f44f1686/
[tp] link_data dst=/3d3196ff256234e30af6eef3ddf381e4/ ctx=fc len=80
[tp] link_data dst=/e38abb75895dd5952f8b4c551356656d/ ctx=fa len=1
[tp] path_request dest=/379f204da5a77a6c340f6fae26097054/ iface=/d86e8112f3c4c4442126f8e9f44f1686/
[tp] link_request dst=/6dee4caf17f87a1051504791002c8786/ ctx=00 hops=2
[tp] link_proof_tx dst=/6dee4caf17f87a1051504791002c8786/ link_id=/a851760d970c7315e6c279ad552a30e1/
[tp] link_data dst=/a851760d970c7315e6c279ad552a30e1/ ctx=fe len=64
[tp] link_data dst=/a851760d970c7315e6c279ad552a30e1/ ctx=fb len=192
[link] data_plain len=128 preview=35e65fe12a80ee3d00278ef932383927bd791670aa6a7f7a029c1a472045933f
[tp] send_proof dst=/a851760d970c7315e6c279ad552a30e1/ ctx=05
[tp] link_data dst=/96da67f6f8099b07956ddc1fc96031c1/ ctx=fa len=1
[tp] path_request dest=/995cc3851347f138f51af73d182d5e1d/ iface=/d86e8112f3c4c4442126f8e9f44f1686/
[tp] link_request dst=/6dee4caf17f87a1051504791002c8786/ ctx=00 hops=1
[tp] link_proof_tx dst=/6dee4caf17f87a1051504791002c8786/ link_id=/6518920bfb73502e818d335551b0e427/
[tp] link_data dst=/6518920bfb73502e818d335551b0e427/ ctx=fe len=64
[tp] link_data dst=/6518920bfb73502e818d335551b0e427/ ctx=fb len=192
[link] data_plain len=128 preview=95f352c28e2489f68900d3a838d200df15e66c41ff1e98a3e7cfc71a15c7317d
[tp] link_request dst=/6dee4caf17f87a1051504791002c8786/ ctx=00 hops=1
[tp] link_proof_tx dst=/6dee4caf17f87a1051504791002c8786/ link_id=/8a17977e80ef850f886c12bba19fe5d6/
[tp] path_request dest=/b8bbfff472fe128873c9395a3ff8b353/ iface=/d86e8112f3c4c4442126f8e9f44f1686/
[tp] link_data dst=/8a17977e80ef850f886c12bba19fe5d6/ ctx=fe len=64
[tp] link_data dst=/8a17977e80ef850f886c12bba19fe5d6/ ctx=fb len=192
[link] data_plain len=128 preview=23011440193a10852f127547bb213727b07ce0a385b1ff3c1975621c6f04fb6d
[tp] path_request dest=/a15f32cc809931cb4fcdf27adbe05aa6/ iface=/d86e8112f3c4c4442126f8e9f44f1686/
[tp] path_request dest=/71f67e5defd2743e2507c148945308e8/ iface=/d86e8112f3c4c4442126f8e9f44f1686/
[tp] link_data dst=/a851760d970c7315e6c279ad552a30e1/ ctx=fc len=80
[tp] path_request dest=/12cb1ed29943213839f0b0d18cd42761/ iface=/d86e8112f3c4c4442126f8e9f44f1686/
[tp] path_request dest=/29ac8d52d030581ef7a9cf47581166aa/ iface=/d86e8112f3c4c4442126f8e9f44f1686/
[tp] link_request dst=/6dee4caf17f87a1051504791002c8786/ ctx=00 hops=2
[tp] link_proof_tx dst=/6dee4caf17f87a1051504791002c8786/ link_id=/2518514fa7daf9a409275262260d1b20/
[tp] link_data dst=/2518514fa7daf9a409275262260d1b20/ ctx=fe len=64
[tp] link_data dst=/2518514fa7daf9a409275262260d1b20/ ctx=fb len=192
[link] data_plain len=128 preview=35e65fe12a80ee3d00278ef932383927bd791670aa6a7f7a029c1a472045933f
[tp] link_data dst=/e38abb75895dd5952f8b4c551356656d/ ctx=fa len=1
[tp] send_proof dst=/2518514fa7daf9a409275262260d1b20/ ctx=05
[tp] link_data dst=/e38abb75895dd5952f8b4c551356656d/ ctx=fc len=80
[tp] path_request dest=/a3dfea289534e4b2d0f5730310eebd99/ iface=/d86e8112f3c4c4442126f8e9f44f1686/
[tp] path_request dest=/b18bb3d4ac56c99c5ee4791d79496ca2/ iface=/d86e8112f3c4c4442126f8e9f44f1686/
[tp] link_data dst=/2518514fa7daf9a409275262260d1b20/ ctx=fc len=80
[tp] path_request dest=/a15f32cc809931cb4fcdf27adbe05aa6/ iface=/d86e8112f3c4c4442126f8e9f44f1686/
[tp] link_data dst=/96da67f6f8099b07956ddc1fc96031c1/ ctx=fa len=1
[tp] link_data dst=/96da67f6f8099b07956ddc1fc96031c1/ ctx=fc len=80
[tp] link_request dst=/6dee4caf17f87a1051504791002c8786/ ctx=00 hops=2
[tp] link_proof_tx dst=/6dee4caf17f87a1051504791002c8786/ link_id=/2a3ba17e6d34419b67b5c737ab0952ab/
[tp] link_data dst=/2a3ba17e6d34419b67b5c737ab0952ab/ ctx=fe len=64
[tp] link_data dst=/2a3ba17e6d34419b67b5c737ab0952ab/ ctx=fb len=192
[link] data_plain len=128 preview=35e65fe12a80ee3d00278ef932383927bd791670aa6a7f7a029c1a472045933f
[tp] send_proof dst=/2a3ba17e6d34419b67b5c737ab0952ab/ ctx=05
[tp] link_request dst=/6dee4caf17f87a1051504791002c8786/ ctx=00 hops=2
[tp] link_proof_tx dst=/6dee4caf17f87a1051504791002c8786/ link_id=/6d9ab71533c748cf286f266b794b8424/
[tp] link_data dst=/6d9ab71533c748cf286f266b794b8424/ ctx=fe len=64
[tp] link_data dst=/6d9ab71533c748cf286f266b794b8424/ ctx=fb len=192
[link] data_plain len=128 preview=caeb241290061ad1380b094471a8ab92b78aeb000a7b67d3c3af96b3825f2026
[tp] link_data dst=/2a3ba17e6d34419b67b5c737ab0952ab/ ctx=fc len=80
[tp] path_request dest=/c04ed3e589c8a6621bb166c913b0a330/ iface=/d86e8112f3c4c4442126f8e9f44f1686/
[tp] path_request dest=/12cb1ed29943213839f0b0d18cd42761/ iface=/d86e8112f3c4c4442126f8e9f44f1686/
[tp] path_request dest=/cd6065d748509609cb92f37e43ed0576/ iface=/d86e8112f3c4c4442126f8e9f44f1686/
[tp] link_request dst=/6dee4caf17f87a1051504791002c8786/ ctx=00 hops=2
[tp] link_proof_tx dst=/6dee4caf17f87a1051504791002c8786/ link_id=/94208790b203b7837aa7b186c1e026bd/
[tp] link_data dst=/94208790b203b7837aa7b186c1e026bd/ ctx=fe len=64
[tp] link_data dst=/94208790b203b7837aa7b186c1e026bd/ ctx=fb len=192
[link] data_plain len=128 preview=35e65fe12a80ee3d00278ef932383927bd791670aa6a7f7a029c1a472045933f
[tp] send_proof dst=/94208790b203b7837aa7b186c1e026bd/ ctx=05
[tp] link_data dst=/6518920bfb73502e818d335551b0e427/ ctx=fa len=1
[tp] path_request dest=/995cc3851347f138f51af73d182d5e1d/ iface=/d86e8112f3c4c4442126f8e9f44f1686/
[tp] path_request dest=/f8de3e21f2b92e8eb4bb505f1e1381c4/ iface=/d86e8112f3c4c4442126f8e9f44f1686/
[tp] path_request dest=/e792a1b9b43cc8b95d12ecd2d1d3e8b2/ iface=/d86e8112f3c4c4442126f8e9f44f1686/
[tp] link_data dst=/8a17977e80ef850f886c12bba19fe5d6/ ctx=fa len=1
[tp] link_data dst=/94208790b203b7837aa7b186c1e026bd/ ctx=fc len=80
[tp] link_request dst=/6dee4caf17f87a1051504791002c8786/ ctx=00 hops=1
[tp] link_proof_tx dst=/6dee4caf17f87a1051504791002c8786/ link_id=/d76e15d1f5016cbc597e62724a3786b7/
[tp] link_data dst=/d76e15d1f5016cbc597e62724a3786b7/ ctx=fe len=64
[tp] link_data dst=/d76e15d1f5016cbc597e62724a3786b7/ ctx=fb len=192
[link] data_plain len=128 preview=613388bb8ecd27a4c8d93a2f12130260f688712331871c5385e4006e631b2257
[tp] path_request dest=/b18bb3d4ac56c99c5ee4791d79496ca2/ iface=/d86e8112f3c4c4442126f8e9f44f1686/
[tp] path_request dest=/e233d8d7e9c5f61419d45138ef0d90ff/ iface=/d86e8112f3c4c4442126f8e9f44f1686/
[tp] link_request dst=/6dee4caf17f87a1051504791002c8786/ ctx=00 hops=2
[tp] link_proof_tx dst=/6dee4caf17f87a1051504791002c8786/ link_id=/7cde88a88cb9ad7901ac8b50ce979f0b/
[tp] link_data dst=/7cde88a88cb9ad7901ac8b50ce979f0b/ ctx=fe len=64
[tp] link_data dst=/7cde88a88cb9ad7901ac8b50ce979f0b/ ctx=fb len=192
[link] data_plain len=128 preview=35e65fe12a80ee3d00278ef932383927bd791670aa6a7f7a029c1a472045933f
[tp] send_proof dst=/7cde88a88cb9ad7901ac8b50ce979f0b/ ctx=05
[tp] link_data dst=/6d9ab71533c748cf286f266b794b8424/ ctx=fa len=1
[tp] path_request dest=/a3dfea289534e4b2d0f5730310eebd99/ iface=/d86e8112f3c4c4442126f8e9f44f1686/
[tp] path_request dest=/540c608007597e56524853ff05e73b5d/ iface=/d86e8112f3c4c4442126f8e9f44f1686/
[tp] link_data dst=/7cde88a88cb9ad7901ac8b50ce979f0b/ ctx=fc len=80
[tp] link_data dst=/d76e15d1f5016cbc597e62724a3786b7/ ctx=fa len=1
[tp] path_request dest=/ba5d70d1f6e464c363e757a887873e08/ iface=/d86e8112f3c4c4442126f8e9f44f1686/
[tp] link_data dst=/f3655ac471f3672a6a1f2b48baaaa74d/ ctx=fa len=1
[tp] link_data dst=/6d9ab71533c748cf286f266b794b8424/ ctx=fa len=1
[tp] link_data dst=/6d9ab71533c748cf286f266b794b8424/ ctx=fc len=80
[tp] link_data dst=/6518920bfb73502e818d335551b0e427/ ctx=fa len=1
[tp] path_request dest=/58681bf71893d092811b7b97b6f767cf/ iface=/d86e8112f3c4c4442126f8e9f44f1686/
[tp] link_data dst=/d76e15d1f5016cbc597e62724a3786b7/ ctx=fa len=1
[tp] path_request dest=/995cc3851347f138f51af73d182d5e1d/ iface=/d86e8112f3c4c4442126f8e9f44f1686/
[tp] link_data dst=/6518920bfb73502e818d335551b0e427/ ctx=fc len=80
[tp] link_data dst=/d76e15d1f5016cbc597e62724a3786b7/ ctx=fc len=80
[tp] path_request dest=/c11629bc8f0a0c4570588fd987770315/ iface=/d86e8112f3c4c4442126f8e9f44f1686/
[tp] link_request dst=/6dee4caf17f87a1051504791002c8786/ ctx=00 hops=5
[tp] link_proof_tx dst=/6dee4caf17f87a1051504791002c8786/ link_id=/957ea710095bb671d79e6a86058cad1d/
[tp] path_request dest=/bd4090bc8e1eddbb7b2bf54494c64a46/ iface=/d86e8112f3c4c4442126f8e9f44f1686/
[tp] link_data dst=/8a17977e80ef850f886c12bba19fe5d6/ ctx=fa len=1
[tp] link_request dst=/6dee4caf17f87a1051504791002c8786/ ctx=00 hops=1
[tp] link_proof_tx dst=/6dee4caf17f87a1051504791002c8786/ link_id=/e5c90b09e631d60c00a62233670402c1/
[tp] link_data dst=/e5c90b09e631d60c00a62233670402c1/ ctx=fe len=64
[tp] link_data dst=/e5c90b09e631d60c00a62233670402c1/ ctx=fb len=192
[link] data_plain len=128 preview=613388bb8ecd27a4c8d93a2f12130260f688712331871c5385e4006e631b2257
[tp] path_request dest=/cd6065d748509609cb92f37e43ed0576/ iface=/d86e8112f3c4c4442126f8e9f44f1686/
[tp] link_request dst=/6dee4caf17f87a1051504791002c8786/ ctx=00 hops=1
[tp] link_proof_tx dst=/6dee4caf17f87a1051504791002c8786/ link_id=/89ce4e1613dd37f2c5db5068e6a66667/
[tp] link_data dst=/89ce4e1613dd37f2c5db5068e6a66667/ ctx=fe len=64
[tp] link_data dst=/89ce4e1613dd37f2c5db5068e6a66667/ ctx=fb len=192
[link] data_plain len=128 preview=95f352c28e2489f68900d3a838d200df15e66c41ff1e98a3e7cfc71a15c7317d
[tp] link_data dst=/59ced57a25e5a48f3167226ff436abe2/ ctx=fa len=1
[tp] link_data dst=/8a17977e80ef850f886c12bba19fe5d6/ ctx=fc len=80
[tp] path_request dest=/a3dfea289534e4b2d0f5730310eebd99/ iface=/d86e8112f3c4c4442126f8e9f44f1686/
[tp] path_request dest=/b8bbfff472fe128873c9395a3ff8b353/ iface=/d86e8112f3c4c4442126f8e9f44f1686/
[tp] path_request dest=/e792a1b9b43cc8b95d12ecd2d1d3e8b2/ iface=/d86e8112f3c4c4442126f8e9f44f1686/
[tp] link_data dst=/e5c90b09e631d60c00a62233670402c1/ ctx=fa len=1
[tp] link_request dst=/6dee4caf17f87a1051504791002c8786/ ctx=00 hops=2
[tp] link_proof_tx dst=/6dee4caf17f87a1051504791002c8786/ link_id=/1bf36a89f47827da6c13cfed7657d8da/
[tp] link_data dst=/1bf36a89f47827da6c13cfed7657d8da/ ctx=fe len=64
[tp] link_data dst=/1bf36a89f47827da6c13cfed7657d8da/ ctx=fb len=192
[link] data_plain len=128 preview=35e65fe12a80ee3d00278ef932383927bd791670aa6a7f7a029c1a472045933f
[tp] send_proof dst=/1bf36a89f47827da6c13cfed7657d8da/ ctx=05
[tp] path_request dest=/12cb1ed29943213839f0b0d18cd42761/ iface=/d86e8112f3c4c4442126f8e9f44f1686/
[tp] link_data dst=/bdb65722ac1e944188a5c2c0d9ab8548/ ctx=fa len=1
[tp] link_request dst=/6dee4caf17f87a1051504791002c8786/ ctx=00 hops=2
[tp] link_proof_tx dst=/6dee4caf17f87a1051504791002c8786/ link_id=/ce60e1883b841602dc0626147ed58c81/
[tp] path_request dest=/d9a4296c02b1208fad2b4ac5c08af067/ iface=/d86e8112f3c4c4442126f8e9f44f1686/
[tp] link_data dst=/ce60e1883b841602dc0626147ed58c81/ ctx=fe len=64
[tp] link_data dst=/ce60e1883b841602dc0626147ed58c81/ ctx=fb len=192
[link] data_plain len=128 preview=caeb241290061ad1380b094471a8ab92b78aeb000a7b67d3c3af96b3825f2026
[tp] link_data dst=/1bf36a89f47827da6c13cfed7657d8da/ ctx=fc len=80
[tp] path_request dest=/995cc3851347f138f51af73d182d5e1d/ iface=/d86e8112f3c4c4442126f8e9f44f1686/
[tp] link_data dst=/e5c90b09e631d60c00a62233670402c1/ ctx=fa len=1
[tp] link_request dst=/6dee4caf17f87a1051504791002c8786/ ctx=00 hops=2
[tp] link_proof_tx dst=/6dee4caf17f87a1051504791002c8786/ link_id=/d3626f64158aa01414495e9e1f90825d/
[tp] link_request dst=/6dee4caf17f87a1051504791002c8786/ ctx=00 hops=1
[tp] link_proof_tx dst=/6dee4caf17f87a1051504791002c8786/ link_id=/70e8b756cde6d14c08638e6d408160d0/
[tp] link_data dst=/d3626f64158aa01414495e9e1f90825d/ ctx=fe len=64
[tp] link_data dst=/d3626f64158aa01414495e9e1f90825d/ ctx=fb len=192
[link] data_plain len=128 preview=35e65fe12a80ee3d00278ef932383927bd791670aa6a7f7a029c1a472045933f
[tp] link_data dst=/70e8b756cde6d14c08638e6d408160d0/ ctx=fe len=64
[tp] link_data dst=/70e8b756cde6d14c08638e6d408160d0/ ctx=fb len=192
[link] data_plain len=128 preview=23011440193a10852f127547bb213727b07ce0a385b1ff3c1975621c6f04fb6d
[tp] send_proof dst=/d3626f64158aa01414495e9e1f90825d/ ctx=05
[tp] link_data dst=/e5c90b09e631d60c00a62233670402c1/ ctx=fc len=80
[tp] link_data dst=/d3626f64158aa01414495e9e1f90825d/ ctx=fc len=80
[tp] path_request dest=/b8bbfff472fe128873c9395a3ff8b353/ iface=/d86e8112f3c4c4442126f8e9f44f1686/
[tp] link_data dst=/89ce4e1613dd37f2c5db5068e6a66667/ ctx=fa len=1
[tp] link_request dst=/6dee4caf17f87a1051504791002c8786/ ctx=00 hops=1
[tp] link_proof_tx dst=/6dee4caf17f87a1051504791002c8786/ link_id=/51bbae5320d393f1c554e5d67a0e3f00/
[tp] link_data dst=/51bbae5320d393f1c554e5d67a0e3f00/ ctx=fe len=64
[tp] link_data dst=/51bbae5320d393f1c554e5d67a0e3f00/ ctx=fb len=192
[link] data_plain len=128 preview=613388bb8ecd27a4c8d93a2f12130260f688712331871c5385e4006e631b2257
[tp] path_request dest=/12cb1ed29943213839f0b0d18cd42761/ iface=/d86e8112f3c4c4442126f8e9f44f1686/
[tp] path_request dest=/c89f0492447e510276a2b1b503444782/ iface=/d86e8112f3c4c4442126f8e9f44f1686/
[tp] path_request dest=/a3dfea289534e4b2d0f5730310eebd99/ iface=/d86e8112f3c4c4442126f8e9f44f1686/
[tp] path_request dest=/f8de3e21f2b92e8eb4bb505f1e1381c4/ iface=/d86e8112f3c4c4442126f8e9f44f1686/
[tp] path_request dest=/e233d8d7e9c5f61419d45138ef0d90ff/ iface=/d86e8112f3c4c4442126f8e9f44f1686/
[tp] link_request dst=/6dee4caf17f87a1051504791002c8786/ ctx=00 hops=2
[tp] link_proof_tx dst=/6dee4caf17f87a1051504791002c8786/ link_id=/658420430a95edb1c11347cc4e311500/
[tp] link_data dst=/658420430a95edb1c11347cc4e311500/ ctx=fe len=64
[tp] link_data dst=/658420430a95edb1c11347cc4e311500/ ctx=fb len=192
[link] data_plain len=128 preview=35e65fe12a80ee3d00278ef932383927bd791670aa6a7f7a029c1a472045933f
[tp] send_proof dst=/658420430a95edb1c11347cc4e311500/ ctx=05
[tp] link_data dst=/ce60e1883b841602dc0626147ed58c81/ ctx=fa len=1
[tp] path_request dest=/c89f0492447e510276a2b1b503444782/ iface=/d86e8112f3c4c4442126f8e9f44f1686/
[tp] link_data dst=/658420430a95edb1c11347cc4e311500/ ctx=fc len=80
[tp] path_request dest=/12cb1ed29943213839f0b0d18cd42761/ iface=/d86e8112f3c4c4442126f8e9f44f1686/
[tp] link_request dst=/6dee4caf17f87a1051504791002c8786/ ctx=00 hops=1
[tp] link_proof_tx dst=/6dee4caf17f87a1051504791002c8786/ link_id=/402aa79985cf5ae63d40fc62541516ce/
[tp] link_data dst=/402aa79985cf5ae63d40fc62541516ce/ ctx=fe len=64
[tp] link_data dst=/402aa79985cf5ae63d40fc62541516ce/ ctx=fb len=192
[link] data_plain len=128 preview=78ee4c4fac7d04c38ceadd1a0700ca468295ff3ee01d2ed573590cf03e21021d
[tp] path_request dest=/995cc3851347f138f51af73d182d5e1d/ iface=/d86e8112f3c4c4442126f8e9f44f1686/
[tp] path_request dest=/b8bbfff472fe128873c9395a3ff8b353/ iface=/d86e8112f3c4c4442126f8e9f44f1686/
[tp] link_data dst=/51bbae5320d393f1c554e5d67a0e3f00/ ctx=fa len=1
[tp] link_data dst=/89ce4e1613dd37f2c5db5068e6a66667/ ctx=fa len=1
[tp] link_data dst=/70e8b756cde6d14c08638e6d408160d0/ ctx=fa len=1
[tp] link_data dst=/89ce4e1613dd37f2c5db5068e6a66667/ ctx=fc len=80
[tp] link_request dst=/6dee4caf17f87a1051504791002c8786/ ctx=00 hops=1
[tp] link_proof_tx dst=/6dee4caf17f87a1051504791002c8786/ link_id=/e236f5d0478d442af57caf03d86e3c8c/
[tp] link_data dst=/e236f5d0478d442af57caf03d86e3c8c/ ctx=fe len=64
[tp] link_data dst=/e236f5d0478d442af57caf03d86e3c8c/ ctx=fb len=192
[link] data_plain len=128 preview=95f352c28e2489f68900d3a838d200df15e66c41ff1e98a3e7cfc71a15c7317d
[tp] path_request dest=/b18bb3d4ac56c99c5ee4791d79496ca2/ iface=/d86e8112f3c4c4442126f8e9f44f1686/
[tp] path_request dest=/a3dfea289534e4b2d0f5730310eebd99/ iface=/d86e8112f3c4c4442126f8e9f44f1686/
[tp] path_request dest=/c89f0492447e510276a2b1b503444782/ iface=/d86e8112f3c4c4442126f8e9f44f1686/
[tp] link_data dst=/0dbdb29964f7ad00ae709fcae38f7a9b/ ctx=fa len=1
[tp] path_request dest=/58681bf71893d092811b7b97b6f767cf/ iface=/d86e8112f3c4c4442126f8e9f44f1686/
[tp] link_data dst=/402aa79985cf5ae63d40fc62541516ce/ ctx=fa len=1
[tp] path_request dest=/57e2d0ef3bd6127a75f53884d04418c4/ iface=/d86e8112f3c4c4442126f8e9f44f1686/
[tp] path_request dest=/b8bbfff472fe128873c9395a3ff8b353/ iface=/d86e8112f3c4c4442126f8e9f44f1686/
[tp] link_data dst=/ce60e1883b841602dc0626147ed58c81/ ctx=fa len=1
[tp] path_request dest=/f8de3e21f2b92e8eb4bb505f1e1381c4/ iface=/d86e8112f3c4c4442126f8e9f44f1686/
[tp] link_data dst=/ce60e1883b841602dc0626147ed58c81/ ctx=fc len=80
[tp] path_request dest=/164c25505b1f19d8326fc0d69ca15b4d/ iface=/d86e8112f3c4c4442126f8e9f44f1686/
[tp] path_request dest=/995cc3851347f138f51af73d182d5e1d/ iface=/d86e8112f3c4c4442126f8e9f44f1686/
[tp] path_request dest=/c89f0492447e510276a2b1b503444782/ iface=/d86e8112f3c4c4442126f8e9f44f1686/
[tp] link_data dst=/51bbae5320d393f1c554e5d67a0e3f00/ ctx=fa len=1
[tp] path_request dest=/540c608007597e56524853ff05e73b5d/ iface=/d86e8112f3c4c4442126f8e9f44f1686/
[tp] link_data dst=/51bbae5320d393f1c554e5d67a0e3f00/ ctx=fc len=80
[tp] link_request dst=/6dee4caf17f87a1051504791002c8786/ ctx=00 hops=2
[tp] link_proof_tx dst=/6dee4caf17f87a1051504791002c8786/ link_id=/0da6cc04b0ebd110ffa0ca38c511e17b/
[tp] link_data dst=/0da6cc04b0ebd110ffa0ca38c511e17b/ ctx=fe len=64
[tp] link_data dst=/0da6cc04b0ebd110ffa0ca38c511e17b/ ctx=fb len=192
[link] data_plain len=128 preview=caeb241290061ad1380b094471a8ab92b78aeb000a7b67d3c3af96b3825f2026
[tp] path_request dest=/c04ed3e589c8a6621bb166c913b0a330/ iface=/d86e8112f3c4c4442126f8e9f44f1686/
[tp] link_data dst=/e236f5d0478d442af57caf03d86e3c8c/ ctx=fa len=1
[tp] link_data dst=/402aa79985cf5ae63d40fc62541516ce/ ctx=fa len=1
[tp] link_request dst=/6dee4caf17f87a1051504791002c8786/ ctx=00 hops=1
[tp] link_proof_tx dst=/6dee4caf17f87a1051504791002c8786/ link_id=/76ab33ca2ad5d04220fd5a853a6fdbfb/
[tp] link_data dst=/76ab33ca2ad5d04220fd5a853a6fdbfb/ ctx=fe len=64
[tp] link_data dst=/76ab33ca2ad5d04220fd5a853a6fdbfb/ ctx=fb len=192
[link] data_plain len=128 preview=613388bb8ecd27a4c8d93a2f12130260f688712331871c5385e4006e631b2257
[tp] link_data dst=/402aa79985cf5ae63d40fc62541516ce/ ctx=fc len=80
[tp] path_request dest=/a3dfea289534e4b2d0f5730310eebd99/ iface=/d86e8112f3c4c4442126f8e9f44f1686/
[tp] link_data dst=/70e8b756cde6d14c08638e6d408160d0/ ctx=fa len=1
[tp] link_data dst=/70e8b756cde6d14c08638e6d408160d0/ ctx=fc len=80
[tp] path_request dest=/ba5d70d1f6e464c363e757a887873e08/ iface=/d86e8112f3c4c4442126f8e9f44f1686/
[tp] path_request dest=/b8bbfff472fe128873c9395a3ff8b353/ iface=/d86e8112f3c4c4442126f8e9f44f1686/
[tp] path_request dest=/9c937d75f3222a5d9530f1496ba494df/ iface=/d86e8112f3c4c4442126f8e9f44f1686/
[tp] link_request dst=/6dee4caf17f87a1051504791002c8786/ ctx=00 hops=1
[tp] link_proof_tx dst=/6dee4caf17f87a1051504791002c8786/ link_id=/cbde14e1dffa00886b4fdd5c96850d27/
[tp] link_data dst=/76ab33ca2ad5d04220fd5a853a6fdbfb/ ctx=fa len=1
[tp] link_data dst=/cbde14e1dffa00886b4fdd5c96850d27/ ctx=fe len=64
[tp] link_data dst=/cbde14e1dffa00886b4fdd5c96850d27/ ctx=fb len=192
[link] data_plain len=128 preview=23011440193a10852f127547bb213727b07ce0a385b1ff3c1975621c6f04fb6d
[tp] link_request dst=/6dee4caf17f87a1051504791002c8786/ ctx=00 hops=1
[tp] link_proof_tx dst=/6dee4caf17f87a1051504791002c8786/ link_id=/c07b31cee69a4085c22d314aaf244839/
[tp] link_data dst=/c07b31cee69a4085c22d314aaf244839/ ctx=fe len=64
[tp] link_data dst=/c07b31cee69a4085c22d314aaf244839/ ctx=fb len=192
[link] data_plain len=128 preview=78ee4c4fac7d04c38ceadd1a0700ca468295ff3ee01d2ed573590cf03e21021d
[tp] path_request dest=/c04ed3e589c8a6621bb166c913b0a330/ iface=/d86e8112f3c4c4442126f8e9f44f1686/
[tp] path_request dest=/e36c13fd857732740ed3421a512e06aa/ iface=/d86e8112f3c4c4442126f8e9f44f1686/
[tp] path_request dest=/41ea684bc8b1dc32d23e0d04e9029e1b/ iface=/d86e8112f3c4c4442126f8e9f44f1686/
[tp] path_request dest=/995cc3851347f138f51af73d182d5e1d/ iface=/d86e8112f3c4c4442126f8e9f44f1686/
[tp] link_request dst=/6dee4caf17f87a1051504791002c8786/ ctx=00 hops=2
[tp] link_proof_tx dst=/6dee4caf17f87a1051504791002c8786/ link_id=/f1a65bdccb548415aa2be23dcd63e4b0/
[tp] link_data dst=/f1a65bdccb548415aa2be23dcd63e4b0/ ctx=fe len=64
[tp] link_data dst=/f1a65bdccb548415aa2be23dcd63e4b0/ ctx=fb len=192
[link] data_plain len=128 preview=35e65fe12a80ee3d00278ef932383927bd791670aa6a7f7a029c1a472045933f
[tp] link_data dst=/76ab33ca2ad5d04220fd5a853a6fdbfb/ ctx=fa len=1
[tp] path_request dest=/164c25505b1f19d8326fc0d69ca15b4d/ iface=/d86e8112f3c4c4442126f8e9f44f1686/
[tp] path_request dest=/0ffa0968a18cb499c260e774cd3d9f28/ iface=/d86e8112f3c4c4442126f8e9f44f1686/
[tp] link_data dst=/76ab33ca2ad5d04220fd5a853a6fdbfb/ ctx=fc len=80
[tp] path_request dest=/e36c13fd857732740ed3421a512e06aa/ iface=/d86e8112f3c4c4442126f8e9f44f1686/
[tp] link_request dst=/6dee4caf17f87a1051504791002c8786/ ctx=00 hops=1
[tp] link_proof_tx dst=/6dee4caf17f87a1051504791002c8786/ link_id=/c913afa174b058d1133081c225f4f685/
[tp] path_request dest=/bd4090bc8e1eddbb7b2bf54494c64a46/ iface=/d86e8112f3c4c4442126f8e9f44f1686/
[tp] link_data dst=/c913afa174b058d1133081c225f4f685/ ctx=fe len=64
[tp] link_data dst=/c913afa174b058d1133081c225f4f685/ ctx=fb len=192
[link] data_plain len=128 preview=613388bb8ecd27a4c8d93a2f12130260f688712331871c5385e4006e631b2257
[tp] path_request dest=/29ac8d52d030581ef7a9cf47581166aa/ iface=/d86e8112f3c4c4442126f8e9f44f1686/
[tp] link_data dst=/e236f5d0478d442af57caf03d86e3c8c/ ctx=fa len=1
[tp] path_request dest=/a3dfea289534e4b2d0f5730310eebd99/ iface=/d86e8112f3c4c4442126f8e9f44f1686/
[tp] link_data dst=/e236f5d0478d442af57caf03d86e3c8c/ ctx=fc len=80
[tp] path_request dest=/b8bbfff472fe128873c9395a3ff8b353/ iface=/d86e8112f3c4c4442126f8e9f44f1686/
[tp] path_request dest=/0ffa0968a18cb499c260e774cd3d9f28/ iface=/d86e8112f3c4c4442126f8e9f44f1686/
[tp] path_request dest=/e792a1b9b43cc8b95d12ecd2d1d3e8b2/ iface=/d86e8112f3c4c4442126f8e9f44f1686/
[tp] path_request dest=/e233d8d7e9c5f61419d45138ef0d90ff/ iface=/d86e8112f3c4c4442126f8e9f44f1686/
[tp] link_request dst=/6dee4caf17f87a1051504791002c8786/ ctx=00 hops=1
[tp] link_proof_tx dst=/6dee4caf17f87a1051504791002c8786/ link_id=/20ff7d2c57117aead2f677d87510efbe/
[tp] link_data dst=/20ff7d2c57117aead2f677d87510efbe/ ctx=fe len=64
[tp] link_data dst=/20ff7d2c57117aead2f677d87510efbe/ ctx=fb len=192
[link] data_plain len=128 preview=95f352c28e2489f68900d3a838d200df15e66c41ff1e98a3e7cfc71a15c7317d
[tp] link_data dst=/f3655ac471f3672a6a1f2b48baaaa74d/ ctx=fa len=1
[tp] link_data dst=/cbde14e1dffa00886b4fdd5c96850d27/ ctx=fa len=1
[tp] link_data dst=/0da6cc04b0ebd110ffa0ca38c511e17b/ ctx=fa len=1
[tp] link_request dst=/6dee4caf17f87a1051504791002c8786/ ctx=00 hops=4
[tp] link_proof_tx dst=/6dee4caf17f87a1051504791002c8786/ link_id=/50ec18bc87320ee2e485dc972a8643d7/
[tp] path_request dest=/e36c13fd857732740ed3421a512e06aa/ iface=/d86e8112f3c4c4442126f8e9f44f1686/
[tp] link_request dst=/6dee4caf17f87a1051504791002c8786/ ctx=00 hops=6
[tp] link_proof_tx dst=/6dee4caf17f87a1051504791002c8786/ link_id=/12ef49f9e02f4ae66f6a3968cd5e6c88/
[tp] link_data dst=/50ec18bc87320ee2e485dc972a8643d7/ ctx=fe len=64
[tp] link_data dst=/50ec18bc87320ee2e485dc972a8643d7/ ctx=fb len=192
[link] data_plain len=128 preview=3f9a2c989e54cb6e3c3a0f31daf37937e538ab3ae2f78902164597263ec28d79
[tp] send_proof dst=/50ec18bc87320ee2e485dc972a8643d7/ ctx=05
[tp] link_data dst=/c913afa174b058d1133081c225f4f685/ ctx=fa len=1
[tp] path_request dest=/e792a1b9b43cc8b95d12ecd2d1d3e8b2/ iface=/d86e8112f3c4c4442126f8e9f44f1686/
[tp] link_data dst=/f3655ac471f3672a6a1f2b48baaaa74d/ ctx=fc len=80
[tp] path_request dest=/12cb1ed29943213839f0b0d18cd42761/ iface=/d86e8112f3c4c4442126f8e9f44f1686/
[tp] link_data dst=/50ec18bc87320ee2e485dc972a8643d7/ ctx=fc len=80
[tp] link_data dst=/f1a65bdccb548415aa2be23dcd63e4b0/ ctx=fa len=1
[tp] link_request dst=/6dee4caf17f87a1051504791002c8786/ ctx=00 hops=3
[tp] link_proof_tx dst=/6dee4caf17f87a1051504791002c8786/ link_id=/e1c5654e165568931e0b155fe674f855/
[tp] path_request dest=/bd4090bc8e1eddbb7b2bf54494c64a46/ iface=/d86e8112f3c4c4442126f8e9f44f1686/
[tp] link_data dst=/e1c5654e165568931e0b155fe674f855/ ctx=fe len=64
[tp] link_data dst=/e1c5654e165568931e0b155fe674f855/ ctx=fb len=192
[link] data_plain len=128 preview=cbd4a6d311ba97b671bd75d501e048cad1f23eba47622f0bde8eed57b0d56814
[tp] path_request dest=/995cc3851347f138f51af73d182d5e1d/ iface=/d86e8112f3c4c4442126f8e9f44f1686/
[tp] path_request dest=/e36c13fd857732740ed3421a512e06aa/ iface=/d86e8112f3c4c4442126f8e9f44f1686/
[tp] path_request dest=/e792a1b9b43cc8b95d12ecd2d1d3e8b2/ iface=/d86e8112f3c4c4442126f8e9f44f1686/
[tp] path_request dest=/58681bf71893d092811b7b97b6f767cf/ iface=/d86e8112f3c4c4442126f8e9f44f1686/
[tp] link_data dst=/c913afa174b058d1133081c225f4f685/ ctx=fa len=1
[tp] link_data dst=/59ced57a25e5a48f3167226ff436abe2/ ctx=fa len=1
[tp] link_data dst=/c913afa174b058d1133081c225f4f685/ ctx=fc len=80
[tp] link_data dst=/59ced57a25e5a48f3167226ff436abe2/ ctx=fc len=80
[tp] path_request dest=/b8bbfff472fe128873c9395a3ff8b353/ iface=/d86e8112f3c4c4442126f8e9f44f1686/
[tp] path_request dest=/9c937d75f3222a5d9530f1496ba494df/ iface=/d86e8112f3c4c4442126f8e9f44f1686/
[tp] link_request dst=/6dee4caf17f87a1051504791002c8786/ ctx=00 hops=4
[tp] link_proof_tx dst=/6dee4caf17f87a1051504791002c8786/ link_id=/cecd1a3f25882708b34d9df6bf6af521/
[tp] link_data dst=/cecd1a3f25882708b34d9df6bf6af521/ ctx=fe len=64
[tp] link_data dst=/cecd1a3f25882708b34d9df6bf6af521/ ctx=fb len=192
[link] data_plain len=128 preview=3f9a2c989e54cb6e3c3a0f31daf37937e538ab3ae2f78902164597263ec28d79
[tp] send_proof dst=/cecd1a3f25882708b34d9df6bf6af521/ ctx=05
[tp] path_request dest=/a3dfea289534e4b2d0f5730310eebd99/ iface=/d86e8112f3c4c4442126f8e9f44f1686/
[tp] path_request dest=/12cb1ed29943213839f0b0d18cd42761/ iface=/d86e8112f3c4c4442126f8e9f44f1686/
[tp] path_request dest=/f8de3e21f2b92e8eb4bb505f1e1381c4/ iface=/d86e8112f3c4c4442126f8e9f44f1686/
[tp] link_data dst=/f1a65bdccb548415aa2be23dcd63e4b0/ ctx=06 len=96
[tp] link_data dst=/f1a65bdccb548415aa2be23dcd63e4b0/ ctx=fc len=80
[tp] link_data dst=/bdb65722ac1e944188a5c2c0d9ab8548/ ctx=fa len=1
[tp] link_data dst=/bdb65722ac1e944188a5c2c0d9ab8548/ ctx=fc len=80
[tp] path_request dest=/e792a1b9b43cc8b95d12ecd2d1d3e8b2/ iface=/d86e8112f3c4c4442126f8e9f44f1686/
[tp] link_data dst=/cbde14e1dffa00886b4fdd5c96850d27/ ctx=fa len=1
[tp] link_data dst=/cbde14e1dffa00886b4fdd5c96850d27/ ctx=fc len=80
[tp] link_data dst=/e1c5654e165568931e0b155fe674f855/ ctx=fa len=1
[tp] link_request dst=/6dee4caf17f87a1051504791002c8786/ ctx=00 hops=1
[tp] link_proof_tx dst=/6dee4caf17f87a1051504791002c8786/ link_id=/d599e57795d3c9aed02c1f2d537b806b/
[tp] link_data dst=/d599e57795d3c9aed02c1f2d537b806b/ ctx=fe len=64
[tp] link_data dst=/d599e57795d3c9aed02c1f2d537b806b/ ctx=fb len=192
[link] data_plain len=128 preview=23011440193a10852f127547bb213727b07ce0a385b1ff3c1975621c6f04fb6d
[tp] path_request dest=/12cb1ed29943213839f0b0d18cd42761/ iface=/d86e8112f3c4c4442126f8e9f44f1686/
[tp] path_request dest=/b8bbfff472fe128873c9395a3ff8b353/ iface=/d86e8112f3c4c4442126f8e9f44f1686/
[tp] path_request dest=/bd4090bc8e1eddbb7b2bf54494c64a46/ iface=/d86e8112f3c4c4442126f8e9f44f1686/
[tp] link_data dst=/0da6cc04b0ebd110ffa0ca38c511e17b/ ctx=fa len=1
[tp] path_request dest=/4762234229b7e0b83c68b857bdf245c3/ iface=/d86e8112f3c4c4442126f8e9f44f1686/
[tp] path_request dest=/995cc3851347f138f51af73d182d5e1d/ iface=/d86e8112f3c4c4442126f8e9f44f1686/
[tp] link_data dst=/0da6cc04b0ebd110ffa0ca38c511e17b/ ctx=fc len=80
[tp] path_request dest=/a3dfea289534e4b2d0f5730310eebd99/ iface=/d86e8112f3c4c4442126f8e9f44f1686/
[tp] path_request dest=/e233d8d7e9c5f61419d45138ef0d90ff/ iface=/d86e8112f3c4c4442126f8e9f44f1686/
[tp] link_request dst=/6dee4caf17f87a1051504791002c8786/ ctx=00 hops=2
[tp] link_proof_tx dst=/6dee4caf17f87a1051504791002c8786/ link_id=/cdaab12e9473aff6722a6183c1164ff6/
[tp] link_data dst=/cdaab12e9473aff6722a6183c1164ff6/ ctx=fe len=64
[tp] link_data dst=/cdaab12e9473aff6722a6183c1164ff6/ ctx=fb len=192
[link] data_plain len=128 preview=35e65fe12a80ee3d00278ef932383927bd791670aa6a7f7a029c1a472045933f
[tp] send_proof dst=/cdaab12e9473aff6722a6183c1164ff6/ ctx=05
[tp] path_request dest=/12cb1ed29943213839f0b0d18cd42761/ iface=/d86e8112f3c4c4442126f8e9f44f1686/
[tp] path_request dest=/b8bbfff472fe128873c9395a3ff8b353/ iface=/d86e8112f3c4c4442126f8e9f44f1686/
[tp] link_data dst=/cdaab12e9473aff6722a6183c1164ff6/ ctx=fc len=80
[tp] link_data dst=/e1c5654e165568931e0b155fe674f855/ ctx=fa len=1
[tp] link_data dst=/e1c5654e165568931e0b155fe674f855/ ctx=fc len=80
[tp] link_request dst=/6dee4caf17f87a1051504791002c8786/ ctx=00 hops=2
[tp] link_proof_tx dst=/6dee4caf17f87a1051504791002c8786/ link_id=/92f07a00b4fd8794d78efbf71dc9a167/
[tp] link_data dst=/92f07a00b4fd8794d78efbf71dc9a167/ ctx=fe len=64
[tp] link_data dst=/92f07a00b4fd8794d78efbf71dc9a167/ ctx=fb len=192
[link] data_plain len=128 preview=caeb241290061ad1380b094471a8ab92b78aeb000a7b67d3c3af96b3825f2026
[tp] link_request dst=/6dee4caf17f87a1051504791002c8786/ ctx=00 hops=2
[tp] link_proof_tx dst=/6dee4caf17f87a1051504791002c8786/ link_id=/8fd9ab131e566bbe7f258c3c909f91c5/
[tp] link_data dst=/8fd9ab131e566bbe7f258c3c909f91c5/ ctx=fe len=64
[tp] link_data dst=/8fd9ab131e566bbe7f258c3c909f91c5/ ctx=fb len=192
[link] data_plain len=128 preview=35e65fe12a80ee3d00278ef932383927bd791670aa6a7f7a029c1a472045933f
[tp] path_request dest=/bd4090bc8e1eddbb7b2bf54494c64a46/ iface=/d86e8112f3c4c4442126f8e9f44f1686/
[tp] link_request dst=/6dee4caf17f87a1051504791002c8786/ ctx=00 hops=1
[tp] link_proof_tx dst=/6dee4caf17f87a1051504791002c8786/ link_id=/a68fb67c230ee481464911d63de822c2/
[tp] link_data dst=/a68fb67c230ee481464911d63de822c2/ ctx=fe len=64
[tp] link_data dst=/a68fb67c230ee481464911d63de822c2/ ctx=fb len=192
[link] data_plain len=128 preview=613388bb8ecd27a4c8d93a2f12130260f688712331871c5385e4006e631b2257
[tp] path_request dest=/995cc3851347f138f51af73d182d5e1d/ iface=/d86e8112f3c4c4442126f8e9f44f1686/
[tp] link_data dst=/d599e57795d3c9aed02c1f2d537b806b/ ctx=fa len=1
[tp] path_request dest=/12cb1ed29943213839f0b0d18cd42761/ iface=/d86e8112f3c4c4442126f8e9f44f1686/
[tp] link_request dst=/6dee4caf17f87a1051504791002c8786/ ctx=00 hops=2
[tp] link_proof_tx dst=/6dee4caf17f87a1051504791002c8786/ link_id=/15d468f96646b992da8604ee1a11388b/
[tp] link_data dst=/15d468f96646b992da8604ee1a11388b/ ctx=fe len=64
[tp] link_data dst=/15d468f96646b992da8604ee1a11388b/ ctx=fb len=192
[link] data_plain len=128 preview=cc343d204fc536882689c77cbddfe144b3cf8abc90165e8a859ee48a492f4b0c
[tp] link_data dst=/a68fb67c230ee481464911d63de822c2/ ctx=fa len=1
[tp] path_request dest=/a3dfea289534e4b2d0f5730310eebd99/ iface=/d86e8112f3c4c4442126f8e9f44f1686/
[tp] link_data dst=/92f07a00b4fd8794d78efbf71dc9a167/ ctx=fa len=1
[tp] path_request dest=/4a890e0e7c0cc69df96c7d4db8992341/ iface=/d86e8112f3c4c4442126f8e9f44f1686/
[tp] link_data dst=/cecd1a3f25882708b34d9df6bf6af521/ ctx=fc len=80
[tp] link_request dst=/6dee4caf17f87a1051504791002c8786/ ctx=00 hops=4
[tp] link_proof_tx dst=/6dee4caf17f87a1051504791002c8786/ link_id=/661d15325bdb6664f11ebf368f1cbc97/
[tp] link_data dst=/0dbdb29964f7ad00ae709fcae38f7a9b/ ctx=fa len=1
[tp] link_data dst=/0dbdb29964f7ad00ae709fcae38f7a9b/ ctx=fc len=80
[tp] path_request dest=/b8bbfff472fe128873c9395a3ff8b353/ iface=/d86e8112f3c4c4442126f8e9f44f1686/
[tp] path_request dest=/58681bf71893d092811b7b97b6f767cf/ iface=/d86e8112f3c4c4442126f8e9f44f1686/
[tp] link_request dst=/6dee4caf17f87a1051504791002c8786/ ctx=00 hops=3
[tp] link_proof_tx dst=/6dee4caf17f87a1051504791002c8786/ link_id=/103ad1db6028811fa95fc139ce65aa48/
[tp] link_data dst=/103ad1db6028811fa95fc139ce65aa48/ ctx=fe len=64
[tp] link_data dst=/103ad1db6028811fa95fc139ce65aa48/ ctx=fb len=192
[link] data_plain len=128 preview=cbd4a6d311ba97b671bd75d501e048cad1f23eba47622f0bde8eed57b0d56814
[tp] path_request dest=/e792a1b9b43cc8b95d12ecd2d1d3e8b2/ iface=/d86e8112f3c4c4442126f8e9f44f1686/
[tp] link_data dst=/a68fb67c230ee481464911d63de822c2/ ctx=fa len=1
[tp] link_data dst=/8fd9ab131e566bbe7f258c3c909f91c5/ ctx=fa len=1
[tp] link_data dst=/a68fb67c230ee481464911d63de822c2/ ctx=fc len=80
[tp] path_request dest=/12cb1ed29943213839f0b0d18cd42761/ iface=/d86e8112f3c4c4442126f8e9f44f1686/
[tp] path_request dest=/0769357259e48819ea9194b6230b2cef/ iface=/d86e8112f3c4c4442126f8e9f44f1686/
[tp] link_data dst=/92f07a00b4fd8794d78efbf71dc9a167/ ctx=fa len=1
[tp] link_data dst=/92f07a00b4fd8794d78efbf71dc9a167/ ctx=fc len=80
[tp] path_request dest=/540c608007597e56524853ff05e73b5d/ iface=/d86e8112f3c4c4442126f8e9f44f1686/
[tp] link_data dst=/103ad1db6028811fa95fc139ce65aa48/ ctx=fa len=1
[tp] link_data dst=/d599e57795d3c9aed02c1f2d537b806b/ ctx=fa len=1
[tp] path_request dest=/e792a1b9b43cc8b95d12ecd2d1d3e8b2/ iface=/d86e8112f3c4c4442126f8e9f44f1686/
[tp] link_data dst=/d599e57795d3c9aed02c1f2d537b806b/ ctx=fc len=80
[tp] path_request dest=/b8bbfff472fe128873c9395a3ff8b353/ iface=/d86e8112f3c4c4442126f8e9f44f1686/
[tp] path_request dest=/61b559b610b8c1d973ef42023d459eed/ iface=/d86e8112f3c4c4442126f8e9f44f1686/
[tp] path_request dest=/a3dfea289534e4b2d0f5730310eebd99/ iface=/d86e8112f3c4c4442126f8e9f44f1686/
[tp] link_data dst=/8fd9ab131e566bbe7f258c3c909f91c5/ ctx=06 len=96
[tp] link_data dst=/8fd9ab131e566bbe7f258c3c909f91c5/ ctx=fc len=80
[tp] path_request dest=/965511769c059271e655c503e810a670/ iface=/d86e8112f3c4c4442126f8e9f44f1686/
[tp] path_request dest=/12cb1ed29943213839f0b0d18cd42761/ iface=/d86e8112f3c4c4442126f8e9f44f1686/
[tp] path_request dest=/bd4090bc8e1eddbb7b2bf54494c64a46/ iface=/d86e8112f3c4c4442126f8e9f44f1686/
[tp] link_request dst=/6dee4caf17f87a1051504791002c8786/ ctx=00 hops=2
[tp] link_proof_tx dst=/6dee4caf17f87a1051504791002c8786/ link_id=/09c1d2dcfa817c625e0c5f4045401f99/
[tp] link_data dst=/09c1d2dcfa817c625e0c5f4045401f99/ ctx=fe len=64
[tp] link_data dst=/09c1d2dcfa817c625e0c5f4045401f99/ ctx=fb len=192
[link] data_plain len=128 preview=caeb241290061ad1380b094471a8ab92b78aeb000a7b67d3c3af96b3825f2026
[tp] link_request dst=/6dee4caf17f87a1051504791002c8786/ ctx=00 hops=3
[tp] link_proof_tx dst=/6dee4caf17f87a1051504791002c8786/ link_id=/c5c46671ab8e410eecca4b2e60297cf2/
[tp] link_data dst=/c5c46671ab8e410eecca4b2e60297cf2/ ctx=fe len=64
[tp] link_data dst=/c5c46671ab8e410eecca4b2e60297cf2/ ctx=fb len=192
[link] data_plain len=128 preview=cc382b4b875a934277afd08cb65a6c9521d4f8fd3bb0ecdefcc60ccbe03e1607
[tp] link_data dst=/c07b31cee69a4085c22d314aaf244839/ ctx=fa len=1
[tp] link_data dst=/103ad1db6028811fa95fc139ce65aa48/ ctx=fa len=1
[tp] link_data dst=/20ff7d2c57117aead2f677d87510efbe/ ctx=fa len=1
[tp] link_data dst=/c5c46671ab8e410eecca4b2e60297cf2/ ctx=08 len=32
[tp] link_data dst=/103ad1db6028811fa95fc139ce65aa48/ ctx=fc len=80
[tp] path_request dest=/995cc3851347f138f51af73d182d5e1d/ iface=/d86e8112f3c4c4442126f8e9f44f1686/
[tp] path_request dest=/12cb1ed29943213839f0b0d18cd42761/ iface=/d86e8112f3c4c4442126f8e9f44f1686/
[tp] link_data dst=/15d468f96646b992da8604ee1a11388b/ ctx=fa len=1
[tp] path_request dest=/540c608007597e56524853ff05e73b5d/ iface=/d86e8112f3c4c4442126f8e9f44f1686/
[tp] link_data dst=/09c1d2dcfa817c625e0c5f4045401f99/ ctx=fa len=1
[tp] path_request dest=/b8bbfff472fe128873c9395a3ff8b353/ iface=/d86e8112f3c4c4442126f8e9f44f1686/
[tp] path_request dest=/a3dfea289534e4b2d0f5730310eebd99/ iface=/d86e8112f3c4c4442126f8e9f44f1686/
[tp] link_data dst=/c5c46671ab8e410eecca4b2e60297cf2/ ctx=06 len=96
[tp] link_data dst=/c5c46671ab8e410eecca4b2e60297cf2/ ctx=fc len=80
[tp] link_request dst=/6dee4caf17f87a1051504791002c8786/ ctx=00 hops=1
[tp] link_proof_tx dst=/6dee4caf17f87a1051504791002c8786/ link_id=/3bb72363ae3a850b6cea12885ac38650/
[tp] link_data dst=/3bb72363ae3a850b6cea12885ac38650/ ctx=fe len=64
[tp] link_data dst=/3bb72363ae3a850b6cea12885ac38650/ ctx=fb len=192
[link] data_plain len=128 preview=23011440193a10852f127547bb213727b07ce0a385b1ff3c1975621c6f04fb6d
[tp] path_request dest=/12cb1ed29943213839f0b0d18cd42761/ iface=/d86e8112f3c4c4442126f8e9f44f1686/
[tp] path_request dest=/b18bb3d4ac56c99c5ee4791d79496ca2/ iface=/d86e8112f3c4c4442126f8e9f44f1686/
[tp] path_request dest=/e233d8d7e9c5f61419d45138ef0d90ff/ iface=/d86e8112f3c4c4442126f8e9f44f1686/
[tp] link_data dst=/09c1d2dcfa817c625e0c5f4045401f99/ ctx=fa len=1
[tp] link_request dst=/6dee4caf17f87a1051504791002c8786/ ctx=00 hops=3
[tp] link_proof_tx dst=/6dee4caf17f87a1051504791002c8786/ link_id=/b949de8e75aeca574434f0e9b3cc5c76/
[tp] link_data dst=/09c1d2dcfa817c625e0c5f4045401f99/ ctx=fc len=80
[tp] link_data dst=/b949de8e75aeca574434f0e9b3cc5c76/ ctx=fe len=64
[tp] link_data dst=/b949de8e75aeca574434f0e9b3cc5c76/ ctx=fb len=192
[link] data_plain len=128 preview=e5d92ab658d454847365bfbcf6f40651dc061a013f5152f66c47c48b044d4770
[tp] link_request dst=/6dee4caf17f87a1051504791002c8786/ ctx=00 hops=1
[tp] link_proof_tx dst=/6dee4caf17f87a1051504791002c8786/ link_id=/4603d9fc4a719d5c30baf8b5e0625825/
[tp] link_data dst=/4603d9fc4a719d5c30baf8b5e0625825/ ctx=fe len=64
[tp] link_data dst=/4603d9fc4a719d5c30baf8b5e0625825/ ctx=fb len=192
[link] data_plain len=128 preview=613388bb8ecd27a4c8d93a2f12130260f688712331871c5385e4006e631b2257
[tp] path_request dest=/b8bbfff472fe128873c9395a3ff8b353/ iface=/d86e8112f3c4c4442126f8e9f44f1686/
[tp] path_request dest=/995cc3851347f138f51af73d182d5e1d/ iface=/d86e8112f3c4c4442126f8e9f44f1686/
[tp] path_request dest=/bd4090bc8e1eddbb7b2bf54494c64a46/ iface=/d86e8112f3c4c4442126f8e9f44f1686/
[tp] path_request dest=/12cb1ed29943213839f0b0d18cd42761/ iface=/d86e8112f3c4c4442126f8e9f44f1686/
[tp] link_request dst=/6dee4caf17f87a1051504791002c8786/ ctx=00 hops=2
[tp] link_proof_tx dst=/6dee4caf17f87a1051504791002c8786/ link_id=/7d7894c1756f6585f1580f0d8181ccfd/
[tp] link_request dst=/6dee4caf17f87a1051504791002c8786/ ctx=00 hops=2
[tp] link_proof_tx dst=/6dee4caf17f87a1051504791002c8786/ link_id=/88a7577d057e4dcb81ed3b3fbece7202/
[tp] link_data dst=/7d7894c1756f6585f1580f0d8181ccfd/ ctx=fe len=64
[tp] link_data dst=/7d7894c1756f6585f1580f0d8181ccfd/ ctx=fb len=192
[link] data_plain len=128 preview=caeb241290061ad1380b094471a8ab92b78aeb000a7b67d3c3af96b3825f2026
[tp] link_data dst=/88a7577d057e4dcb81ed3b3fbece7202/ ctx=fe len=64
[tp] link_data dst=/88a7577d057e4dcb81ed3b3fbece7202/ ctx=fb len=192
[link] data_plain len=128 preview=35e65fe12a80ee3d00278ef932383927bd791670aa6a7f7a029c1a472045933f
[tp] path_request dest=/a3dfea289534e4b2d0f5730310eebd99/ iface=/d86e8112f3c4c4442126f8e9f44f1686/
[tp] link_data dst=/4603d9fc4a719d5c30baf8b5e0625825/ ctx=fa len=1
[tp] path_request dest=/b4508c693ae1ddc6a0d472977be93bfc/ iface=/d86e8112f3c4c4442126f8e9f44f1686/
[tp] path_request dest=/ded1003ef58774ed24ec30cc0fd6b6fc/ iface=/d86e8112f3c4c4442126f8e9f44f1686/
[tp] link_data dst=/88a7577d057e4dcb81ed3b3fbece7202/ ctx=08 len=32
[tp] path_request dest=/e233d8d7e9c5f61419d45138ef0d90ff/ iface=/d86e8112f3c4c4442126f8e9f44f1686/
[tp] link_request dst=/6dee4caf17f87a1051504791002c8786/ ctx=00 hops=3
[tp] link_proof_tx dst=/6dee4caf17f87a1051504791002c8786/ link_id=/9f6baf61019b15e811c54509f818f977/
[tp] link_data dst=/3bb72363ae3a850b6cea12885ac38650/ ctx=fa len=1
[tp] link_data dst=/9f6baf61019b15e811c54509f818f977/ ctx=fe len=64
[tp] link_data dst=/9f6baf61019b15e811c54509f818f977/ ctx=fb len=192
[link] data_plain len=128 preview=cbd4a6d311ba97b671bd75d501e048cad1f23eba47622f0bde8eed57b0d56814
[tp] path_request dest=/cd6065d748509609cb92f37e43ed0576/ iface=/d86e8112f3c4c4442126f8e9f44f1686/
[tp] path_request dest=/b8bbfff472fe128873c9395a3ff8b353/ iface=/d86e8112f3c4c4442126f8e9f44f1686/
[tp] link_data dst=/4603d9fc4a719d5c30baf8b5e0625825/ ctx=fa len=1
[tp] path_request dest=/cd6065d748509609cb92f37e43ed0576/ iface=/d86e8112f3c4c4442126f8e9f44f1686/
[tp] link_data dst=/4603d9fc4a719d5c30baf8b5e0625825/ ctx=fc len=80
[tp] path_request dest=/e233d8d7e9c5f61419d45138ef0d90ff/ iface=/d86e8112f3c4c4442126f8e9f44f1686/
[tp] link_data dst=/88a7577d057e4dcb81ed3b3fbece7202/ ctx=06 len=96
[tp] link_data dst=/88a7577d057e4dcb81ed3b3fbece7202/ ctx=fc len=80
[tp] path_request dest=/12cb1ed29943213839f0b0d18cd42761/ iface=/d86e8112f3c4c4442126f8e9f44f1686/
[tp] link_data dst=/15d468f96646b992da8604ee1a11388b/ ctx=fa len=1
[tp] link_data dst=/15d468f96646b992da8604ee1a11388b/ ctx=fc len=80
[tp] path_request dest=/995cc3851347f138f51af73d182d5e1d/ iface=/d86e8112f3c4c4442126f8e9f44f1686/
[tp] path_request dest=/fc112928258ed5f6b9abd1cf0c8d58f0/ iface=/d86e8112f3c4c4442126f8e9f44f1686/
[tp] path_request dest=/2f51e50b1b0bf7cef8b6837ea5614947/ iface=/d86e8112f3c4c4442126f8e9f44f1686/
[tp] path_request dest=/c5210cdf7fda275c7f978533ec4ece80/ iface=/d86e8112f3c4c4442126f8e9f44f1686/
[tp] path_request dest=/a3dfea289534e4b2d0f5730310eebd99/ iface=/d86e8112f3c4c4442126f8e9f44f1686/
[tp] path_request dest=/12cb1ed29943213839f0b0d18cd42761/ iface=/d86e8112f3c4c4442126f8e9f44f1686/
[tp] link_data dst=/7d7894c1756f6585f1580f0d8181ccfd/ ctx=fa len=1
[tp] path_request dest=/b8bbfff472fe128873c9395a3ff8b353/ iface=/d86e8112f3c4c4442126f8e9f44f1686/
[tp] link_data dst=/3bb72363ae3a850b6cea12885ac38650/ ctx=fa len=1
[tp] link_data dst=/3bb72363ae3a850b6cea12885ac38650/ ctx=fc len=80
[tp] path_request dest=/e233d8d7e9c5f61419d45138ef0d90ff/ iface=/d86e8112f3c4c4442126f8e9f44f1686/
[tp] link_request dst=/6dee4caf17f87a1051504791002c8786/ ctx=00 hops=2
[tp] link_proof_tx dst=/6dee4caf17f87a1051504791002c8786/ link_id=/16d708b1a6855f1797adf75e8cde17ad/
[tp] link_data dst=/16d708b1a6855f1797adf75e8cde17ad/ ctx=fe len=64
[tp] link_data dst=/16d708b1a6855f1797adf75e8cde17ad/ ctx=fb len=192
[link] data_plain len=128 preview=35e65fe12a80ee3d00278ef932383927bd791670aa6a7f7a029c1a472045933f
[tp] path_request dest=/bd4090bc8e1eddbb7b2bf54494c64a46/ iface=/d86e8112f3c4c4442126f8e9f44f1686/
[tp] send_proof dst=/16d708b1a6855f1797adf75e8cde17ad/ ctx=05
[tp] link_request dst=/6dee4caf17f87a1051504791002c8786/ ctx=00 hops=1
[tp] link_proof_tx dst=/6dee4caf17f87a1051504791002c8786/ link_id=/38f224233194d1a54230d523e016d9c7/
[tp] link_data dst=/38f224233194d1a54230d523e016d9c7/ ctx=fe len=64
[tp] link_data dst=/38f224233194d1a54230d523e016d9c7/ ctx=fb len=192
[link] data_plain len=128 preview=613388bb8ecd27a4c8d93a2f12130260f688712331871c5385e4006e631b2257
[tp] link_data dst=/16d708b1a6855f1797adf75e8cde17ad/ ctx=fc len=80
[tp] path_request dest=/995cc3851347f138f51af73d182d5e1d/ iface=/d86e8112f3c4c4442126f8e9f44f1686/
[tp] link_data dst=/38f224233194d1a54230d523e016d9c7/ ctx=fa len=1
[tp] path_request dest=/e36c13fd857732740ed3421a512e06aa/ iface=/d86e8112f3c4c4442126f8e9f44f1686/
[tp] path_request dest=/12cb1ed29943213839f0b0d18cd42761/ iface=/d86e8112f3c4c4442126f8e9f44f1686/
[tp] path_request dest=/a3dfea289534e4b2d0f5730310eebd99/ iface=/d86e8112f3c4c4442126f8e9f44f1686/
[tp] path_request dest=/c11629bc8f0a0c4570588fd987770315/ iface=/d86e8112f3c4c4442126f8e9f44f1686/
[tp] path_request dest=/b8bbfff472fe128873c9395a3ff8b353/ iface=/d86e8112f3c4c4442126f8e9f44f1686/
[tp] link_data dst=/20ff7d2c57117aead2f677d87510efbe/ ctx=fc len=80
[tp] path_request dest=/e233d8d7e9c5f61419d45138ef0d90ff/ iface=/d86e8112f3c4c4442126f8e9f44f1686/
[tp] path_request dest=/b18bb3d4ac56c99c5ee4791d79496ca2/ iface=/d86e8112f3c4c4442126f8e9f44f1686/
[tp] link_data dst=/38f224233194d1a54230d523e016d9c7/ ctx=fa len=1
[tp] link_data dst=/38f224233194d1a54230d523e016d9c7/ ctx=fc len=80
[tp] path_request dest=/965511769c059271e655c503e810a670/ iface=/d86e8112f3c4c4442126f8e9f44f1686/
[tp] path_request dest=/e36c13fd857732740ed3421a512e06aa/ iface=/d86e8112f3c4c4442126f8e9f44f1686/
[tp] path_request dest=/177ab81a7ff8259290bd886b64360ead/ iface=/d86e8112f3c4c4442126f8e9f44f1686/
[tp] link_request dst=/6dee4caf17f87a1051504791002c8786/ ctx=00 hops=1
[tp] link_proof_tx dst=/6dee4caf17f87a1051504791002c8786/ link_id=/83a88d0ef229e010530c9e267abef9f9/
[tp] link_data dst=/83a88d0ef229e010530c9e267abef9f9/ ctx=fe len=64
[tp] link_data dst=/83a88d0ef229e010530c9e267abef9f9/ ctx=fb len=192
[link] data_plain len=128 preview=95f352c28e2489f68900d3a838d200df15e66c41ff1e98a3e7cfc71a15c7317d
[tp] link_data dst=/7d7894c1756f6585f1580f0d8181ccfd/ ctx=fa len=1
[tp] link_request dst=/6dee4caf17f87a1051504791002c8786/ ctx=00 hops=2
[tp] link_proof_tx dst=/6dee4caf17f87a1051504791002c8786/ link_id=/8d26e5f363b56b47470940d073eb4298/
[tp] link_data dst=/8d26e5f363b56b47470940d073eb4298/ ctx=fe len=64
[tp] link_data dst=/8d26e5f363b56b47470940d073eb4298/ ctx=fb len=192
[link] data_plain len=128 preview=35e65fe12a80ee3d00278ef932383927bd791670aa6a7f7a029c1a472045933f
[tp] path_request dest=/12cb1ed29943213839f0b0d18cd42761/ iface=/d86e8112f3c4c4442126f8e9f44f1686/
[tp] link_data dst=/7d7894c1756f6585f1580f0d8181ccfd/ ctx=fc len=80
[tp] path_request dest=/0ffa0968a18cb499c260e774cd3d9f28/ iface=/d86e8112f3c4c4442126f8e9f44f1686/
[tp] path_request dest=/995cc3851347f138f51af73d182d5e1d/ iface=/d86e8112f3c4c4442126f8e9f44f1686/
[tp] path_request dest=/965511769c059271e655c503e810a670/ iface=/d86e8112f3c4c4442126f8e9f44f1686/
[tp] path_request dest=/58681bf71893d092811b7b97b6f767cf/ iface=/d86e8112f3c4c4442126f8e9f44f1686/
[tp] link_request dst=/6dee4caf17f87a1051504791002c8786/ ctx=00 hops=1
[tp] link_proof_tx dst=/6dee4caf17f87a1051504791002c8786/ link_id=/3d9c59f8ff0db8d010acfbcaa113ff19/
[tp] link_data dst=/3d9c59f8ff0db8d010acfbcaa113ff19/ ctx=fe len=64
[tp] link_data dst=/3d9c59f8ff0db8d010acfbcaa113ff19/ ctx=fb len=192
[link] data_plain len=128 preview=613388bb8ecd27a4c8d93a2f12130260f688712331871c5385e4006e631b2257
[tp] path_request dest=/bd4090bc8e1eddbb7b2bf54494c64a46/ iface=/d86e8112f3c4c4442126f8e9f44f1686/
[tp] path_request dest=/b8bbfff472fe128873c9395a3ff8b353/ iface=/d86e8112f3c4c4442126f8e9f44f1686/
[tp] path_request dest=/12cb1ed29943213839f0b0d18cd42761/ iface=/d86e8112f3c4c4442126f8e9f44f1686/
[tp] path_request dest=/a3dfea289534e4b2d0f5730310eebd99/ iface=/d86e8112f3c4c4442126f8e9f44f1686/
[tp] path_request dest=/965511769c059271e655c503e810a670/ iface=/d86e8112f3c4c4442126f8e9f44f1686/
[tp] link_data dst=/c07b31cee69a4085c22d314aaf244839/ ctx=fa len=1
[tp] link_data dst=/3d9c59f8ff0db8d010acfbcaa113ff19/ ctx=fa len=1
[tp] link_data dst=/c07b31cee69a4085c22d314aaf244839/ ctx=fc len=80
[tp] path_request dest=/c89f0492447e510276a2b1b503444782/ iface=/d86e8112f3c4c4442126f8e9f44f1686/
[tp] link_data dst=/83a88d0ef229e010530c9e267abef9f9/ ctx=fa len=1
[tp] path_request dest=/f8de3e21f2b92e8eb4bb505f1e1381c4/ iface=/d86e8112f3c4c4442126f8e9f44f1686/
[tp] link_request dst=/6dee4caf17f87a1051504791002c8786/ ctx=00 hops=2
[tp] link_proof_tx dst=/6dee4caf17f87a1051504791002c8786/ link_id=/9faca2f0510ea3bbb7cdffab1d0f650d/
[tp] link_data dst=/9faca2f0510ea3bbb7cdffab1d0f650d/ ctx=fe len=64
[tp] link_data dst=/9faca2f0510ea3bbb7cdffab1d0f650d/ ctx=fb len=192
[link] data_plain len=128 preview=cc343d204fc536882689c77cbddfe144b3cf8abc90165e8a859ee48a492f4b0c
[tp] path_request dest=/bd4090bc8e1eddbb7b2bf54494c64a46/ iface=/d86e8112f3c4c4442126f8e9f44f1686/
[tp] path_request dest=/c04ed3e589c8a6621bb166c913b0a330/ iface=/d86e8112f3c4c4442126f8e9f44f1686/
[tp] link_data dst=/8d26e5f363b56b47470940d073eb4298/ ctx=fa len=1
[tp] link_data dst=/3d9c59f8ff0db8d010acfbcaa113ff19/ ctx=fa len=1
[tp] path_request dest=/12cb1ed29943213839f0b0d18cd42761/ iface=/d86e8112f3c4c4442126f8e9f44f1686/
[tp] path_request dest=/41ea684bc8b1dc32d23e0d04e9029e1b/ iface=/d86e8112f3c4c4442126f8e9f44f1686/
[tp] link_data dst=/3d9c59f8ff0db8d010acfbcaa113ff19/ ctx=fc len=80
[tp] path_request dest=/b8bbfff472fe128873c9395a3ff8b353/ iface=/d86e8112f3c4c4442126f8e9f44f1686/
[tp] path_request dest=/995cc3851347f138f51af73d182d5e1d/ iface=/d86e8112f3c4c4442126f8e9f44f1686/
[tp] path_request dest=/c89f0492447e510276a2b1b503444782/ iface=/d86e8112f3c4c4442126f8e9f44f1686/
[tp] path_request dest=/bd4090bc8e1eddbb7b2bf54494c64a46/ iface=/d86e8112f3c4c4442126f8e9f44f1686/
[tp] link_request dst=/6dee4caf17f87a1051504791002c8786/ ctx=00 hops=3
[tp] link_proof_tx dst=/6dee4caf17f87a1051504791002c8786/ link_id=/8425df69eb283ceee3ff6473695ce2b2/
[tp] link_request dst=/6dee4caf17f87a1051504791002c8786/ ctx=00 hops=1
[tp] link_proof_tx dst=/6dee4caf17f87a1051504791002c8786/ link_id=/2bb17bb813870c03275f99374db31b56/
[tp] link_data dst=/2bb17bb813870c03275f99374db31b56/ ctx=fe len=64
[tp] link_data dst=/2bb17bb813870c03275f99374db31b56/ ctx=fb len=192
[link] data_plain len=128 preview=613388bb8ecd27a4c8d93a2f12130260f688712331871c5385e4006e631b2257
[tp] link_request dst=/6dee4caf17f87a1051504791002c8786/ ctx=00 hops=1
[tp] link_proof_tx dst=/6dee4caf17f87a1051504791002c8786/ link_id=/d3d227683dd5d426516df891067e1544/
[tp] link_data dst=/d3d227683dd5d426516df891067e1544/ ctx=fe len=64
[tp] link_data dst=/d3d227683dd5d426516df891067e1544/ ctx=fb len=192
[link] data_plain len=128 preview=78ee4c4fac7d04c38ceadd1a0700ca468295ff3ee01d2ed573590cf03e21021d
[tp] link_data dst=/8d26e5f363b56b47470940d073eb4298/ ctx=06 len=96
[tp] link_data dst=/8d26e5f363b56b47470940d073eb4298/ ctx=fc len=80
[tp] link_request dst=/6dee4caf17f87a1051504791002c8786/ ctx=00 hops=1
[tp] link_proof_tx dst=/6dee4caf17f87a1051504791002c8786/ link_id=/dd04734ad5cc0cea563507ab7d554173/
[tp] link_data dst=/dd04734ad5cc0cea563507ab7d554173/ ctx=fe len=64
[tp] link_data dst=/dd04734ad5cc0cea563507ab7d554173/ ctx=fb len=192
[link] data_plain len=128 preview=23011440193a10852f127547bb213727b07ce0a385b1ff3c1975621c6f04fb6d
[tp] link_data dst=/9faca2f0510ea3bbb7cdffab1d0f650d/ ctx=fa len=1
[tp] path_request dest=/a3dfea289534e4b2d0f5730310eebd99/ iface=/d86e8112f3c4c4442126f8e9f44f1686/
[tp] link_request dst=/6dee4caf17f87a1051504791002c8786/ ctx=00 hops=6
[tp] link_proof_tx dst=/6dee4caf17f87a1051504791002c8786/ link_id=/058907d5cae2f8290f2bcca002c4e91f/
[tp] path_request dest=/e8063ffddc09dc296cee6af512967d64/ iface=/d86e8112f3c4c4442126f8e9f44f1686/
[tp] path_request dest=/b18bb3d4ac56c99c5ee4791d79496ca2/ iface=/d86e8112f3c4c4442126f8e9f44f1686/
[tp] path_request dest=/12cb1ed29943213839f0b0d18cd42761/ iface=/d86e8112f3c4c4442126f8e9f44f1686/
[tp] path_request dest=/c89f0492447e510276a2b1b503444782/ iface=/d86e8112f3c4c4442126f8e9f44f1686/
[tp] link_request dst=/6dee4caf17f87a1051504791002c8786/ ctx=00 hops=2
[tp] link_proof_tx dst=/6dee4caf17f87a1051504791002c8786/ link_id=/94fc625e14ca24c6720658d9e3f1bdff/
[tp] link_data dst=/2bb17bb813870c03275f99374db31b56/ ctx=fa len=1
[tp] link_data dst=/94fc625e14ca24c6720658d9e3f1bdff/ ctx=fe len=64
[tp] link_data dst=/94fc625e14ca24c6720658d9e3f1bdff/ ctx=fb len=192
[link] data_plain len=128 preview=35e65fe12a80ee3d00278ef932383927bd791670aa6a7f7a029c1a472045933f
[tp] path_request dest=/e792a1b9b43cc8b95d12ecd2d1d3e8b2/ iface=/d86e8112f3c4c4442126f8e9f44f1686/
[tp] send_proof dst=/94fc625e14ca24c6720658d9e3f1bdff/ ctx=05
[tp] link_data dst=/83a88d0ef229e010530c9e267abef9f9/ ctx=fa len=1
[tp] path_request dest=/cd6065d748509609cb92f37e43ed0576/ iface=/d86e8112f3c4c4442126f8e9f44f1686/
[tp] link_data dst=/83a88d0ef229e010530c9e267abef9f9/ ctx=fc len=80
[tp] link_request dst=/6dee4caf17f87a1051504791002c8786/ ctx=00 hops=2
[tp] link_proof_tx dst=/6dee4caf17f87a1051504791002c8786/ link_id=/555b5ec0f92985e9821da04c5e1cd2aa/
[tp] link_data dst=/555b5ec0f92985e9821da04c5e1cd2aa/ ctx=fe len=64
[tp] link_data dst=/555b5ec0f92985e9821da04c5e1cd2aa/ ctx=fb len=192
[link] data_plain len=128 preview=caeb241290061ad1380b094471a8ab92b78aeb000a7b67d3c3af96b3825f2026
[tp] link_data dst=/b949de8e75aeca574434f0e9b3cc5c76/ ctx=fa len=1
[tp] link_data dst=/94fc625e14ca24c6720658d9e3f1bdff/ ctx=fc len=80
[tp] path_request dest=/b8bbfff472fe128873c9395a3ff8b353/ iface=/d86e8112f3c4c4442126f8e9f44f1686/
[tp] link_data dst=/d3d227683dd5d426516df891067e1544/ ctx=fa len=1
[tp] path_request dest=/b18bb3d4ac56c99c5ee4791d79496ca2/ iface=/d86e8112f3c4c4442126f8e9f44f1686/
[tp] link_request dst=/6dee4caf17f87a1051504791002c8786/ ctx=00 hops=2
[tp] link_proof_tx dst=/6dee4caf17f87a1051504791002c8786/ link_id=/51986d01715c9588f827965666a22e07/
[tp] link_data dst=/51986d01715c9588f827965666a22e07/ ctx=fe len=64
[tp] link_data dst=/51986d01715c9588f827965666a22e07/ ctx=fb len=192
[link] data_plain len=128 preview=35e65fe12a80ee3d00278ef932383927bd791670aa6a7f7a029c1a472045933f
[tp] link_data dst=/9faca2f0510ea3bbb7cdffab1d0f650d/ ctx=fa len=1
[tp] path_request dest=/c1e340a574e1ee72f671d9e6cbf5fc53/ iface=/d86e8112f3c4c4442126f8e9f44f1686/
[tp] path_request dest=/e792a1b9b43cc8b95d12ecd2d1d3e8b2/ iface=/d86e8112f3c4c4442126f8e9f44f1686/
[tp] link_request dst=/6dee4caf17f87a1051504791002c8786/ ctx=00 hops=1
[tp] link_proof_tx dst=/6dee4caf17f87a1051504791002c8786/ link_id=/72f2cc840514d273ece79d9a8d4a4c29/
[tp] link_data dst=/72f2cc840514d273ece79d9a8d4a4c29/ ctx=fe len=64
[tp] link_data dst=/72f2cc840514d273ece79d9a8d4a4c29/ ctx=fb len=192
[link] data_plain len=128 preview=95f352c28e2489f68900d3a838d200df15e66c41ff1e98a3e7cfc71a15c7317d
[tp] link_data dst=/9faca2f0510ea3bbb7cdffab1d0f650d/ ctx=fc len=80
[tp] path_request dest=/c89f0492447e510276a2b1b503444782/ iface=/d86e8112f3c4c4442126f8e9f44f1686/
[tp] link_data dst=/2bb17bb813870c03275f99374db31b56/ ctx=fa len=1
[tp] link_data dst=/2bb17bb813870c03275f99374db31b56/ ctx=fc len=80
[tp] path_request dest=/12cb1ed29943213839f0b0d18cd42761/ iface=/d86e8112f3c4c4442126f8e9f44f1686/
[tp] path_request dest=/c04ed3e589c8a6621bb166c913b0a330/ iface=/d86e8112f3c4c4442126f8e9f44f1686/
[tp] path_request dest=/22c55f9002800074df29d51f43319a8a/ iface=/d86e8112f3c4c4442126f8e9f44f1686/
[tp] link_data dst=/dd04734ad5cc0cea563507ab7d554173/ ctx=fa len=1
[tp] path_request dest=/995cc3851347f138f51af73d182d5e1d/ iface=/d86e8112f3c4c4442126f8e9f44f1686/
[tp] path_request dest=/fc112928258ed5f6b9abd1cf0c8d58f0/ iface=/d86e8112f3c4c4442126f8e9f44f1686/
[tp] path_request dest=/a3dfea289534e4b2d0f5730310eebd99/ iface=/d86e8112f3c4c4442126f8e9f44f1686/
[tp] path_request dest=/bd4090bc8e1eddbb7b2bf54494c64a46/ iface=/d86e8112f3c4c4442126f8e9f44f1686/
[tp] link_data dst=/9f6baf61019b15e811c54509f818f977/ ctx=fa len=1
[tp] path_request dest=/e792a1b9b43cc8b95d12ecd2d1d3e8b2/ iface=/d86e8112f3c4c4442126f8e9f44f1686/
[tp] path_request dest=/b8bbfff472fe128873c9395a3ff8b353/ iface=/d86e8112f3c4c4442126f8e9f44f1686/
[tp] link_data dst=/d3d227683dd5d426516df891067e1544/ ctx=fa len=1
[tp] link_data dst=/d3d227683dd5d426516df891067e1544/ ctx=fc len=80
[tp] path_request dest=/ac31bf081f355d8ffbb73f0279341474/ iface=/d86e8112f3c4c4442126f8e9f44f1686/
[tp] link_data dst=/51986d01715c9588f827965666a22e07/ ctx=fa len=1
[tp] path_request dest=/12cb1ed29943213839f0b0d18cd42761/ iface=/d86e8112f3c4c4442126f8e9f44f1686/
[tp] link_data dst=/72f2cc840514d273ece79d9a8d4a4c29/ ctx=fa len=1
[tp] path_request dest=/935f5a55b27785cb4f0b31691e3d71c7/ iface=/d86e8112f3c4c4442126f8e9f44f1686/
[tp] path_request dest=/f8de3e21f2b92e8eb4bb505f1e1381c4/ iface=/d86e8112f3c4c4442126f8e9f44f1686/
[tp] path_request dest=/ba5d70d1f6e464c363e757a887873e08/ iface=/d86e8112f3c4c4442126f8e9f44f1686/
[tp] path_request dest=/995cc3851347f138f51af73d182d5e1d/ iface=/d86e8112f3c4c4442126f8e9f44f1686/
[tp] path_request dest=/c04ed3e589c8a6621bb166c913b0a330/ iface=/d86e8112f3c4c4442126f8e9f44f1686/
[tp] path_request dest=/bd4090bc8e1eddbb7b2bf54494c64a46/ iface=/d86e8112f3c4c4442126f8e9f44f1686/
[tp] link_data dst=/dd04734ad5cc0cea563507ab7d554173/ ctx=fa len=1
[tp] link_data dst=/51986d01715c9588f827965666a22e07/ ctx=06 len=96
[tp] link_data dst=/51986d01715c9588f827965666a22e07/ ctx=fc len=80
[tp] path_request dest=/b8bbfff472fe128873c9395a3ff8b353/ iface=/d86e8112f3c4c4442126f8e9f44f1686/
[tp] link_request dst=/6dee4caf17f87a1051504791002c8786/ ctx=00 hops=2
[tp] link_proof_tx dst=/6dee4caf17f87a1051504791002c8786/ link_id=/c7133a68776a4420502540fc4d4b074c/
[tp] link_data dst=/c7133a68776a4420502540fc4d4b074c/ ctx=fe len=64
[tp] link_data dst=/c7133a68776a4420502540fc4d4b074c/ ctx=fb len=192
[link] data_plain len=128 preview=cc343d204fc536882689c77cbddfe144b3cf8abc90165e8a859ee48a492f4b0c
[tp] link_data dst=/dd04734ad5cc0cea563507ab7d554173/ ctx=fc len=80
[tp] path_request dest=/12cb1ed29943213839f0b0d18cd42761/ iface=/d86e8112f3c4c4442126f8e9f44f1686/
[tp] path_request dest=/6920c6a5f96abc13df3383dbdcc5e305/ iface=/d86e8112f3c4c4442126f8e9f44f1686/
[tp] link_request dst=/6dee4caf17f87a1051504791002c8786/ ctx=00 hops=1
[tp] link_proof_tx dst=/6dee4caf17f87a1051504791002c8786/ link_id=/e97fba930fc67bad91314d84b10a7c27/
[tp] link_data dst=/e97fba930fc67bad91314d84b10a7c27/ ctx=fe len=64
[tp] link_data dst=/e97fba930fc67bad91314d84b10a7c27/ ctx=fb len=192
[link] data_plain len=128 preview=613388bb8ecd27a4c8d93a2f12130260f688712331871c5385e4006e631b2257
[tp] link_request dst=/6dee4caf17f87a1051504791002c8786/ ctx=00 hops=1
[tp] link_proof_tx dst=/6dee4caf17f87a1051504791002c8786/ link_id=/90ada298b6c223abde2a998e410855e7/
[tp] link_data dst=/90ada298b6c223abde2a998e410855e7/ ctx=fe len=64
[tp] link_data dst=/90ada298b6c223abde2a998e410855e7/ ctx=fb len=192
[link] data_plain len=128 preview=23011440193a10852f127547bb213727b07ce0a385b1ff3c1975621c6f04fb6d
[tp] link_data dst=/555b5ec0f92985e9821da04c5e1cd2aa/ ctx=fa len=1
[tp] link_request dst=/6dee4caf17f87a1051504791002c8786/ ctx=00 hops=2
[tp] link_proof_tx dst=/6dee4caf17f87a1051504791002c8786/ link_id=/3a65faa005db7cde1aa751fe2c1102a7/
[tp] link_data dst=/3a65faa005db7cde1aa751fe2c1102a7/ ctx=fe len=64
[tp] link_data dst=/3a65faa005db7cde1aa751fe2c1102a7/ ctx=fb len=192
[link] data_plain len=128 preview=35e65fe12a80ee3d00278ef932383927bd791670aa6a7f7a029c1a472045933f
[tp] send_proof dst=/3a65faa005db7cde1aa751fe2c1102a7/ ctx=05
[tp] link_data dst=/72f2cc840514d273ece79d9a8d4a4c29/ ctx=fa len=1
[tp] link_data dst=/3a65faa005db7cde1aa751fe2c1102a7/ ctx=fc len=80
[tp] link_data dst=/72f2cc840514d273ece79d9a8d4a4c29/ ctx=fc len=80
[tp] link_request dst=/6dee4caf17f87a1051504791002c8786/ ctx=00 hops=1
[tp] link_proof_tx dst=/6dee4caf17f87a1051504791002c8786/ link_id=/cf22e5296d069d37cfc6a29279b91c7b/
[tp] link_data dst=/cf22e5296d069d37cfc6a29279b91c7b/ ctx=fe len=64
[tp] link_data dst=/cf22e5296d069d37cfc6a29279b91c7b/ ctx=fb len=192
[link] data_plain len=128 preview=95f352c28e2489f68900d3a838d200df15e66c41ff1e98a3e7cfc71a15c7317d
[tp] link_data dst=/e97fba930fc67bad91314d84b10a7c27/ ctx=fa len=1
[tp] path_request dest=/e233d8d7e9c5f61419d45138ef0d90ff/ iface=/d86e8112f3c4c4442126f8e9f44f1686/
[tp] link_request dst=/6dee4caf17f87a1051504791002c8786/ ctx=00 hops=2
[tp] link_proof_tx dst=/6dee4caf17f87a1051504791002c8786/ link_id=/038ed66bde3cd867d94791b6a854ed94/
[tp] link_data dst=/038ed66bde3cd867d94791b6a854ed94/ ctx=fe len=64
[tp] link_data dst=/038ed66bde3cd867d94791b6a854ed94/ ctx=fb len=192
[link] data_plain len=128 preview=35e65fe12a80ee3d00278ef932383927bd791670aa6a7f7a029c1a472045933f
[tp] path_request dest=/b4ac9705550f189cf2aff4d4748bd05e/ iface=/d86e8112f3c4c4442126f8e9f44f1686/
[tp] path_request dest=/12cb1ed29943213839f0b0d18cd42761/ iface=/d86e8112f3c4c4442126f8e9f44f1686/
[tp] path_request dest=/995cc3851347f138f51af73d182d5e1d/ iface=/d86e8112f3c4c4442126f8e9f44f1686/
[tp] link_data dst=/038ed66bde3cd867d94791b6a854ed94/ ctx=08 len=32
[tp] path_request dest=/b8bbfff472fe128873c9395a3ff8b353/ iface=/d86e8112f3c4c4442126f8e9f44f1686/
[tp] link_request dst=/6dee4caf17f87a1051504791002c8786/ ctx=00 hops=4
[tp] link_proof_tx dst=/6dee4caf17f87a1051504791002c8786/ link_id=/d919f34320236cd5e5d6585f00cebe04/
[tp] link_data dst=/e97fba930fc67bad91314d84b10a7c27/ ctx=fa len=1
[tp] path_request dest=/44213278b52d888683e970004dc95f3c/ iface=/d86e8112f3c4c4442126f8e9f44f1686/
[tp] link_data dst=/d919f34320236cd5e5d6585f00cebe04/ ctx=fe len=64
[tp] link_data dst=/d919f34320236cd5e5d6585f00cebe04/ ctx=fb len=192
[link] data_plain len=128 preview=3f9a2c989e54cb6e3c3a0f31daf37937e538ab3ae2f78902164597263ec28d79
[tp] path_request dest=/a3dfea289534e4b2d0f5730310eebd99/ iface=/d86e8112f3c4c4442126f8e9f44f1686/
[tp] link_data dst=/e97fba930fc67bad91314d84b10a7c27/ ctx=fc len=80
[tp] path_request dest=/a011c3309e1754c1bd12003e69132d87/ iface=/d86e8112f3c4c4442126f8e9f44f1686/
[tp] link_data dst=/90ada298b6c223abde2a998e410855e7/ ctx=fa len=1
[tp] link_data dst=/038ed66bde3cd867d94791b6a854ed94/ ctx=06 len=96
[tp] link_data dst=/038ed66bde3cd867d94791b6a854ed94/ ctx=fc len=80
[tp] path_request dest=/12cb1ed29943213839f0b0d18cd42761/ iface=/d86e8112f3c4c4442126f8e9f44f1686/
[tp] link_data dst=/cf22e5296d069d37cfc6a29279b91c7b/ ctx=fa len=1
[tp] path_request dest=/e792a1b9b43cc8b95d12ecd2d1d3e8b2/ iface=/d86e8112f3c4c4442126f8e9f44f1686/
[tp] path_request dest=/f8de3e21f2b92e8eb4bb505f1e1381c4/ iface=/d86e8112f3c4c4442126f8e9f44f1686/
[tp] link_request dst=/6dee4caf17f87a1051504791002c8786/ ctx=00 hops=2
[tp] link_proof_tx dst=/6dee4caf17f87a1051504791002c8786/ link_id=/2e3c3aafe3ec0a85e388760425645358/
[tp] path_request dest=/b8bbfff472fe128873c9395a3ff8b353/ iface=/d86e8112f3c4c4442126f8e9f44f1686/
[tp] link_data dst=/2e3c3aafe3ec0a85e388760425645358/ ctx=fe len=64
[tp] link_data dst=/2e3c3aafe3ec0a85e388760425645358/ ctx=fb len=192
[link] data_plain len=128 preview=35e65fe12a80ee3d00278ef932383927bd791670aa6a7f7a029c1a472045933f
[tp] path_request dest=/995cc3851347f138f51af73d182d5e1d/ iface=/d86e8112f3c4c4442126f8e9f44f1686/
[tp] path_request dest=/12cb1ed29943213839f0b0d18cd42761/ iface=/d86e8112f3c4c4442126f8e9f44f1686/
[tp] path_request dest=/9442532a96a9166ad38f24b79a8561ae/ iface=/d86e8112f3c4c4442126f8e9f44f1686/
[tp] path_request dest=/e792a1b9b43cc8b95d12ecd2d1d3e8b2/ iface=/d86e8112f3c4c4442126f8e9f44f1686/
[tp] path_request dest=/b4508c693ae1ddc6a0d472977be93bfc/ iface=/d86e8112f3c4c4442126f8e9f44f1686/
[tp] link_data dst=/555b5ec0f92985e9821da04c5e1cd2aa/ ctx=fa len=1
[tp] link_data dst=/555b5ec0f92985e9821da04c5e1cd2aa/ ctx=fc len=80
[tp] link_data dst=/90ada298b6c223abde2a998e410855e7/ ctx=fa len=1
[tp] link_request dst=/6dee4caf17f87a1051504791002c8786/ ctx=00 hops=1
[tp] link_proof_tx dst=/6dee4caf17f87a1051504791002c8786/ link_id=/118ee772b471a744082c03e74e2b385c/
[tp] link_data dst=/118ee772b471a744082c03e74e2b385c/ ctx=fe len=64
[tp] link_data dst=/118ee772b471a744082c03e74e2b385c/ ctx=fb len=192
[link] data_plain len=128 preview=613388bb8ecd27a4c8d93a2f12130260f688712331871c5385e4006e631b2257
[tp] link_data dst=/90ada298b6c223abde2a998e410855e7/ ctx=fc len=80
[tp] path_request dest=/f8de3e21f2b92e8eb4bb505f1e1381c4/ iface=/d86e8112f3c4c4442126f8e9f44f1686/
[tp] path_request dest=/b8bbfff472fe128873c9395a3ff8b353/ iface=/d86e8112f3c4c4442126f8e9f44f1686/
error: process didn't exit successfully: `target\debug\lxmd.exe --config C:\Users\broth\rust-test-node\lxmd.toml` (exit code: 0xffffffff)
[tp] announce_tx dst=/6dee4caf17f87a1051504791002c8786/ app_data_len=36
[tp] announce_tx dst=/f2e29f00e8ddda9f81d1845a7224793e/ app_data_len=0
[tp-diag] tcp_client write_all failed iface=/d86e8112f3c4c4442126f8e9f44f1686/ err=An existing connection was forcibly closed by the remote host. (os error 10054)
[tp] path_request dest=/965511769c059271e655c503e810a670/ iface=/d86e8112f3c4c4442126f8e9f44f1686/
[tp] path_request dest=/b8bbfff472fe128873c9395a3ff8b353/ iface=/d86e8112f3c4c4442126f8e9f44f1686/
[tp] path_request dest=/995cc3851347f138f51af73d182d5e1d/ iface=/d86e8112f3c4c4442126f8e9f44f1686/
[tp] path_request dest=/0ccb66c63cd38df7217468c1868a76d6/ iface=/d86e8112f3c4c4442126f8e9f44f1686/
[tp] path_request dest=/bd4090bc8e1eddbb7b2bf54494c64a46/ iface=/d86e8112f3c4c4442126f8e9f44f1686/
[tp] path_request dest=/e233d8d7e9c5f61419d45138ef0d90ff/ iface=/d86e8112f3c4c4442126f8e9f44f1686/
[tp] path_request dest=/a3dfea289534e4b2d0f5730310eebd99/ iface=/d86e8112f3c4c4442126f8e9f44f1686/
[tp] path_request dest=/b8bbfff472fe128873c9395a3ff8b353/ iface=/d86e8112f3c4c4442126f8e9f44f1686/
[tp] path_request dest=/12cb1ed29943213839f0b0d18cd42761/ iface=/d86e8112f3c4c4442126f8e9f44f1686/
[tp] path_request dest=/b8bbfff472fe128873c9395a3ff8b353/ iface=/d86e8112f3c4c4442126f8e9f44f1686/
[tp] path_request dest=/e233d8d7e9c5f61419d45138ef0d90ff/ iface=/d86e8112f3c4c4442126f8e9f44f1686/
[tp] path_request dest=/12cb1ed29943213839f0b0d18cd42761/ iface=/d86e8112f3c4c4442126f8e9f44f1686/
[tp] path_request dest=/995cc3851347f138f51af73d182d5e1d/ iface=/d86e8112f3c4c4442126f8e9f44f1686/
[tp] path_request dest=/e792a1b9b43cc8b95d12ecd2d1d3e8b2/ iface=/d86e8112f3c4c4442126f8e9f44f1686/
[tp] path_request dest=/a3dfea289534e4b2d0f5730310eebd99/ iface=/d86e8112f3c4c4442126f8e9f44f1686/
[tp] path_request dest=/f2095a900a9503ec122f3f78044f3161/ iface=/d86e8112f3c4c4442126f8e9f44f1686/
[tp] path_request dest=/f8de3e21f2b92e8eb4bb505f1e1381c4/ iface=/d86e8112f3c4c4442126f8e9f44f1686/
[tp] path_request dest=/b8bbfff472fe128873c9395a3ff8b353/ iface=/d86e8112f3c4c4442126f8e9f44f1686/
[tp] path_request dest=/12cb1ed29943213839f0b0d18cd42761/ iface=/d86e8112f3c4c4442126f8e9f44f1686/
[tp] path_request dest=/379f204da5a77a6c340f6fae26097054/ iface=/d86e8112f3c4c4442126f8e9f44f1686/
[tp] path_request dest=/bd4090bc8e1eddbb7b2bf54494c64a46/ iface=/d86e8112f3c4c4442126f8e9f44f1686/
[tp] path_request dest=/0ccb66c63cd38df7217468c1868a76d6/ iface=/d86e8112f3c4c4442126f8e9f44f1686/
[tp] path_request dest=/995cc3851347f138f51af73d182d5e1d/ iface=/d86e8112f3c4c4442126f8e9f44f1686/
[tp] path_request dest=/a3dfea289534e4b2d0f5730310eebd99/ iface=/d86e8112f3c4c4442126f8e9f44f1686/
[tp] path_request dest=/12cb1ed29943213839f0b0d18cd42761/ iface=/d86e8112f3c4c4442126f8e9f44f1686/
[tp] path_request dest=/b8bbfff472fe128873c9395a3ff8b353/ iface=/d86e8112f3c4c4442126f8e9f44f1686/
[tp] path_request dest=/4b2220f27b3d45dab45b13cb3a1eb498/ iface=/d86e8112f3c4c4442126f8e9f44f1686/
[tp] path_request dest=/e233d8d7e9c5f61419d45138ef0d90ff/ iface=/d86e8112f3c4c4442126f8e9f44f1686/
[tp] path_request dest=/58681bf71893d092811b7b97b6f767cf/ iface=/d86e8112f3c4c4442126f8e9f44f1686/
[tp] path_request dest=/12cb1ed29943213839f0b0d18cd42761/ iface=/d86e8112f3c4c4442126f8e9f44f1686/
[tp] path_request dest=/e36c13fd857732740ed3421a512e06aa/ iface=/d86e8112f3c4c4442126f8e9f44f1686/
[tp] path_request dest=/0ffa0968a18cb499c260e774cd3d9f28/ iface=/d86e8112f3c4c4442126f8e9f44f1686/
[tp] path_request dest=/bd4090bc8e1eddbb7b2bf54494c64a46/ iface=/d86e8112f3c4c4442126f8e9f44f1686/
[tp] path_request dest=/995cc3851347f138f51af73d182d5e1d/ iface=/d86e8112f3c4c4442126f8e9f44f1686/
[tp] path_request dest=/b8bbfff472fe128873c9395a3ff8b353/ iface=/d86e8112f3c4c4442126f8e9f44f1686/
[tp] path_request dest=/a3dfea289534e4b2d0f5730310eebd99/ iface=/d86e8112f3c4c4442126f8e9f44f1686/
[tp] path_request dest=/ba5d70d1f6e464c363e757a887873e08/ iface=/d86e8112f3c4c4442126f8e9f44f1686/
[tp] path_request dest=/e792a1b9b43cc8b95d12ecd2d1d3e8b2/ iface=/d86e8112f3c4c4442126f8e9f44f1686/
[tp] path_request dest=/12cb1ed29943213839f0b0d18cd42761/ iface=/d86e8112f3c4c4442126f8e9f44f1686/
[tp] path_request dest=/f8de3e21f2b92e8eb4bb505f1e1381c4/ iface=/d86e8112f3c4c4442126f8e9f44f1686/
[tp] path_request dest=/e233d8d7e9c5f61419d45138ef0d90ff/ iface=/d86e8112f3c4c4442126f8e9f44f1686/
[tp] path_request dest=/e792a1b9b43cc8b95d12ecd2d1d3e8b2/ iface=/d86e8112f3c4c4442126f8e9f44f1686/
[tp] path_request dest=/b8bbfff472fe128873c9395a3ff8b353/ iface=/d86e8112f3c4c4442126f8e9f44f1686/
[tp] path_request dest=/995cc3851347f138f51af73d182d5e1d/ iface=/d86e8112f3c4c4442126f8e9f44f1686/
[tp] path_request dest=/3f12837eedcf0a1482359d8acc05b950/ iface=/d86e8112f3c4c4442126f8e9f44f1686/
[tp] path_request dest=/12cb1ed29943213839f0b0d18cd42761/ iface=/d86e8112f3c4c4442126f8e9f44f1686/
[tp] path_request dest=/e792a1b9b43cc8b95d12ecd2d1d3e8b2/ iface=/d86e8112f3c4c4442126f8e9f44f1686/
[tp] path_request dest=/f8de3e21f2b92e8eb4bb505f1e1381c4/ iface=/d86e8112f3c4c4442126f8e9f44f1686/
[tp] path_request dest=/0ffa0968a18cb499c260e774cd3d9f28/ iface=/d86e8112f3c4c4442126f8e9f44f1686/
[tp] path_request dest=/e792a1b9b43cc8b95d12ecd2d1d3e8b2/ iface=/d86e8112f3c4c4442126f8e9f44f1686/
[tp] path_request dest=/12cb1ed29943213839f0b0d18cd42761/ iface=/d86e8112f3c4c4442126f8e9f44f1686/
[tp] path_request dest=/b8bbfff472fe128873c9395a3ff8b353/ iface=/d86e8112f3c4c4442126f8e9f44f1686/
[tp] path_request dest=/e36c13fd857732740ed3421a512e06aa/ iface=/d86e8112f3c4c4442126f8e9f44f1686/
[tp] path_request dest=/4762234229b7e0b83c68b857bdf245c3/ iface=/d86e8112f3c4c4442126f8e9f44f1686/
[tp] path_request dest=/3f12837eedcf0a1482359d8acc05b950/ iface=/d86e8112f3c4c4442126f8e9f44f1686/
[tp] path_request dest=/f8de3e21f2b92e8eb4bb505f1e1381c4/ iface=/d86e8112f3c4c4442126f8e9f44f1686/
[tp] path_request dest=/b18bb3d4ac56c99c5ee4791d79496ca2/ iface=/d86e8112f3c4c4442126f8e9f44f1686/
[tp] path_request dest=/bd4090bc8e1eddbb7b2bf54494c64a46/ iface=/d86e8112f3c4c4442126f8e9f44f1686/
[tp] path_request dest=/995cc3851347f138f51af73d182d5e1d/ iface=/d86e8112f3c4c4442126f8e9f44f1686/
[tp] path_request dest=/979a5adf9bc9721c9146b68dea00e144/ iface=/d86e8112f3c4c4442126f8e9f44f1686/
[tp] path_request dest=/3f12837eedcf0a1482359d8acc05b950/ iface=/d86e8112f3c4c4442126f8e9f44f1686/
[tp] path_request dest=/a3dfea289534e4b2d0f5730310eebd99/ iface=/d86e8112f3c4c4442126f8e9f44f1686/
[tp] path_request dest=/12cb1ed29943213839f0b0d18cd42761/ iface=/d86e8112f3c4c4442126f8e9f44f1686/
[tp] path_request dest=/2e659d21833e9df83f18e41f005f51c3/ iface=/d86e8112f3c4c4442126f8e9f44f1686/
[tp] path_request dest=/0d090a9dd58ca71a97e6f22066a5cb15/ iface=/d86e8112f3c4c4442126f8e9f44f1686/
[tp] path_request dest=/b8bbfff472fe128873c9395a3ff8b353/ iface=/d86e8112f3c4c4442126f8e9f44f1686/
[tp] path_request dest=/e792a1b9b43cc8b95d12ecd2d1d3e8b2/ iface=/d86e8112f3c4c4442126f8e9f44f1686/
[tp] path_request dest=/f8de3e21f2b92e8eb4bb505f1e1381c4/ iface=/d86e8112f3c4c4442126f8e9f44f1686/
[tp] path_request dest=/e233d8d7e9c5f61419d45138ef0d90ff/ iface=/d86e8112f3c4c4442126f8e9f44f1686/
[tp] path_request dest=/965511769c059271e655c503e810a670/ iface=/d86e8112f3c4c4442126f8e9f44f1686/
[tp] path_request dest=/12cb1ed29943213839f0b0d18cd42761/ iface=/d86e8112f3c4c4442126f8e9f44f1686/
[tp] path_request dest=/b8bbfff472fe128873c9395a3ff8b353/ iface=/d86e8112f3c4c4442126f8e9f44f1686/
[tp] path_request dest=/995cc3851347f138f51af73d182d5e1d/ iface=/d86e8112f3c4c4442126f8e9f44f1686/
[tp] path_request dest=/a3dfea289534e4b2d0f5730310eebd99/ iface=/d86e8112f3c4c4442126f8e9f44f1686/
[tp] path_request dest=/58681bf71893d092811b7b97b6f767cf/ iface=/d86e8112f3c4c4442126f8e9f44f1686/
[tp] path_request dest=/b8bbfff472fe128873c9395a3ff8b353/ iface=/d86e8112f3c4c4442126f8e9f44f1686/
[tp] path_request dest=/12cb1ed29943213839f0b0d18cd42761/ iface=/d86e8112f3c4c4442126f8e9f44f1686/
[tp] path_request dest=/b18bb3d4ac56c99c5ee4791d79496ca2/ iface=/d86e8112f3c4c4442126f8e9f44f1686/
[tp] path_request dest=/bd4090bc8e1eddbb7b2bf54494c64a46/ iface=/d86e8112f3c4c4442126f8e9f44f1686/
[tp] path_request dest=/e233d8d7e9c5f61419d45138ef0d90ff/ iface=/d86e8112f3c4c4442126f8e9f44f1686/
[tp] path_request dest=/f8de3e21f2b92e8eb4bb505f1e1381c4/ iface=/d86e8112f3c4c4442126f8e9f44f1686/
[tp] path_request dest=/0769357259e48819ea9194b6230b2cef/ iface=/d86e8112f3c4c4442126f8e9f44f1686/
[tp] path_request dest=/2eb90d38628f1c044e818b532f76bb0e/ iface=/d86e8112f3c4c4442126f8e9f44f1686/
[tp] path_request dest=/995cc3851347f138f51af73d182d5e1d/ iface=/d86e8112f3c4c4442126f8e9f44f1686/
[tp] path_request dest=/12cb1ed29943213839f0b0d18cd42761/ iface=/d86e8112f3c4c4442126f8e9f44f1686/
[tp] path_request dest=/58681bf71893d092811b7b97b6f767cf/ iface=/d86e8112f3c4c4442126f8e9f44f1686/
[tp] path_request dest=/b8bbfff472fe128873c9395a3ff8b353/ iface=/d86e8112f3c4c4442126f8e9f44f1686/
[tp] path_request dest=/a3dfea289534e4b2d0f5730310eebd99/ iface=/d86e8112f3c4c4442126f8e9f44f1686/
[tp] path_request dest=/0ffa0968a18cb499c260e774cd3d9f28/ iface=/d86e8112f3c4c4442126f8e9f44f1686/
[tp] path_request dest=/e233d8d7e9c5f61419d45138ef0d90ff/ iface=/d86e8112f3c4c4442126f8e9f44f1686/
[tp] path_request dest=/2eb90d38628f1c044e818b532f76bb0e/ iface=/d86e8112f3c4c4442126f8e9f44f1686/
[tp] path_request dest=/12cb1ed29943213839f0b0d18cd42761/ iface=/d86e8112f3c4c4442126f8e9f44f1686/
[tp] path_request dest=/6920c6a5f96abc13df3383dbdcc5e305/ iface=/d86e8112f3c4c4442126f8e9f44f1686/
[tp] path_request dest=/e233d8d7e9c5f61419d45138ef0d90ff/ iface=/d86e8112f3c4c4442126f8e9f44f1686/
[tp] path_request dest=/f8de3e21f2b92e8eb4bb505f1e1381c4/ iface=/d86e8112f3c4c4442126f8e9f44f1686/
[tp] path_request dest=/bd4090bc8e1eddbb7b2bf54494c64a46/ iface=/d86e8112f3c4c4442126f8e9f44f1686/
[tp] path_request dest=/fc112928258ed5f6b9abd1cf0c8d58f0/ iface=/d86e8112f3c4c4442126f8e9f44f1686/
[tp] path_request dest=/b8bbfff472fe128873c9395a3ff8b353/ iface=/d86e8112f3c4c4442126f8e9f44f1686/
[tp] path_request dest=/0ffa0968a18cb499c260e774cd3d9f28/ iface=/d86e8112f3c4c4442126f8e9f44f1686/
[tp] path_request dest=/a3dfea289534e4b2d0f5730310eebd99/ iface=/d86e8112f3c4c4442126f8e9f44f1686/
[tp] path_request dest=/f8de3e21f2b92e8eb4bb505f1e1381c4/ iface=/d86e8112f3c4c4442126f8e9f44f1686/
[tp] path_request dest=/995cc3851347f138f51af73d182d5e1d/ iface=/d86e8112f3c4c4442126f8e9f44f1686/
[tp] path_request dest=/12cb1ed29943213839f0b0d18cd42761/ iface=/d86e8112f3c4c4442126f8e9f44f1686/
[tp] path_request dest=/f85e0f7f22d7faeae5a896c909cfce90/ iface=/d86e8112f3c4c4442126f8e9f44f1686/
[tp] path_request dest=/b18bb3d4ac56c99c5ee4791d79496ca2/ iface=/d86e8112f3c4c4442126f8e9f44f1686/
[tp] path_request dest=/f8de3e21f2b92e8eb4bb505f1e1381c4/ iface=/d86e8112f3c4c4442126f8e9f44f1686/
[tp] path_request dest=/b8bbfff472fe128873c9395a3ff8b353/ iface=/d86e8112f3c4c4442126f8e9f44f1686/
[tp] path_request dest=/e792a1b9b43cc8b95d12ecd2d1d3e8b2/ iface=/d86e8112f3c4c4442126f8e9f44f1686/
[tp] path_request dest=/12cb1ed29943213839f0b0d18cd42761/ iface=/d86e8112f3c4c4442126f8e9f44f1686/
[tp] path_request dest=/995cc3851347f138f51af73d182d5e1d/ iface=/d86e8112f3c4c4442126f8e9f44f1686/
[tp] path_request dest=/a3dfea289534e4b2d0f5730310eebd99/ iface=/d86e8112f3c4c4442126f8e9f44f1686/
[tp] path_request dest=/b4508c693ae1ddc6a0d472977be93bfc/ iface=/d86e8112f3c4c4442126f8e9f44f1686/
[tp] path_request dest=/95f61519a00bec3fb1e7aacb8a0e3214/ iface=/d86e8112f3c4c4442126f8e9f44f1686/
[tp] path_request dest=/e233d8d7e9c5f61419d45138ef0d90ff/ iface=/d86e8112f3c4c4442126f8e9f44f1686/
[tp] path_request dest=/12cb1ed29943213839f0b0d18cd42761/ iface=/d86e8112f3c4c4442126f8e9f44f1686/
[tp] path_request dest=/b8bbfff472fe128873c9395a3ff8b353/ iface=/d86e8112f3c4c4442126f8e9f44f1686/
[tp] path_request dest=/e233d8d7e9c5f61419d45138ef0d90ff/ iface=/d86e8112f3c4c4442126f8e9f44f1686/
[tp] path_request dest=/177ab81a7ff8259290bd886b64360ead/ iface=/d86e8112f3c4c4442126f8e9f44f1686/
[tp] path_request dest=/995cc3851347f138f51af73d182d5e1d/ iface=/d86e8112f3c4c4442126f8e9f44f1686/
[tp] path_request dest=/12cb1ed29943213839f0b0d18cd42761/ iface=/d86e8112f3c4c4442126f8e9f44f1686/
[tp] path_request dest=/b8bbfff472fe128873c9395a3ff8b353/ iface=/d86e8112f3c4c4442126f8e9f44f1686/
[tp] path_request dest=/58681bf71893d092811b7b97b6f767cf/ iface=/d86e8112f3c4c4442126f8e9f44f1686/
[tp] path_request dest=/ac31bf081f355d8ffbb73f0279341474/ iface=/d86e8112f3c4c4442126f8e9f44f1686/
[tp] path_request dest=/b16382889027e75ffc978028098fe371/ iface=/d86e8112f3c4c4442126f8e9f44f1686/
[tp] path_request dest=/41ea684bc8b1dc32d23e0d04e9029e1b/ iface=/d86e8112f3c4c4442126f8e9f44f1686/
[tp] path_request dest=/0ffa0968a18cb499c260e774cd3d9f28/ iface=/d86e8112f3c4c4442126f8e9f44f1686/
[tp] path_request dest=/12cb1ed29943213839f0b0d18cd42761/ iface=/d86e8112f3c4c4442126f8e9f44f1686/
[tp] path_request dest=/965511769c059271e655c503e810a670/ iface=/d86e8112f3c4c4442126f8e9f44f1686/
[tp] path_request dest=/995cc3851347f138f51af73d182d5e1d/ iface=/d86e8112f3c4c4442126f8e9f44f1686/
[tp] path_request dest=/b8bbfff472fe128873c9395a3ff8b353/ iface=/d86e8112f3c4c4442126f8e9f44f1686/
[tp] path_request dest=/a3dfea289534e4b2d0f5730310eebd99/ iface=/d86e8112f3c4c4442126f8e9f44f1686/
[tp] path_request dest=/bd4090bc8e1eddbb7b2bf54494c64a46/ iface=/d86e8112f3c4c4442126f8e9f44f1686/
[tp] path_request dest=/b18bb3d4ac56c99c5ee4791d79496ca2/ iface=/d86e8112f3c4c4442126f8e9f44f1686/
[tp] path_request dest=/12cb1ed29943213839f0b0d18cd42761/ iface=/d86e8112f3c4c4442126f8e9f44f1686/
[tp] path_request dest=/0e45672cce6bfda87a085ba8478cd547/ iface=/d86e8112f3c4c4442126f8e9f44f1686/
[tp] path_request dest=/b40fda0cd24d53722d26fb0b0841e8d3/ iface=/d86e8112f3c4c4442126f8e9f44f1686/
[tp] path_request dest=/d9a4296c02b1208fad2b4ac5c08af067/ iface=/d86e8112f3c4c4442126f8e9f44f1686/
[tp] path_request dest=/2eb90d38628f1c044e818b532f76bb0e/ iface=/d86e8112f3c4c4442126f8e9f44f1686/
[tp] path_request dest=/995cc3851347f138f51af73d182d5e1d/ iface=/d86e8112f3c4c4442126f8e9f44f1686/
[tp] path_request dest=/09862b33421e7fdd95685fd946a30fe7/ iface=/d86e8112f3c4c4442126f8e9f44f1686/
[tp] path_request dest=/b8bbfff472fe128873c9395a3ff8b353/ iface=/d86e8112f3c4c4442126f8e9f44f1686/
[tp] path_request dest=/b18bb3d4ac56c99c5ee4791d79496ca2/ iface=/d86e8112f3c4c4442126f8e9f44f1686/
[tp] path_request dest=/a3dfea289534e4b2d0f5730310eebd99/ iface=/d86e8112f3c4c4442126f8e9f44f1686/
[tp] path_request dest=/12cb1ed29943213839f0b0d18cd42761/ iface=/d86e8112f3c4c4442126f8e9f44f1686/
[tp] path_request dest=/e233d8d7e9c5f61419d45138ef0d90ff/ iface=/d86e8112f3c4c4442126f8e9f44f1686/
[tp] path_request dest=/12cb1ed29943213839f0b0d18cd42761/ iface=/d86e8112f3c4c4442126f8e9f44f1686/
[tp] path_request dest=/b8bbfff472fe128873c9395a3ff8b353/ iface=/d86e8112f3c4c4442126f8e9f44f1686/
[tp] path_request dest=/e233d8d7e9c5f61419d45138ef0d90ff/ iface=/d86e8112f3c4c4442126f8e9f44f1686/
[tp] path_request dest=/2e659d21833e9df83f18e41f005f51c3/ iface=/d86e8112f3c4c4442126f8e9f44f1686/
[tp] path_request dest=/995cc3851347f138f51af73d182d5e1d/ iface=/d86e8112f3c4c4442126f8e9f44f1686/
[tp] path_request dest=/13fdbd3f3f15c72b7810dafc49b28e87/ iface=/d86e8112f3c4c4442126f8e9f44f1686/
[tp] path_request dest=/a3dfea289534e4b2d0f5730310eebd99/ iface=/d86e8112f3c4c4442126f8e9f44f1686/
[tp] path_request dest=/12cb1ed29943213839f0b0d18cd42761/ iface=/d86e8112f3c4c4442126f8e9f44f1686/
[tp] path_request dest=/e233d8d7e9c5f61419d45138ef0d90ff/ iface=/d86e8112f3c4c4442126f8e9f44f1686/
[tp] path_request dest=/b8bbfff472fe128873c9395a3ff8b353/ iface=/d86e8112f3c4c4442126f8e9f44f1686/
[tp] path_request dest=/0ffa0968a18cb499c260e774cd3d9f28/ iface=/d86e8112f3c4c4442126f8e9f44f1686/
[tp] path_request dest=/12cb1ed29943213839f0b0d18cd42761/ iface=/d86e8112f3c4c4442126f8e9f44f1686/
[tp] path_request dest=/e792a1b9b43cc8b95d12ecd2d1d3e8b2/ iface=/d86e8112f3c4c4442126f8e9f44f1686/
[tp] path_request dest=/13fdbd3f3f15c72b7810dafc49b28e87/ iface=/d86e8112f3c4c4442126f8e9f44f1686/
[tp] path_request dest=/e36c13fd857732740ed3421a512e06aa/ iface=/d86e8112f3c4c4442126f8e9f44f1686/
[tp] path_request dest=/995cc3851347f138f51af73d182d5e1d/ iface=/d86e8112f3c4c4442126f8e9f44f1686/
[tp] path_request dest=/0ffa0968a18cb499c260e774cd3d9f28/ iface=/d86e8112f3c4c4442126f8e9f44f1686/
[tp] path_request dest=/b18bb3d4ac56c99c5ee4791d79496ca2/ iface=/d86e8112f3c4c4442126f8e9f44f1686/
[tp] path_request dest=/13fdbd3f3f15c72b7810dafc49b28e87/ iface=/d86e8112f3c4c4442126f8e9f44f1686/
[tp] path_request dest=/b8bbfff472fe128873c9395a3ff8b353/ iface=/d86e8112f3c4c4442126f8e9f44f1686/
[tp] path_request dest=/e792a1b9b43cc8b95d12ecd2d1d3e8b2/ iface=/d86e8112f3c4c4442126f8e9f44f1686/
[tp] path_request dest=/12cb1ed29943213839f0b0d18cd42761/ iface=/d86e8112f3c4c4442126f8e9f44f1686/
[tp] path_request dest=/2370e01a600a608f96b4f3f0bebea7f6/ iface=/d86e8112f3c4c4442126f8e9f44f1686/
[tp] path_request dest=/f8de3e21f2b92e8eb4bb505f1e1381c4/ iface=/d86e8112f3c4c4442126f8e9f44f1686/
[tp] path_request dest=/13fdbd3f3f15c72b7810dafc49b28e87/ iface=/d86e8112f3c4c4442126f8e9f44f1686/
[tp] path_request dest=/e792a1b9b43cc8b95d12ecd2d1d3e8b2/ iface=/d86e8112f3c4c4442126f8e9f44f1686/
[tp] path_request dest=/66a28a29706e0a0b5fbe289c86d91d70/ iface=/d86e8112f3c4c4442126f8e9f44f1686/
[tp] path_request dest=/b18bb3d4ac56c99c5ee4791d79496ca2/ iface=/d86e8112f3c4c4442126f8e9f44f1686/
[tp] path_request dest=/e36c13fd857732740ed3421a512e06aa/ iface=/d86e8112f3c4c4442126f8e9f44f1686/
[tp] path_request dest=/12cb1ed29943213839f0b0d18cd42761/ iface=/d86e8112f3c4c4442126f8e9f44f1686/
[tp] path_request dest=/995cc3851347f138f51af73d182d5e1d/ iface=/d86e8112f3c4c4442126f8e9f44f1686/
[tp] path_request dest=/b8bbfff472fe128873c9395a3ff8b353/ iface=/d86e8112f3c4c4442126f8e9f44f1686/
[tp] path_request dest=/a3dfea289534e4b2d0f5730310eebd99/ iface=/d86e8112f3c4c4442126f8e9f44f1686/
[tp] path_request dest=/b18bb3d4ac56c99c5ee4791d79496ca2/ iface=/d86e8112f3c4c4442126f8e9f44f1686/
[tp] path_request dest=/61b559b610b8c1d973ef42023d459eed/ iface=/d86e8112f3c4c4442126f8e9f44f1686/
[tp] path_request dest=/e792a1b9b43cc8b95d12ecd2d1d3e8b2/ iface=/d86e8112f3c4c4442126f8e9f44f1686/
[tp] path_request dest=/12cb1ed29943213839f0b0d18cd42761/ iface=/d86e8112f3c4c4442126f8e9f44f1686/
[tp] path_request dest=/e36c13fd857732740ed3421a512e06aa/ iface=/d86e8112f3c4c4442126f8e9f44f1686/
[tp] path_request dest=/b8bbfff472fe128873c9395a3ff8b353/ iface=/d86e8112f3c4c4442126f8e9f44f1686/
[tp] path_request dest=/4a890e0e7c0cc69df96c7d4db8992341/ iface=/d86e8112f3c4c4442126f8e9f44f1686/
[tp] path_request dest=/f8de3e21f2b92e8eb4bb505f1e1381c4/ iface=/d86e8112f3c4c4442126f8e9f44f1686/
[tp] path_request dest=/995cc3851347f138f51af73d182d5e1d/ iface=/d86e8112f3c4c4442126f8e9f44f1686/
[tp] path_request dest=/e3c6c8b0f7b1f8a0a0b0c0d0e0f0a1b1/ iface=/d86e8112f3c4c4442126f8e9f44f1686/
[tp] path_request dest=/379f204da5a77a6c340f6fae26097054/ iface=/d86e8112f3c4c4442126f8e9f44f1686/
[tp] path_request dest=/12cb1ed29943213839f0b0d18cd42761/ iface=/d86e8112f3c4c4442126f8e9f44f1686/
[tp] path_request dest=/cd6065d748509609cb92f37e43ed0576/ iface=/d86e8112f3c4c4442126f8e9f44f1686/
[tp] path_request dest=/c04ed3e589c8a6621bb166c913b0a330/ iface=/d86e8112f3c4c4442126f8e9f44f1686/
[tp] path_request dest=/b18bb3d4ac56c99c5ee4791d79496ca2/ iface=/d86e8112f3c4c4442126f8e9f44f1686/
[tp] path_request dest=/e233d8d7e9c5f61419d45138ef0d90ff/ iface=/d86e8112f3c4c4442126f8e9f44f1686/
[tp] path_request dest=/fc112928258ed5f6b9abd1cf0c8d58f0/ iface=/d86e8112f3c4c4442126f8e9f44f1686/
[tp] path_request dest=/4762234229b7e0b83c68b857bdf245c3/ iface=/d86e8112f3c4c4442126f8e9f44f1686/
[tp] path_request dest=/b8bbfff472fe128873c9395a3ff8b353/ iface=/d86e8112f3c4c4442126f8e9f44f1686/
[tp] path_request dest=/bd4090bc8e1eddbb7b2bf54494c64a46/ iface=/d86e8112f3c4c4442126f8e9f44f1686/
[tp] path_request dest=/12cb1ed29943213839f0b0d18cd42761/ iface=/d86e8112f3c4c4442126f8e9f44f1686/
[tp] path_request dest=/e233d8d7e9c5f61419d45138ef0d90ff/ iface=/d86e8112f3c4c4442126f8e9f44f1686/
[tp] path_request dest=/0ffa0968a18cb499c260e774cd3d9f28/ iface=/d86e8112f3c4c4442126f8e9f44f1686/
[tp] path_request dest=/13fdbd3f3f15c72b7810dafc49b28e87/ iface=/d86e8112f3c4c4442126f8e9f44f1686/
[tp] path_request dest=/e792a1b9b43cc8b95d12ecd2d1d3e8b2/ iface=/d86e8112f3c4c4442126f8e9f44f1686/
[tp] path_request dest=/f8de3e21f2b92e8eb4bb505f1e1381c4/ iface=/d86e8112f3c4c4442126f8e9f44f1686/
[tp] path_request dest=/a3dfea289534e4b2d0f5730310eebd99/ iface=/d86e8112f3c4c4442126f8e9f44f1686/
[tp] path_request dest=/b4508c693ae1ddc6a0d472977be93bfc/ iface=/d86e8112f3c4c4442126f8e9f44f1686/
[tp] path_request dest=/4a890e0e7c0cc69df96c7d4db8992341/ iface=/d86e8112f3c4c4442126f8e9f44f1686/
[tp] path_request dest=/995cc3851347f138f51af73d182d5e1d/ iface=/d86e8112f3c4c4442126f8e9f44f1686/
[tp] path_request dest=/bf3660cc9eae597485ad941eed7715a8/ iface=/d86e8112f3c4c4442126f8e9f44f1686/
[tp] path_request dest=/bd4090bc8e1eddbb7b2bf54494c64a46/ iface=/d86e8112f3c4c4442126f8e9f44f1686/
[tp] path_request dest=/379f204da5a77a6c340f6fae26097054/ iface=/d86e8112f3c4c4442126f8e9f44f1686/
[tp] path_request dest=/12cb1ed29943213839f0b0d18cd42761/ iface=/d86e8112f3c4c4442126f8e9f44f1686/
[tp] path_request dest=/13fdbd3f3f15c72b7810dafc49b28e87/ iface=/d86e8112f3c4c4442126f8e9f44f1686/
[tp] path_request dest=/b8bbfff472fe128873c9395a3ff8b353/ iface=/d86e8112f3c4c4442126f8e9f44f1686/
[tp] path_request dest=/b18bb3d4ac56c99c5ee4791d79496ca2/ iface=/d86e8112f3c4c4442126f8e9f44f1686/
[tp] path_request dest=/c04ed3e589c8a6621bb166c913b0a330/ iface=/d86e8112f3c4c4442126f8e9f44f1686/
[tp] path_request dest=/12cb1ed29943213839f0b0d18cd42761/ iface=/d86e8112f3c4c4442126f8e9f44f1686/
[tp] path_request dest=/995cc3851347f138f51af73d182d5e1d/ iface=/d86e8112f3c4c4442126f8e9f44f1686/
[tp] path_request dest=/b18bb3d4ac56c99c5ee4791d79496ca2/ iface=/d86e8112f3c4c4442126f8e9f44f1686/
[tp] path_request dest=/e233d8d7e9c5f61419d45138ef0d90ff/ iface=/d86e8112f3c4c4442126f8e9f44f1686/
[tp] path_request dest=/b8bbfff472fe128873c9395a3ff8b353/ iface=/d86e8112f3c4c4442126f8e9f44f1686/
[tp] path_request dest=/58681bf71893d092811b7b97b6f767cf/ iface=/d86e8112f3c4c4442126f8e9f44f1686/
[tp] path_request dest=/ba5d70d1f6e464c363e757a887873e08/ iface=/d86e8112f3c4c4442126f8e9f44f1686/
[tp] path_request dest=/0769357259e48819ea9194b6230b2cef/ iface=/d86e8112f3c4c4442126f8e9f44f1686/
[tp] path_request dest=/12cb1ed29943213839f0b0d18cd42761/ iface=/d86e8112f3c4c4442126f8e9f44f1686/
[tp] path_request dest=/b08c5af6e8a45384115d81ae3b737521/ iface=/d86e8112f3c4c4442126f8e9f44f1686/
[tp] path_request dest=/995cc3851347f138f51af73d182d5e1d/ iface=/d86e8112f3c4c4442126f8e9f44f1686/
[tp] path_request dest=/b8bbfff472fe128873c9395a3ff8b353/ iface=/d86e8112f3c4c4442126f8e9f44f1686/
[tp] path_request dest=/a3dfea289534e4b2d0f5730310eebd99/ iface=/d86e8112f3c4c4442126f8e9f44f1686/
[tp] path_request dest=/ba5d70d1f6e464c363e757a887873e08/ iface=/d86e8112f3c4c4442126f8e9f44f1686/
[tp] path_request dest=/58681bf71893d092811b7b97b6f767cf/ iface=/d86e8112f3c4c4442126f8e9f44f1686/
[tp] path_request dest=/12cb1ed29943213839f0b0d18cd42761/ iface=/d86e8112f3c4c4442126f8e9f44f1686/
[tp] path_request dest=/b18bb3d4ac56c99c5ee4791d79496ca2/ iface=/d86e8112f3c4c4442126f8e9f44f1686/
[tp] path_request dest=/c5210cdf7fda275c7f978533ec4ece80/ iface=/d86e8112f3c4c4442126f8e9f44f1686/
[tp] path_request dest=/0ffa0968a18cb499c260e774cd3d9f28/ iface=/d86e8112f3c4c4442126f8e9f44f1686/
[tp] path_request dest=/2eb90d38628f1c044e818b532f76bb0e/ iface=/d86e8112f3c4c4442126f8e9f44f1686/
[tp] path_request dest=/e233d8d7e9c5f61419d45138ef0d90ff/ iface=/d86e8112f3c4c4442126f8e9f44f1686/
[tp] path_request dest=/b8bbfff472fe128873c9395a3ff8b353/ iface=/d86e8112f3c4c4442126f8e9f44f1686/
[tp] path_request dest=/12cb1ed29943213839f0b0d18cd42761/ iface=/d86e8112f3c4c4442126f8e9f44f1686/
[tp] path_request dest=/995cc3851347f138f51af73d182d5e1d/ iface=/d86e8112f3c4c4442126f8e9f44f1686/
[tp] path_request dest=/a3dfea289534e4b2d0f5730310eebd99/ iface=/d86e8112f3c4c4442126f8e9f44f1686/
[tp] path_request dest=/b18bb3d4ac56c99c5ee4791d79496ca2/ iface=/d86e8112f3c4c4442126f8e9f44f1686/
[tp] path_request dest=/627c60c9a9df4e50c15f5c104661c096/ iface=/d86e8112f3c4c4442126f8e9f44f1686/
[tp] path_request dest=/12cb1ed29943213839f0b0d18cd42761/ iface=/d86e8112f3c4c4442126f8e9f44f1686/
[tp] path_request dest=/b18bb3d4ac56c99c5ee4791d79496ca2/ iface=/d86e8112f3c4c4442126f8e9f44f1686/
[tp] path_request dest=/bd4090bc8e1eddbb7b2bf54494c64a46/ iface=/d86e8112f3c4c4442126f8e9f44f1686/
[tp] path_request dest=/ba5d70d1f6e464c363e757a887873e08/ iface=/d86e8112f3c4c4442126f8e9f44f1686/
[tp] path_request dest=/b8bbfff472fe128873c9395a3ff8b353/ iface=/d86e8112f3c4c4442126f8e9f44f1686/
[tp] path_request dest=/07fb2e1824b4750dc99ed59d8cb19c37/ iface=/d86e8112f3c4c4442126f8e9f44f1686/
[tp] path_request dest=/bd4090bc8e1eddbb7b2bf54494c64a46/ iface=/d86e8112f3c4c4442126f8e9f44f1686/
[tp] path_request dest=/58681bf71893d092811b7b97b6f767cf/ iface=/d86e8112f3c4c4442126f8e9f44f1686/
[tp] path_request dest=/c5210cdf7fda275c7f978533ec4ece80/ iface=/d86e8112f3c4c4442126f8e9f44f1686/
[tp] path_request dest=/995cc3851347f138f51af73d182d5e1d/ iface=/d86e8112f3c4c4442126f8e9f44f1686/
[tp] path_request dest=/12cb1ed29943213839f0b0d18cd42761/ iface=/d86e8112f3c4c4442126f8e9f44f1686/
[tp] path_request dest=/f8de3e21f2b92e8eb4bb505f1e1381c4/ iface=/d86e8112f3c4c4442126f8e9f44f1686/
[tp] path_request dest=/58681bf71893d092811b7b97b6f767cf/ iface=/d86e8112f3c4c4442126f8e9f44f1686/
[tp] path_request dest=/b18bb3d4ac56c99c5ee4791d79496ca2/ iface=/d86e8112f3c4c4442126f8e9f44f1686/
[tp] path_request dest=/b8bbfff472fe128873c9395a3ff8b353/ iface=/d86e8112f3c4c4442126f8e9f44f1686/
[tp] path_request dest=/bd4090bc8e1eddbb7b2bf54494c64a46/ iface=/d86e8112f3c4c4442126f8e9f44f1686/
[tp] path_request dest=/fc359d5aabd3ebea14c35f45db89e8b6/ iface=/d86e8112f3c4c4442126f8e9f44f1686/
[tp] path_request dest=/58681bf71893d092811b7b97b6f767cf/ iface=/d86e8112f3c4c4442126f8e9f44f1686/
[tp] path_request dest=/e233d8d7e9c5f61419d45138ef0d90ff/ iface=/d86e8112f3c4c4442126f8e9f44f1686/
[tp] path_request dest=/12cb1ed29943213839f0b0d18cd42761/ iface=/d86e8112f3c4c4442126f8e9f44f1686/
[tp] path_request dest=/379f204da5a77a6c340f6fae26097054/ iface=/d86e8112f3c4c4442126f8e9f44f1686/
[tp] path_request dest=/995cc3851347f138f51af73d182d5e1d/ iface=/d86e8112f3c4c4442126f8e9f44f1686/
[tp] path_request dest=/a3dfea289534e4b2d0f5730310eebd99/ iface=/d86e8112f3c4c4442126f8e9f44f1686/
[tp] path_request dest=/379f204da5a77a6c340f6fae26097054/ iface=/d86e8112f3c4c4442126f8e9f44f1686/
[tp] path_request dest=/bd4090bc8e1eddbb7b2bf54494c64a46/ iface=/d86e8112f3c4c4442126f8e9f44f1686/
[tp] path_request dest=/58681bf71893d092811b7b97b6f767cf/ iface=/d86e8112f3c4c4442126f8e9f44f1686/
[tp] path_request dest=/f8de3e21f2b92e8eb4bb505f1e1381c4/ iface=/d86e8112f3c4c4442126f8e9f44f1686/
[tp] path_request dest=/b8bbfff472fe128873c9395a3ff8b353/ iface=/d86e8112f3c4c4442126f8e9f44f1686/
[tp] path_request dest=/12cb1ed29943213839f0b0d18cd42761/ iface=/d86e8112f3c4c4442126f8e9f44f1686/
[tp] path_request dest=/8e06a3cdeebdf1ad4f2f4a05886027fe/ iface=/d86e8112f3c4c4442126f8e9f44f1686/
[tp] path_request dest=/0ffa0968a18cb499c260e774cd3d9f28/ iface=/d86e8112f3c4c4442126f8e9f44f1686/
[tp] path_request dest=/f8de3e21f2b92e8eb4bb505f1e1381c4/ iface=/d86e8112f3c4c4442126f8e9f44f1686/
[tp] path_request dest=/58681bf71893d092811b7b97b6f767cf/ iface=/d86e8112f3c4c4442126f8e9f44f1686/
[tp] path_request dest=/3745a3f11db6030944f4464abc750f20/ iface=/d86e8112f3c4c4442126f8e9f44f1686/
[tp] path_request dest=/41ad15a66352bf5201501fc1793aa70c/ iface=/d86e8112f3c4c4442126f8e9f44f1686/
[tp] path_request dest=/843bee43308603fe1222cf7747c15443/ iface=/d86e8112f3c4c4442126f8e9f44f1686/
[tp] path_request dest=/12cb1ed29943213839f0b0d18cd42761/ iface=/d86e8112f3c4c4442126f8e9f44f1686/
[tp] path_request dest=/995cc3851347f138f51af73d182d5e1d/ iface=/d86e8112f3c4c4442126f8e9f44f1686/
[tp] path_request dest=/b8bbfff472fe128873c9395a3ff8b353/ iface=/d86e8112f3c4c4442126f8e9f44f1686/
[tp] path_request dest=/a3dfea289534e4b2d0f5730310eebd99/ iface=/d86e8112f3c4c4442126f8e9f44f1686/
[tp] path_request dest=/fb7dfd8ce752d051a074e309814777be/ iface=/d86e8112f3c4c4442126f8e9f44f1686/
[tp] path_request dest=/c04ed3e589c8a6621bb166c913b0a330/ iface=/d86e8112f3c4c4442126f8e9f44f1686/
[tp] path_request dest=/965511769c059271e655c503e810a670/ iface=/d86e8112f3c4c4442126f8e9f44f1686/
[tp] path_request dest=/12cb1ed29943213839f0b0d18cd42761/ iface=/d86e8112f3c4c4442126f8e9f44f1686/
[tp] path_request dest=/bbc29395549d0fcb7b4f5540c5625015/ iface=/d86e8112f3c4c4442126f8e9f44f1686/
[tp] path_request dest=/bd4090bc8e1eddbb7b2bf54494c64a46/ iface=/d86e8112f3c4c4442126f8e9f44f1686/
[tp] path_request dest=/2eb90d38628f1c044e818b532f76bb0e/ iface=/d86e8112f3c4c4442126f8e9f44f1686/
[tp] path_request dest=/b8bbfff472fe128873c9395a3ff8b353/ iface=/d86e8112f3c4c4442126f8e9f44f1686/
[tp] path_request dest=/995cc3851347f138f51af73d182d5e1d/ iface=/d86e8112f3c4c4442126f8e9f44f1686/
[tp] path_request dest=/44213278b52d888683e970004dc95f3c/ iface=/d86e8112f3c4c4442126f8e9f44f1686/
[tp] path_request dest=/3745a3f11db6030944f4464abc750f20/ iface=/d86e8112f3c4c4442126f8e9f44f1686/
[tp] path_request dest=/12cb1ed29943213839f0b0d18cd42761/ iface=/d86e8112f3c4c4442126f8e9f44f1686/
[tp] path_request dest=/c04ed3e589c8a6621bb166c913b0a330/ iface=/d86e8112f3c4c4442126f8e9f44f1686/
[tp] path_request dest=/965511769c059271e655c503e810a670/ iface=/d86e8112f3c4c4442126f8e9f44f1686/
[tp] path_request dest=/b8bbfff472fe128873c9395a3ff8b353/ iface=/d86e8112f3c4c4442126f8e9f44f1686/
[tp] path_request dest=/12cb1ed29943213839f0b0d18cd42761/ iface=/d86e8112f3c4c4442126f8e9f44f1686/
[tp] path_request dest=/995cc3851347f138f51af73d182d5e1d/ iface=/d86e8112f3c4c4442126f8e9f44f1686/
[tp] path_request dest=/a3dfea289534e4b2d0f5730310eebd99/ iface=/d86e8112f3c4c4442126f8e9f44f1686/
[tp] path_request dest=/0ffa0968a18cb499c260e774cd3d9f28/ iface=/d86e8112f3c4c4442126f8e9f44f1686/
[tp] path_request dest=/b18bb3d4ac56c99c5ee4791d79496ca2/ iface=/d86e8112f3c4c4442126f8e9f44f1686/
[tp] path_request dest=/b8bbfff472fe128873c9395a3ff8b353/ iface=/d86e8112f3c4c4442126f8e9f44f1686/
[tp] path_request dest=/12cb1ed29943213839f0b0d18cd42761/ iface=/d86e8112f3c4c4442126f8e9f44f1686/
[tp] path_request dest=/bd4090bc8e1eddbb7b2bf54494c64a46/ iface=/d86e8112f3c4c4442126f8e9f44f1686/
[tp] path_request dest=/379f204da5a77a6c340f6fae26097054/ iface=/d86e8112f3c4c4442126f8e9f44f1686/
[tp] path_request dest=/fc359d5aabd3ebea14c35f45db89e8b6/ iface=/d86e8112f3c4c4442126f8e9f44f1686/
[tp] path_request dest=/0ffa0968a18cb499c260e774cd3d9f28/ iface=/d86e8112f3c4c4442126f8e9f44f1686/
[tp] path_request dest=/a3dfea289534e4b2d0f5730310eebd99/ iface=/d86e8112f3c4c4442126f8e9f44f1686/
[tp] path_request dest=/12cb1ed29943213839f0b0d18cd42761/ iface=/d86e8112f3c4c4442126f8e9f44f1686/
[tp] path_request dest=/b8bbfff472fe128873c9395a3ff8b353/ iface=/d86e8112f3c4c4442126f8e9f44f1686/
[tp] path_request dest=/e233d8d7e9c5f61419d45138ef0d90ff/ iface=/d86e8112f3c4c4442126f8e9f44f1686/
[tp] path_request dest=/995cc3851347f138f51af73d182d5e1d/ iface=/d86e8112f3c4c4442126f8e9f44f1686/
[tp] path_request dest=/12cb1ed29943213839f0b0d18cd42761/ iface=/d86e8112f3c4c4442126f8e9f44f1686/
[tp] path_request dest=/4762234229b7e0b83c68b857bdf245c3/ iface=/d86e8112f3c4c4442126f8e9f44f1686/
[tp] path_request dest=/e36c13fd857732740ed3421a512e06aa/ iface=/d86e8112f3c4c4442126f8e9f44f1686/
[tp] path_request dest=/0ffa0968a18cb499c260e774cd3d9f28/ iface=/d86e8112f3c4c4442126f8e9f44f1686/
[tp] path_request dest=/cd6065d748509609cb92f37e43ed0576/ iface=/d86e8112f3c4c4442126f8e9f44f1686/
[tp] path_request dest=/622a5afe07484c43304b2df851da68f7/ iface=/d86e8112f3c4c4442126f8e9f44f1686/
[tp] path_request dest=/b8bbfff472fe128873c9395a3ff8b353/ iface=/d86e8112f3c4c4442126f8e9f44f1686/
[tp] path_request dest=/a3dfea289534e4b2d0f5730310eebd99/ iface=/d86e8112f3c4c4442126f8e9f44f1686/
[tp] path_request dest=/bd4090bc8e1eddbb7b2bf54494c64a46/ iface=/d86e8112f3c4c4442126f8e9f44f1686/
[tp] path_request dest=/e792a1b9b43cc8b95d12ecd2d1d3e8b2/ iface=/d86e8112f3c4c4442126f8e9f44f1686/
[tp] path_request dest=/b18bb3d4ac56c99c5ee4791d79496ca2/ iface=/d86e8112f3c4c4442126f8e9f44f1686/
[tp] path_request dest=/12cb1ed29943213839f0b0d18cd42761/ iface=/d86e8112f3c4c4442126f8e9f44f1686/
[tp] path_request dest=/995cc3851347f138f51af73d182d5e1d/ iface=/d86e8112f3c4c4442126f8e9f44f1686/
[tp] path_request dest=/e36c13fd857732740ed3421a512e06aa/ iface=/d86e8112f3c4c4442126f8e9f44f1686/
[tp] path_request dest=/a54a9f0e6260a1ac8b9cdf4749f4a677/ iface=/d86e8112f3c4c4442126f8e9f44f1686/
[tp] path_request dest=/f8de3e21f2b92e8eb4bb505f1e1381c4/ iface=/d86e8112f3c4c4442126f8e9f44f1686/
[tp] path_request dest=/58681bf71893d092811b7b97b6f767cf/ iface=/d86e8112f3c4c4442126f8e9f44f1686/
[tp] path_request dest=/b18bb3d4ac56c99c5ee4791d79496ca2/ iface=/d86e8112f3c4c4442126f8e9f44f1686/
[tp] path_request dest=/bd4090bc8e1eddbb7b2bf54494c64a46/ iface=/d86e8112f3c4c4442126f8e9f44f1686/
[tp] path_request dest=/e233d8d7e9c5f61419d45138ef0d90ff/ iface=/d86e8112f3c4c4442126f8e9f44f1686/
[tp] path_request dest=/0f6a46aa774af7ccc82c318c28d7f591/ iface=/d86e8112f3c4c4442126f8e9f44f1686/
[tp] path_request dest=/e792a1b9b43cc8b95d12ecd2d1d3e8b2/ iface=/d86e8112f3c4c4442126f8e9f44f1686/
[tp] path_request dest=/b8bbfff472fe128873c9395a3ff8b353/ iface=/d86e8112f3c4c4442126f8e9f44f1686/
[tp] path_request dest=/12cb1ed29943213839f0b0d18cd42761/ iface=/d86e8112f3c4c4442126f8e9f44f1686/
[tp] path_request dest=/f8de3e21f2b92e8eb4bb505f1e1381c4/ iface=/d86e8112f3c4c4442126f8e9f44f1686/
[tp] path_request dest=/e3c6c8b0f7b1f8a0a0b0c0d0e0f0a1b1/ iface=/d86e8112f3c4c4442126f8e9f44f1686/
[tp] path_request dest=/e233d8d7e9c5f61419d45138ef0d90ff/ iface=/d86e8112f3c4c4442126f8e9f44f1686/
[tp] path_request dest=/0f6a46aa774af7ccc82c318c28d7f591/ iface=/d86e8112f3c4c4442126f8e9f44f1686/
[tp] path_request dest=/995cc3851347f138f51af73d182d5e1d/ iface=/d86e8112f3c4c4442126f8e9f44f1686/
[tp] path_request dest=/f8de3e21f2b92e8eb4bb505f1e1381c4/ iface=/d86e8112f3c4c4442126f8e9f44f1686/
[tp] path_request dest=/e792a1b9b43cc8b95d12ecd2d1d3e8b2/ iface=/d86e8112f3c4c4442126f8e9f44f1686/
[tp] path_request dest=/b8bbfff472fe128873c9395a3ff8b353/ iface=/d86e8112f3c4c4442126f8e9f44f1686/
[tp] path_request dest=/12cb1ed29943213839f0b0d18cd42761/ iface=/d86e8112f3c4c4442126f8e9f44f1686/
[tp] path_request dest=/0f6a46aa774af7ccc82c318c28d7f591/ iface=/d86e8112f3c4c4442126f8e9f44f1686/
[tp] path_request dest=/0ffa0968a18cb499c260e774cd3d9f28/ iface=/d86e8112f3c4c4442126f8e9f44f1686/
[tp] path_request dest=/b08c5af6e8a45384115d81ae3b737521/ iface=/d86e8112f3c4c4442126f8e9f44f1686/
[tp] path_request dest=/e792a1b9b43cc8b95d12ecd2d1d3e8b2/ iface=/d86e8112f3c4c4442126f8e9f44f1686/
[tp] path_request dest=/0f6a46aa774af7ccc82c318c28d7f591/ iface=/d86e8112f3c4c4442126f8e9f44f1686/
[tp] path_request dest=/46abc73a40e2eef3efde881eaabe677a/ iface=/d86e8112f3c4c4442126f8e9f44f1686/
[tp] path_request dest=/12cb1ed29943213839f0b0d18cd42761/ iface=/d86e8112f3c4c4442126f8e9f44f1686/
[tp] path_request dest=/0ffa0968a18cb499c260e774cd3d9f28/ iface=/d86e8112f3c4c4442126f8e9f44f1686/
[tp] path_request dest=/bd4090bc8e1eddbb7b2bf54494c64a46/ iface=/d86e8112f3c4c4442126f8e9f44f1686/
[tp] path_request dest=/995cc3851347f138f51af73d182d5e1d/ iface=/d86e8112f3c4c4442126f8e9f44f1686/
[tp] path_request dest=/b8bbfff472fe128873c9395a3ff8b353/ iface=/d86e8112f3c4c4442126f8e9f44f1686/
[tp] path_request dest=/0f6a46aa774af7ccc82c318c28d7f591/ iface=/d86e8112f3c4c4442126f8e9f44f1686/
[tp] path_request dest=/47b6cea814d9ca40bb0cadad2139625a/ iface=/d86e8112f3c4c4442126f8e9f44f1686/
[tp] path_request dest=/f8de3e21f2b92e8eb4bb505f1e1381c4/ iface=/d86e8112f3c4c4442126f8e9f44f1686/
[tp] path_request dest=/57e2d0ef3bd6127a75f53884d04418c4/ iface=/d86e8112f3c4c4442126f8e9f44f1686/
[tp] path_request dest=/12cb1ed29943213839f0b0d18cd42761/ iface=/d86e8112f3c4c4442126f8e9f44f1686/
[tp] path_request dest=/0f6a46aa774af7ccc82c318c28d7f591/ iface=/d86e8112f3c4c4442126f8e9f44f1686/
[tp] path_request dest=/a3dfea289534e4b2d0f5730310eebd99/ iface=/d86e8112f3c4c4442126f8e9f44f1686/
[tp] path_request dest=/bd4090bc8e1eddbb7b2bf54494c64a46/ iface=/d86e8112f3c4c4442126f8e9f44f1686/
[tp] path_request dest=/58681bf71893d092811b7b97b6f767cf/ iface=/d86e8112f3c4c4442126f8e9f44f1686/
[tp] path_request dest=/b8bbfff472fe128873c9395a3ff8b353/ iface=/d86e8112f3c4c4442126f8e9f44f1686/
[tp] path_request dest=/995cc3851347f138f51af73d182d5e1d/ iface=/d86e8112f3c4c4442126f8e9f44f1686/
[tp] path_request dest=/053db2ffc4105a601f6ac5f23cc356d6/ iface=/d86e8112f3c4c4442126f8e9f44f1686/
[tp] path_request dest=/0f6a46aa774af7ccc82c318c28d7f591/ iface=/d86e8112f3c4c4442126f8e9f44f1686/
[tp] path_request dest=/e792a1b9b43cc8b95d12ecd2d1d3e8b2/ iface=/d86e8112f3c4c4442126f8e9f44f1686/
[tp] path_request dest=/58681bf71893d092811b7b97b6f767cf/ iface=/d86e8112f3c4c4442126f8e9f44f1686/
[tp] path_request dest=/0769357259e48819ea9194b6230b2cef/ iface=/d86e8112f3c4c4442126f8e9f44f1686/
[tp] path_request dest=/12cb1ed29943213839f0b0d18cd42761/ iface=/d86e8112f3c4c4442126f8e9f44f1686/
[tp] path_request dest=/4b2220f27b3d45dab45b13cb3a1eb498/ iface=/d86e8112f3c4c4442126f8e9f44f1686/
[tp] path_request dest=/e792a1b9b43cc8b95d12ecd2d1d3e8b2/ iface=/d86e8112f3c4c4442126f8e9f44f1686/
[tp] path_request dest=/0f6a46aa774af7ccc82c318c28d7f591/ iface=/d86e8112f3c4c4442126f8e9f44f1686/
[tp] path_request dest=/b18bb3d4ac56c99c5ee4791d79496ca2/ iface=/d86e8112f3c4c4442126f8e9f44f1686/
[tp] path_request dest=/bd4090bc8e1eddbb7b2bf54494c64a46/ iface=/d86e8112f3c4c4442126f8e9f44f1686/
[tp] path_request dest=/fb9aca8a82abc784d75835c1e181adde/ iface=/d86e8112f3c4c4442126f8e9f44f1686/
[tp] path_request dest=/b8bbfff472fe128873c9395a3ff8b353/ iface=/d86e8112f3c4c4442126f8e9f44f1686/
[tp] path_request dest=/a3dfea289534e4b2d0f5730310eebd99/ iface=/d86e8112f3c4c4442126f8e9f44f1686/
[tp] path_request dest=/12cb1ed29943213839f0b0d18cd42761/ iface=/d86e8112f3c4c4442126f8e9f44f1686/
[tp] path_request dest=/b18bb3d4ac56c99c5ee4791d79496ca2/ iface=/d86e8112f3c4c4442126f8e9f44f1686/
[tp] path_request dest=/995cc3851347f138f51af73d182d5e1d/ iface=/d86e8112f3c4c4442126f8e9f44f1686/
[tp] path_request dest=/2eb90d38628f1c044e818b532f76bb0e/ iface=/d86e8112f3c4c4442126f8e9f44f1686/
[tp] path_request dest=/cd6065d748509609cb92f37e43ed0576/ iface=/d86e8112f3c4c4442126f8e9f44f1686/
[tp] path_request dest=/b8bbfff472fe128873c9395a3ff8b353/ iface=/d86e8112f3c4c4442126f8e9f44f1686/
[tp] path_request dest=/12cb1ed29943213839f0b0d18cd42761/ iface=/d86e8112f3c4c4442126f8e9f44f1686/
[tp] path_request dest=/bd4090bc8e1eddbb7b2bf54494c64a46/ iface=/d86e8112f3c4c4442126f8e9f44f1686/
[tp] path_request dest=/0f6a46aa774af7ccc82c318c28d7f591/ iface=/d86e8112f3c4c4442126f8e9f44f1686/
[tp] path_request dest=/0ffa0968a18cb499c260e774cd3d9f28/ iface=/d86e8112f3c4c4442126f8e9f44f1686/
[tp] path_request dest=/a3dfea289534e4b2d0f5730310eebd99/ iface=/d86e8112f3c4c4442126f8e9f44f1686/
[tp] path_request dest=/b18bb3d4ac56c99c5ee4791d79496ca2/ iface=/d86e8112f3c4c4442126f8e9f44f1686/
[tp] path_request dest=/c5210cdf7fda275c7f978533ec4ece80/ iface=/d86e8112f3c4c4442126f8e9f44f1686/
[tp] path_request dest=/4447b200737e3fead7d054e5fc58e081/ iface=/d86e8112f3c4c4442126f8e9f44f1686/
[tp] path_request dest=/995cc3851347f138f51af73d182d5e1d/ iface=/d86e8112f3c4c4442126f8e9f44f1686/
[tp] path_request dest=/0f6a46aa774af7ccc82c318c28d7f591/ iface=/d86e8112f3c4c4442126f8e9f44f1686/
[tp] path_request dest=/58681bf71893d092811b7b97b6f767cf/ iface=/d86e8112f3c4c4442126f8e9f44f1686/
[tp] path_request dest=/12cb1ed29943213839f0b0d18cd42761/ iface=/d86e8112f3c4c4442126f8e9f44f1686/
[tp] path_request dest=/965511769c059271e655c503e810a670/ iface=/d86e8112f3c4c4442126f8e9f44f1686/
[tp] path_request dest=/b8bbfff472fe128873c9395a3ff8b353/ iface=/d86e8112f3c4c4442126f8e9f44f1686/
[tp] path_request dest=/0f6a46aa774af7ccc82c318c28d7f591/ iface=/d86e8112f3c4c4442126f8e9f44f1686/
[tp] path_request dest=/0f6a46aa774af7ccc82c318c28d7f591/ iface=/d86e8112f3c4c4442126f8e9f44f1686/
[tp] path_request dest=/a3dfea289534e4b2d0f5730310eebd99/ iface=/d86e8112f3c4c4442126f8e9f44f1686/
[tp] path_request dest=/12cb1ed29943213839f0b0d18cd42761/ iface=/d86e8112f3c4c4442126f8e9f44f1686/
[tp] path_request dest=/e233d8d7e9c5f61419d45138ef0d90ff/ iface=/d86e8112f3c4c4442126f8e9f44f1686/
[tp] path_request dest=/f8de3e21f2b92e8eb4bb505f1e1381c4/ iface=/d86e8112f3c4c4442126f8e9f44f1686/
[tp] path_request dest=/bd4090bc8e1eddbb7b2bf54494c64a46/ iface=/d86e8112f3c4c4442126f8e9f44f1686/
[tp] path_request dest=/995cc3851347f138f51af73d182d5e1d/ iface=/d86e8112f3c4c4442126f8e9f44f1686/
[tp] path_request dest=/b8bbfff472fe128873c9395a3ff8b353/ iface=/d86e8112f3c4c4442126f8e9f44f1686/
[tp] path_request dest=/0f6a46aa774af7ccc82c318c28d7f591/ iface=/d86e8112f3c4c4442126f8e9f44f1686/
[tp] path_request dest=/cd6065d748509609cb92f37e43ed0576/ iface=/d86e8112f3c4c4442126f8e9f44f1686/
[tp] path_request dest=/46abc73a40e2eef3efde881eaabe677a/ iface=/d86e8112f3c4c4442126f8e9f44f1686/
[tp] path_request dest=/12cb1ed29943213839f0b0d18cd42761/ iface=/d86e8112f3c4c4442126f8e9f44f1686/
[tp] path_request dest=/f8de3e21f2b92e8eb4bb505f1e1381c4/ iface=/d86e8112f3c4c4442126f8e9f44f1686/
[tp] path_request dest=/0f6a46aa774af7ccc82c318c28d7f591/ iface=/d86e8112f3c4c4442126f8e9f44f1686/
[tp] path_request dest=/b18bb3d4ac56c99c5ee4791d79496ca2/ iface=/d86e8112f3c4c4442126f8e9f44f1686/
[tp] path_request dest=/b8bbfff472fe128873c9395a3ff8b353/ iface=/d86e8112f3c4c4442126f8e9f44f1686/
[tp] path_request dest=/12cb1ed29943213839f0b0d18cd42761/ iface=/d86e8112f3c4c4442126f8e9f44f1686/
[tp] path_request dest=/995cc3851347f138f51af73d182d5e1d/ iface=/d86e8112f3c4c4442126f8e9f44f1686/
[tp] path_request dest=/0f6a46aa774af7ccc82c318c28d7f591/ iface=/d86e8112f3c4c4442126f8e9f44f1686/
[tp] path_request dest=/41ad15a66352bf5201501fc1793aa70c/ iface=/d86e8112f3c4c4442126f8e9f44f1686/
[tp] path_request dest=/ef808914b4da4ea46cbe352f801949c1/ iface=/d86e8112f3c4c4442126f8e9f44f1686/
[tp] path_request dest=/0ffa0968a18cb499c260e774cd3d9f28/ iface=/d86e8112f3c4c4442126f8e9f44f1686/
[tp] path_request dest=/12cb1ed29943213839f0b0d18cd42761/ iface=/d86e8112f3c4c4442126f8e9f44f1686/
[tp] path_request dest=/a3dfea289534e4b2d0f5730310eebd99/ iface=/d86e8112f3c4c4442126f8e9f44f1686/
[tp] path_request dest=/b8bbfff472fe128873c9395a3ff8b353/ iface=/d86e8112f3c4c4442126f8e9f44f1686/
[tp] path_request dest=/cd6065d748509609cb92f37e43ed0576/ iface=/d86e8112f3c4c4442126f8e9f44f1686/
[tp] path_request dest=/47b6cea814d9ca40bb0cadad2139625a/ iface=/d86e8112f3c4c4442126f8e9f44f1686/
[tp] path_request dest=/d9a4296c02b1208fad2b4ac5c08af067/ iface=/d86e8112f3c4c4442126f8e9f44f1686/
[tp] path_request dest=/995cc3851347f138f51af73d182d5e1d/ iface=/d86e8112f3c4c4442126f8e9f44f1686/
[tp] path_request dest=/12cb1ed29943213839f0b0d18cd42761/ iface=/d86e8112f3c4c4442126f8e9f44f1686/
[tp] path_request dest=/e233d8d7e9c5f61419d45138ef0d90ff/ iface=/d86e8112f3c4c4442126f8e9f44f1686/
[tp] path_request dest=/2eb90d38628f1c044e818b532f76bb0e/ iface=/d86e8112f3c4c4442126f8e9f44f1686/
[tp] path_request dest=/b8bbfff472fe128873c9395a3ff8b353/ iface=/d86e8112f3c4c4442126f8e9f44f1686/
[tp] path_request dest=/fb9aca8a82abc784d75835c1e181adde/ iface=/d86e8112f3c4c4442126f8e9f44f1686/
[tp] path_request dest=/0f6a46aa774af7ccc82c318c28d7f591/ iface=/d86e8112f3c4c4442126f8e9f44f1686/
[tp] path_request dest=/a3dfea289534e4b2d0f5730310eebd99/ iface=/d86e8112f3c4c4442126f8e9f44f1686/
[tp] path_request dest=/12cb1ed29943213839f0b0d18cd42761/ iface=/d86e8112f3c4c4442126f8e9f44f1686/
[tp] path_request dest=/58681bf71893d092811b7b97b6f767cf/ iface=/d86e8112f3c4c4442126f8e9f44f1686/
[tp] path_request dest=/0f6a46aa774af7ccc82c318c28d7f591/ iface=/d86e8112f3c4c4442126f8e9f44f1686/
[tp] path_request dest=/995cc3851347f138f51af73d182d5e1d/ iface=/d86e8112f3c4c4442126f8e9f44f1686/
[tp] path_request dest=/e233d8d7e9c5f61419d45138ef0d90ff/ iface=/d86e8112f3c4c4442126f8e9f44f1686/
[tp] path_request dest=/b8bbfff472fe128873c9395a3ff8b353/ iface=/d86e8112f3c4c4442126f8e9f44f1686/
[tp] path_request dest=/12ee38639a758417fb0a34bf53aadb39/ iface=/d86e8112f3c4c4442126f8e9f44f1686/
[tp] path_request dest=/0f6a46aa774af7ccc82c318c28d7f591/ iface=/d86e8112f3c4c4442126f8e9f44f1686/
[tp] path_request dest=/fc112928258ed5f6b9abd1cf0c8d58f0/ iface=/d86e8112f3c4c4442126f8e9f44f1686/
[tp] path_request dest=/12cb1ed29943213839f0b0d18cd42761/ iface=/d86e8112f3c4c4442126f8e9f44f1686/
[tp] path_request dest=/a3dfea289534e4b2d0f5730310eebd99/ iface=/d86e8112f3c4c4442126f8e9f44f1686/
[tp] path_request dest=/0f6a46aa774af7ccc82c318c28d7f591/ iface=/d86e8112f3c4c4442126f8e9f44f1686/
[tp] path_request dest=/e792a1b9b43cc8b95d12ecd2d1d3e8b2/ iface=/d86e8112f3c4c4442126f8e9f44f1686/
[tp] path_request dest=/b4508c693ae1ddc6a0d472977be93bfc/ iface=/d86e8112f3c4c4442126f8e9f44f1686/
[tp] path_request dest=/e36c13fd857732740ed3421a512e06aa/ iface=/d86e8112f3c4c4442126f8e9f44f1686/
[tp] path_request dest=/995cc3851347f138f51af73d182d5e1d/ iface=/d86e8112f3c4c4442126f8e9f44f1686/
[tp] path_request dest=/12cb1ed29943213839f0b0d18cd42761/ iface=/d86e8112f3c4c4442126f8e9f44f1686/
[tp] path_request dest=/0f6a46aa774af7ccc82c318c28d7f591/ iface=/d86e8112f3c4c4442126f8e9f44f1686/
[tp] path_request dest=/b8bbfff472fe128873c9395a3ff8b353/ iface=/d86e8112f3c4c4442126f8e9f44f1686/
[tp] path_request dest=/0ffa0968a18cb499c260e774cd3d9f28/ iface=/d86e8112f3c4c4442126f8e9f44f1686/
[tp] path_request dest=/b18bb3d4ac56c99c5ee4791d79496ca2/ iface=/d86e8112f3c4c4442126f8e9f44f1686/
[tp] path_request dest=/0f6a46aa774af7ccc82c318c28d7f591/ iface=/d86e8112f3c4c4442126f8e9f44f1686/
[tp] path_request dest=/a3dfea289534e4b2d0f5730310eebd99/ iface=/d86e8112f3c4c4442126f8e9f44f1686/
[tp] path_request dest=/12cb1ed29943213839f0b0d18cd42761/ iface=/d86e8112f3c4c4442126f8e9f44f1686/
[tp] path_request dest=/e792a1b9b43cc8b95d12ecd2d1d3e8b2/ iface=/d86e8112f3c4c4442126f8e9f44f1686/
[tp] path_request dest=/b8bbfff472fe128873c9395a3ff8b353/ iface=/d86e8112f3c4c4442126f8e9f44f1686/
[tp] path_request dest=/0f6a46aa774af7ccc82c318c28d7f591/ iface=/d86e8112f3c4c4442126f8e9f44f1686/
[tp] path_request dest=/995cc3851347f138f51af73d182d5e1d/ iface=/d86e8112f3c4c4442126f8e9f44f1686/
[tp] path_request dest=/e233d8d7e9c5f61419d45138ef0d90ff/ iface=/d86e8112f3c4c4442126f8e9f44f1686/
[tp] path_request dest=/12cb1ed29943213839f0b0d18cd42761/ iface=/d86e8112f3c4c4442126f8e9f44f1686/
[tp] path_request dest=/fc359d5aabd3ebea14c35f45db89e8b6/ iface=/d86e8112f3c4c4442126f8e9f44f1686/
[tp] path_request dest=/58681bf71893d092811b7b97b6f767cf/ iface=/d86e8112f3c4c4442126f8e9f44f1686/
[tp] path_request dest=/a3dfea289534e4b2d0f5730310eebd99/ iface=/d86e8112f3c4c4442126f8e9f44f1686/
[tp] path_request dest=/b8bbfff472fe128873c9395a3ff8b353/ iface=/d86e8112f3c4c4442126f8e9f44f1686/
[tp] path_request dest=/965511769c059271e655c503e810a670/ iface=/d86e8112f3c4c4442126f8e9f44f1686/
[tp] path_request dest=/b18bb3d4ac56c99c5ee4791d79496ca2/ iface=/d86e8112f3c4c4442126f8e9f44f1686/
[tp] path_request dest=/12cb1ed29943213839f0b0d18cd42761/ iface=/d86e8112f3c4c4442126f8e9f44f1686/
[tp] path_request dest=/995cc3851347f138f51af73d182d5e1d/ iface=/d86e8112f3c4c4442126f8e9f44f1686/
[tp] path_request dest=/e36c13fd857732740ed3421a512e06aa/ iface=/d86e8112f3c4c4442126f8e9f44f1686/
[tp] path_request dest=/e233d8d7e9c5f61419d45138ef0d90ff/ iface=/d86e8112f3c4c4442126f8e9f44f1686/
[tp] path_request dest=/c04ed3e589c8a6621bb166c913b0a330/ iface=/d86e8112f3c4c4442126f8e9f44f1686/
[tp] path_request dest=/2eb90d38628f1c044e818b532f76bb0e/ iface=/d86e8112f3c4c4442126f8e9f44f1686/
[tp] path_request dest=/b8bbfff472fe128873c9395a3ff8b353/ iface=/d86e8112f3c4c4442126f8e9f44f1686/
[tp] path_request dest=/12cb1ed29943213839f0b0d18cd42761/ iface=/d86e8112f3c4c4442126f8e9f44f1686/
[tp] path_request dest=/0f6a46aa774af7ccc82c318c28d7f591/ iface=/d86e8112f3c4c4442126f8e9f44f1686/
[tp] path_request dest=/a3dfea289534e4b2d0f5730310eebd99/ iface=/d86e8112f3c4c4442126f8e9f44f1686/
[tp] path_request dest=/76f5d3effbe22abc181b1ac27ad65423/ iface=/d86e8112f3c4c4442126f8e9f44f1686/
[tp] path_request dest=/58681bf71893d092811b7b97b6f767cf/ iface=/d86e8112f3c4c4442126f8e9f44f1686/
[tp] path_request dest=/0f6a46aa774af7ccc82c318c28d7f591/ iface=/d86e8112f3c4c4442126f8e9f44f1686/
[tp] path_request dest=/995cc3851347f138f51af73d182d5e1d/ iface=/d86e8112f3c4c4442126f8e9f44f1686/
[tp] path_request dest=/12cb1ed29943213839f0b0d18cd42761/ iface=/d86e8112f3c4c4442126f8e9f44f1686/
[tp] path_request dest=/4762234229b7e0b83c68b857bdf245c3/ iface=/d86e8112f3c4c4442126f8e9f44f1686/
[tp] path_request dest=/58681bf71893d092811b7b97b6f767cf/ iface=/d86e8112f3c4c4442126f8e9f44f1686/
[tp] path_request dest=/f8de3e21f2b92e8eb4bb505f1e1381c4/ iface=/d86e8112f3c4c4442126f8e9f44f1686/
[tp] path_request dest=/b8bbfff472fe128873c9395a3ff8b353/ iface=/d86e8112f3c4c4442126f8e9f44f1686/
[tp] path_request dest=/0f6a46aa774af7ccc82c318c28d7f591/ iface=/d86e8112f3c4c4442126f8e9f44f1686/
[tp] path_request dest=/e36c13fd857732740ed3421a512e06aa/ iface=/d86e8112f3c4c4442126f8e9f44f1686/
[tp] path_request dest=/0f6a46aa774af7ccc82c318c28d7f591/ iface=/d86e8112f3c4c4442126f8e9f44f1686/
[tp] path_request dest=/a3dfea289534e4b2d0f5730310eebd99/ iface=/d86e8112f3c4c4442126f8e9f44f1686/
[tp] path_request dest=/379f204da5a77a6c340f6fae26097054/ iface=/d86e8112f3c4c4442126f8e9f44f1686/
[tp] path_request dest=/12cb1ed29943213839f0b0d18cd42761/ iface=/d86e8112f3c4c4442126f8e9f44f1686/
[tp] path_request dest=/ac31bf081f355d8ffbb73f0279341474/ iface=/d86e8112f3c4c4442126f8e9f44f1686/
[tp] path_request dest=/cd6065d748509609cb92f37e43ed0576/ iface=/d86e8112f3c4c4442126f8e9f44f1686/
[tp] path_request dest=/b8bbfff472fe128873c9395a3ff8b353/ iface=/d86e8112f3c4c4442126f8e9f44f1686/
[tp] path_request dest=/995cc3851347f138f51af73d182d5e1d/ iface=/d86e8112f3c4c4442126f8e9f44f1686/
[tp] path_request dest=/4762234229b7e0b83c68b857bdf245c3/ iface=/d86e8112f3c4c4442126f8e9f44f1686/
[tp] path_request dest=/0f6a46aa774af7ccc82c318c28d7f591/ iface=/d86e8112f3c4c4442126f8e9f44f1686/
[tp] path_request dest=/b18bb3d4ac56c99c5ee4791d79496ca2/ iface=/d86e8112f3c4c4442126f8e9f44f1686/
[tp] path_request dest=/12cb1ed29943213839f0b0d18cd42761/ iface=/d86e8112f3c4c4442126f8e9f44f1686/
[tp] path_request dest=/e792a1b9b43cc8b95d12ecd2d1d3e8b2/ iface=/d86e8112f3c4c4442126f8e9f44f1686/
[tp] path_request dest=/0f6a46aa774af7ccc82c318c28d7f591/ iface=/d86e8112f3c4c4442126f8e9f44f1686/
[tp] path_request dest=/a3dfea289534e4b2d0f5730310eebd99/ iface=/d86e8112f3c4c4442126f8e9f44f1686/
[tp] path_request dest=/bd4090bc8e1eddbb7b2bf54494c64a46/ iface=/d86e8112f3c4c4442126f8e9f44f1686/
[tp] path_request dest=/e36c13fd857732740ed3421a512e06aa/ iface=/d86e8112f3c4c4442126f8e9f44f1686/
[tp] path_request dest=/b8bbfff472fe128873c9395a3ff8b353/ iface=/d86e8112f3c4c4442126f8e9f44f1686/
[tp] path_request dest=/12cb1ed29943213839f0b0d18cd42761/ iface=/d86e8112f3c4c4442126f8e9f44f1686/
[tp] path_request dest=/bd4090bc8e1eddbb7b2bf54494c64a46/ iface=/d86e8112f3c4c4442126f8e9f44f1686/
[tp] path_request dest=/0f6a46aa774af7ccc82c318c28d7f591/ iface=/d86e8112f3c4c4442126f8e9f44f1686/
[tp] path_request dest=/995cc3851347f138f51af73d182d5e1d/ iface=/d86e8112f3c4c4442126f8e9f44f1686/
[tp] path_request dest=/0769357259e48819ea9194b6230b2cef/ iface=/d86e8112f3c4c4442126f8e9f44f1686/
[tp] path_request dest=/e233d8d7e9c5f61419d45138ef0d90ff/ iface=/d86e8112f3c4c4442126f8e9f44f1686/
[tp] path_request dest=/12cb1ed29943213839f0b0d18cd42761/ iface=/d86e8112f3c4c4442126f8e9f44f1686/
[tp] path_request dest=/b8bbfff472fe128873c9395a3ff8b353/ iface=/d86e8112f3c4c4442126f8e9f44f1686/
[tp] path_request dest=/a3dfea289534e4b2d0f5730310eebd99/ iface=/d86e8112f3c4c4442126f8e9f44f1686/
[tp] path_request dest=/f8de3e21f2b92e8eb4bb505f1e1381c4/ iface=/d86e8112f3c4c4442126f8e9f44f1686/
[tp] path_request dest=/995cc3851347f138f51af73d182d5e1d/ iface=/d86e8112f3c4c4442126f8e9f44f1686/
[tp] path_request dest=/379f204da5a77a6c340f6fae26097054/ iface=/d86e8112f3c4c4442126f8e9f44f1686/
[tp] path_request dest=/12cb1ed29943213839f0b0d18cd42761/ iface=/d86e8112f3c4c4442126f8e9f44f1686/
[tp] path_request dest=/2eb90d38628f1c044e818b532f76bb0e/ iface=/d86e8112f3c4c4442126f8e9f44f1686/
[tp] path_request dest=/b8bbfff472fe128873c9395a3ff8b353/ iface=/d86e8112f3c4c4442126f8e9f44f1686/
[tp] path_request dest=/0ffa0968a18cb499c260e774cd3d9f28/ iface=/d86e8112f3c4c4442126f8e9f44f1686/
[tp] path_request dest=/a3dfea289534e4b2d0f5730310eebd99/ iface=/d86e8112f3c4c4442126f8e9f44f1686/
[tp] path_request dest=/e36c13fd857732740ed3421a512e06aa/ iface=/d86e8112f3c4c4442126f8e9f44f1686/
[tp] path_request dest=/12cb1ed29943213839f0b0d18cd42761/ iface=/d86e8112f3c4c4442126f8e9f44f1686/
[tp] path_request dest=/c04ed3e589c8a6621bb166c913b0a330/ iface=/d86e8112f3c4c4442126f8e9f44f1686/
[tp] path_request dest=/b8bbfff472fe128873c9395a3ff8b353/ iface=/d86e8112f3c4c4442126f8e9f44f1686/
[tp] path_request dest=/995cc3851347f138f51af73d182d5e1d/ iface=/d86e8112f3c4c4442126f8e9f44f1686/
[tp] path_request dest=/12cb1ed29943213839f0b0d18cd42761/ iface=/d86e8112f3c4c4442126f8e9f44f1686/
[tp] path_request dest=/5152f8cdcc20937da76ccb797bdb38b6/ iface=/d86e8112f3c4c4442126f8e9f44f1686/
[tp] path_request dest=/e233d8d7e9c5f61419d45138ef0d90ff/ iface=/d86e8112f3c4c4442126f8e9f44f1686/
[tp] path_request dest=/379f204da5a77a6c340f6fae26097054/ iface=/d86e8112f3c4c4442126f8e9f44f1686/
[tp] path_request dest=/b4508c693ae1ddc6a0d472977be93bfc/ iface=/d86e8112f3c4c4442126f8e9f44f1686/
[tp] path_request dest=/e233d8d7e9c5f61419d45138ef0d90ff/ iface=/d86e8112f3c4c4442126f8e9f44f1686/
[tp] path_request dest=/12cb1ed29943213839f0b0d18cd42761/ iface=/d86e8112f3c4c4442126f8e9f44f1686/
[tp] path_request dest=/b8bbfff472fe128873c9395a3ff8b353/ iface=/d86e8112f3c4c4442126f8e9f44f1686/
[tp] path_request dest=/995cc3851347f138f51af73d182d5e1d/ iface=/d86e8112f3c4c4442126f8e9f44f1686/
[tp] path_request dest=/57e2d0ef3bd6127a75f53884d04418c4/ iface=/d86e8112f3c4c4442126f8e9f44f1686/
[tp] path_request dest=/58681bf71893d092811b7b97b6f767cf/ iface=/d86e8112f3c4c4442126f8e9f44f1686/
[tp] path_request dest=/fb7dfd8ce752d051a074e309814777be/ iface=/d86e8112f3c4c4442126f8e9f44f1686/
[tp] path_request dest=/58681bf71893d092811b7b97b6f767cf/ iface=/d86e8112f3c4c4442126f8e9f44f1686/
[tp] path_request dest=/47b6cea814d9ca40bb0cadad2139625a/ iface=/d86e8112f3c4c4442126f8e9f44f1686/
[tp] path_request dest=/12cb1ed29943213839f0b0d18cd42761/ iface=/d86e8112f3c4c4442126f8e9f44f1686/
[tp] path_request dest=/ac31bf081f355d8ffbb73f0279341474/ iface=/d86e8112f3c4c4442126f8e9f44f1686/
[tp] path_request dest=/a3dfea289534e4b2d0f5730310eebd99/ iface=/d86e8112f3c4c4442126f8e9f44f1686/
[tp] path_request dest=/bd4090bc8e1eddbb7b2bf54494c64a46/ iface=/d86e8112f3c4c4442126f8e9f44f1686/
[tp] path_request dest=/0f9fd927aab2c8dd014b21a2e1f9a4e5/ iface=/d86e8112f3c4c4442126f8e9f44f1686/
[tp] path_request dest=/0ffa0968a18cb499c260e774cd3d9f28/ iface=/d86e8112f3c4c4442126f8e9f44f1686/
[tp] path_request dest=/04b15fcd28ec8ed7fab945cc9d082dd3/ iface=/d86e8112f3c4c4442126f8e9f44f1686/
[tp] path_request dest=/b8bbfff472fe128873c9395a3ff8b353/ iface=/d86e8112f3c4c4442126f8e9f44f1686/
[tp] path_request dest=/995cc3851347f138f51af73d182d5e1d/ iface=/d86e8112f3c4c4442126f8e9f44f1686/
[tp] path_request dest=/b18bb3d4ac56c99c5ee4791d79496ca2/ iface=/d86e8112f3c4c4442126f8e9f44f1686/
[tp] path_request dest=/12cb1ed29943213839f0b0d18cd42761/ iface=/d86e8112f3c4c4442126f8e9f44f1686/
[tp] path_request dest=/177ab81a7ff8259290bd886b64360ead/ iface=/d86e8112f3c4c4442126f8e9f44f1686/
[tp] path_request dest=/bd4090bc8e1eddbb7b2bf54494c64a46/ iface=/d86e8112f3c4c4442126f8e9f44f1686/
[tp] path_request dest=/b8bbfff472fe128873c9395a3ff8b353/ iface=/d86e8112f3c4c4442126f8e9f44f1686/
[tp] path_request dest=/a3dfea289534e4b2d0f5730310eebd99/ iface=/d86e8112f3c4c4442126f8e9f44f1686/
[tp] path_request dest=/04b15fcd28ec8ed7fab945cc9d082dd3/ iface=/d86e8112f3c4c4442126f8e9f44f1686/
[tp] path_request dest=/bd4090bc8e1eddbb7b2bf54494c64a46/ iface=/d86e8112f3c4c4442126f8e9f44f1686/
[tp] path_request dest=/12cb1ed29943213839f0b0d18cd42761/ iface=/d86e8112f3c4c4442126f8e9f44f1686/
[tp] path_request dest=/e233d8d7e9c5f61419d45138ef0d90ff/ iface=/d86e8112f3c4c4442126f8e9f44f1686/
[tp] path_request dest=/995cc3851347f138f51af73d182d5e1d/ iface=/d86e8112f3c4c4442126f8e9f44f1686/
[tp] path_request dest=/965511769c059271e655c503e810a670/ iface=/d86e8112f3c4c4442126f8e9f44f1686/
[tp] path_request dest=/2809dc5a3111fbbc316f17697839f43f/ iface=/d86e8112f3c4c4442126f8e9f44f1686/
[tp] announce_tx dst=/6dee4caf17f87a1051504791002c8786/ app_data_len=36
[tp] announce_tx dst=/f2e29f00e8ddda9f81d1845a7224793e/ app_data_len=0
[tp] path_request dest=/b8bbfff472fe128873c9395a3ff8b353/ iface=/d86e8112f3c4c4442126f8e9f44f1686/
[tp] path_request dest=/2eb90d38628f1c044e818b532f76bb0e/ iface=/d86e8112f3c4c4442126f8e9f44f1686/
[tp] link_request dst=/6dee4caf17f87a1051504791002c8786/ ctx=00 hops=2
[tp] link_proof_tx dst=/6dee4caf17f87a1051504791002c8786/ link_id=/b3e4ab4c79d06d0e6be62c5b44073b40/
[tp] link_data dst=/b3e4ab4c79d06d0e6be62c5b44073b40/ ctx=fe len=64
[tp] link_data dst=/b3e4ab4c79d06d0e6be62c5b44073b40/ ctx=fb len=192
[link] data_plain len=128 preview=cc343d204fc536882689c77cbddfe144b3cf8abc90165e8a859ee48a492f4b0c
[tp] path_request dest=/12cb1ed29943213839f0b0d18cd42761/ iface=/d86e8112f3c4c4442126f8e9f44f1686/
[tp] path_request dest=/0ac81dfb79aabfad72b3b48ffbc9fa5e/ iface=/d86e8112f3c4c4442126f8e9f44f1686/
[tp] path_request dest=/a3dfea289534e4b2d0f5730310eebd99/ iface=/d86e8112f3c4c4442126f8e9f44f1686/
[tp] link_data dst=/b3e4ab4c79d06d0e6be62c5b44073b40/ ctx=08 len=32
[tp] path_request dest=/097adc6c9b39d49de9bfa126230ecdad/ iface=/d86e8112f3c4c4442126f8e9f44f1686/
[tp] path_request dest=/664020dc1c08b8e03c17fe09bc5627b8/ iface=/d86e8112f3c4c4442126f8e9f44f1686/
[tp] path_request dest=/3745a3f11db6030944f4464abc750f20/ iface=/d86e8112f3c4c4442126f8e9f44f1686/
[tp] path_request dest=/12cb1ed29943213839f0b0d18cd42761/ iface=/d86e8112f3c4c4442126f8e9f44f1686/
[tp] path_request dest=/bd4090bc8e1eddbb7b2bf54494c64a46/ iface=/d86e8112f3c4c4442126f8e9f44f1686/
[tp] path_request dest=/379f204da5a77a6c340f6fae26097054/ iface=/d86e8112f3c4c4442126f8e9f44f1686/
[tp] path_request dest=/b8bbfff472fe128873c9395a3ff8b353/ iface=/d86e8112f3c4c4442126f8e9f44f1686/
[tp] link_data dst=/b3e4ab4c79d06d0e6be62c5b44073b40/ ctx=06 len=96
[tp] link_data dst=/b3e4ab4c79d06d0e6be62c5b44073b40/ ctx=fc len=80
[tp] path_request dest=/0ffa0968a18cb499c260e774cd3d9f28/ iface=/d86e8112f3c4c4442126f8e9f44f1686/
[tp] path_request dest=/a3dfea289534e4b2d0f5730310eebd99/ iface=/d86e8112f3c4c4442126f8e9f44f1686/
[tp] path_request dest=/b4508c693ae1ddc6a0d472977be93bfc/ iface=/d86e8112f3c4c4442126f8e9f44f1686/
[tp] path_request dest=/12cb1ed29943213839f0b0d18cd42761/ iface=/d86e8112f3c4c4442126f8e9f44f1686/
[tp] path_request dest=/e792a1b9b43cc8b95d12ecd2d1d3e8b2/ iface=/d86e8112f3c4c4442126f8e9f44f1686/
[tp] path_request dest=/379f204da5a77a6c340f6fae26097054/ iface=/d86e8112f3c4c4442126f8e9f44f1686/
[tp] path_request dest=/2e659d21833e9df83f18e41f005f51c3/ iface=/d86e8112f3c4c4442126f8e9f44f1686/
[tp] path_request dest=/6f4e242fa92ec83989779afa92178792/ iface=/d86e8112f3c4c4442126f8e9f44f1686/
[tp] path_request dest=/bd4090bc8e1eddbb7b2bf54494c64a46/ iface=/d86e8112f3c4c4442126f8e9f44f1686/
[tp] link_request dst=/6dee4caf17f87a1051504791002c8786/ ctx=00 hops=2
[tp] link_proof_tx dst=/6dee4caf17f87a1051504791002c8786/ link_id=/6831d98353aaf785aa170e59153735b0/
[tp] link_data dst=/6831d98353aaf785aa170e59153735b0/ ctx=fe len=64
[tp] link_data dst=/6831d98353aaf785aa170e59153735b0/ ctx=fb len=192
[link] data_plain len=128 preview=cc343d204fc536882689c77cbddfe144b3cf8abc90165e8a859ee48a492f4b0c
[tp] path_request dest=/b8bbfff472fe128873c9395a3ff8b353/ iface=/d86e8112f3c4c4442126f8e9f44f1686/
[tp] path_request dest=/379f204da5a77a6c340f6fae26097054/ iface=/d86e8112f3c4c4442126f8e9f44f1686/
[tp] path_request dest=/c04ed3e589c8a6621bb166c913b0a330/ iface=/d86e8112f3c4c4442126f8e9f44f1686/
[tp] path_request dest=/12cb1ed29943213839f0b0d18cd42761/ iface=/d86e8112f3c4c4442126f8e9f44f1686/
[tp] link_request dst=/6dee4caf17f87a1051504791002c8786/ ctx=00 hops=4
[tp] link_proof_tx dst=/6dee4caf17f87a1051504791002c8786/ link_id=/962a3b777f178011bad135352795ce0b/
[tp] link_data dst=/962a3b777f178011bad135352795ce0b/ ctx=fe len=64
[tp] link_data dst=/962a3b777f178011bad135352795ce0b/ ctx=fb len=192
[link] data_plain len=128 preview=cc382b4b875a934277afd08cb65a6c9521d4f8fd3bb0ecdefcc60ccbe03e1607
[tp] link_data dst=/6831d98353aaf785aa170e59153735b0/ ctx=08 len=32
[tp] path_request dest=/a3dfea289534e4b2d0f5730310eebd99/ iface=/d86e8112f3c4c4442126f8e9f44f1686/
[tp] link_data dst=/962a3b777f178011bad135352795ce0b/ ctx=08 len=32
[tp] path_request dest=/b8bbfff472fe128873c9395a3ff8b353/ iface=/d86e8112f3c4c4442126f8e9f44f1686/
[tp] link_data dst=/6831d98353aaf785aa170e59153735b0/ ctx=06 len=96
[tp] link_data dst=/6831d98353aaf785aa170e59153735b0/ ctx=fc len=80
[tp] path_request dest=/12cb1ed29943213839f0b0d18cd42761/ iface=/d86e8112f3c4c4442126f8e9f44f1686/
[tp] path_request dest=/995cc3851347f138f51af73d182d5e1d/ iface=/d86e8112f3c4c4442126f8e9f44f1686/
[tp] link_request dst=/6dee4caf17f87a1051504791002c8786/ ctx=00 hops=2
[tp] link_proof_tx dst=/6dee4caf17f87a1051504791002c8786/ link_id=/9388f98950c9c66830c152e52f0adff1/
[tp] link_data dst=/9388f98950c9c66830c152e52f0adff1/ ctx=fe len=64
[tp] link_data dst=/9388f98950c9c66830c152e52f0adff1/ ctx=fb len=192
[link] data_plain len=128 preview=cc343d204fc536882689c77cbddfe144b3cf8abc90165e8a859ee48a492f4b0c
[tp] link_data dst=/962a3b777f178011bad135352795ce0b/ ctx=06 len=96
[tp] link_data dst=/962a3b777f178011bad135352795ce0b/ ctx=fc len=80
[tp] path_request dest=/e233d8d7e9c5f61419d45138ef0d90ff/ iface=/d86e8112f3c4c4442126f8e9f44f1686/
[tp] link_data dst=/9388f98950c9c66830c152e52f0adff1/ ctx=08 len=32
[tp] path_request dest=/0ffa0968a18cb499c260e774cd3d9f28/ iface=/d86e8112f3c4c4442126f8e9f44f1686/
[tp] path_request dest=/bd4090bc8e1eddbb7b2bf54494c64a46/ iface=/d86e8112f3c4c4442126f8e9f44f1686/
[tp] path_request dest=/12cb1ed29943213839f0b0d18cd42761/ iface=/d86e8112f3c4c4442126f8e9f44f1686/
[tp] path_request dest=/c04ed3e589c8a6621bb166c913b0a330/ iface=/d86e8112f3c4c4442126f8e9f44f1686/
[tp] path_request dest=/4a890e0e7c0cc69df96c7d4db8992341/ iface=/d86e8112f3c4c4442126f8e9f44f1686/
[tp] path_request dest=/b8bbfff472fe128873c9395a3ff8b353/ iface=/d86e8112f3c4c4442126f8e9f44f1686/
[tp] path_request dest=/e36c13fd857732740ed3421a512e06aa/ iface=/d86e8112f3c4c4442126f8e9f44f1686/
[tp] path_request dest=/e792a1b9b43cc8b95d12ecd2d1d3e8b2/ iface=/d86e8112f3c4c4442126f8e9f44f1686/
[tp] link_data dst=/9388f98950c9c66830c152e52f0adff1/ ctx=06 len=96
[tp] link_data dst=/9388f98950c9c66830c152e52f0adff1/ ctx=fc len=80
[tp] path_request dest=/b18bb3d4ac56c99c5ee4791d79496ca2/ iface=/d86e8112f3c4c4442126f8e9f44f1686/
[tp] link_request dst=/6dee4caf17f87a1051504791002c8786/ ctx=00 hops=4
[tp] link_proof_tx dst=/6dee4caf17f87a1051504791002c8786/ link_id=/551e0b9c9609c46b65806f8dcb7605aa/
[tp] link_data dst=/551e0b9c9609c46b65806f8dcb7605aa/ ctx=fe len=64
[tp] link_data dst=/551e0b9c9609c46b65806f8dcb7605aa/ ctx=fb len=192
[link] data_plain len=128 preview=cc382b4b875a934277afd08cb65a6c9521d4f8fd3bb0ecdefcc60ccbe03e1607
[tp] path_request dest=/995cc3851347f138f51af73d182d5e1d/ iface=/d86e8112f3c4c4442126f8e9f44f1686/
[tp] path_request dest=/e792a1b9b43cc8b95d12ecd2d1d3e8b2/ iface=/d86e8112f3c4c4442126f8e9f44f1686/
[tp] path_request dest=/12cb1ed29943213839f0b0d18cd42761/ iface=/d86e8112f3c4c4442126f8e9f44f1686/
[tp] path_request dest=/4a890e0e7c0cc69df96c7d4db8992341/ iface=/d86e8112f3c4c4442126f8e9f44f1686/
[tp] link_data dst=/551e0b9c9609c46b65806f8dcb7605aa/ ctx=08 len=32
[tp] path_request dest=/0ffa0968a18cb499c260e774cd3d9f28/ iface=/d86e8112f3c4c4442126f8e9f44f1686/
[tp] path_request dest=/e233d8d7e9c5f61419d45138ef0d90ff/ iface=/d86e8112f3c4c4442126f8e9f44f1686/
[tp] path_request dest=/cd6065d748509609cb92f37e43ed0576/ iface=/d86e8112f3c4c4442126f8e9f44f1686/
[tp] path_request dest=/e792a1b9b43cc8b95d12ecd2d1d3e8b2/ iface=/d86e8112f3c4c4442126f8e9f44f1686/
[tp] path_request dest=/b8bbfff472fe128873c9395a3ff8b353/ iface=/d86e8112f3c4c4442126f8e9f44f1686/
[tp] path_request dest=/2eb90d38628f1c044e818b532f76bb0e/ iface=/d86e8112f3c4c4442126f8e9f44f1686/
[tp] path_request dest=/a3dfea289534e4b2d0f5730310eebd99/ iface=/d86e8112f3c4c4442126f8e9f44f1686/
[tp] path_request dest=/965511769c059271e655c503e810a670/ iface=/d86e8112f3c4c4442126f8e9f44f1686/
[tp] path_request dest=/12cb1ed29943213839f0b0d18cd42761/ iface=/d86e8112f3c4c4442126f8e9f44f1686/
[tp] link_data dst=/551e0b9c9609c46b65806f8dcb7605aa/ ctx=06 len=96
[tp] link_data dst=/551e0b9c9609c46b65806f8dcb7605aa/ ctx=fc len=80
[tp] path_request dest=/e792a1b9b43cc8b95d12ecd2d1d3e8b2/ iface=/d86e8112f3c4c4442126f8e9f44f1686/
[tp] path_request dest=/995cc3851347f138f51af73d182d5e1d/ iface=/d86e8112f3c4c4442126f8e9f44f1686/
[tp] path_request dest=/e36c13fd857732740ed3421a512e06aa/ iface=/d86e8112f3c4c4442126f8e9f44f1686/
[tp] path_request dest=/b8bbfff472fe128873c9395a3ff8b353/ iface=/d86e8112f3c4c4442126f8e9f44f1686/
[tp] path_request dest=/379f204da5a77a6c340f6fae26097054/ iface=/d86e8112f3c4c4442126f8e9f44f1686/
[tp] path_request dest=/58681bf71893d092811b7b97b6f767cf/ iface=/d86e8112f3c4c4442126f8e9f44f1686/
[tp] path_request dest=/12cb1ed29943213839f0b0d18cd42761/ iface=/d86e8112f3c4c4442126f8e9f44f1686/
[tp] path_request dest=/e792a1b9b43cc8b95d12ecd2d1d3e8b2/ iface=/d86e8112f3c4c4442126f8e9f44f1686/
[tp] path_request dest=/a3dfea289534e4b2d0f5730310eebd99/ iface=/d86e8112f3c4c4442126f8e9f44f1686/
[tp] path_request dest=/34b2d5e6e88abd17de1616d24ab7a66f/ iface=/d86e8112f3c4c4442126f8e9f44f1686/
[tp] path_request dest=/6f4e242fa92ec83989779afa92178792/ iface=/d86e8112f3c4c4442126f8e9f44f1686/
[tp] path_request dest=/12cb1ed29943213839f0b0d18cd42761/ iface=/d86e8112f3c4c4442126f8e9f44f1686/
[tp] path_request dest=/b8bbfff472fe128873c9395a3ff8b353/ iface=/d86e8112f3c4c4442126f8e9f44f1686/
[tp] path_request dest=/8777301cc7cc14107104ae50e0d06cfa/ iface=/d86e8112f3c4c4442126f8e9f44f1686/
[tp] path_request dest=/be63d443f3ad970bfcdcc57b376c956b/ iface=/d86e8112f3c4c4442126f8e9f44f1686/
[tp] path_request dest=/f8de3e21f2b92e8eb4bb505f1e1381c4/ iface=/d86e8112f3c4c4442126f8e9f44f1686/
[tp] path_request dest=/bd4090bc8e1eddbb7b2bf54494c64a46/ iface=/d86e8112f3c4c4442126f8e9f44f1686/
[tp] link_request dst=/6dee4caf17f87a1051504791002c8786/ ctx=00 hops=2
[tp] link_proof_tx dst=/6dee4caf17f87a1051504791002c8786/ link_id=/4b9dca556ef9d5b5a269636048d3acf1/
[tp] link_data dst=/4b9dca556ef9d5b5a269636048d3acf1/ ctx=fe len=64
[tp] link_data dst=/4b9dca556ef9d5b5a269636048d3acf1/ ctx=fb len=192
[link] data_plain len=128 preview=35e65fe12a80ee3d00278ef932383927bd791670aa6a7f7a029c1a472045933f
[tp] path_request dest=/4a890e0e7c0cc69df96c7d4db8992341/ iface=/d86e8112f3c4c4442126f8e9f44f1686/
[tp] path_request dest=/995cc3851347f138f51af73d182d5e1d/ iface=/d86e8112f3c4c4442126f8e9f44f1686/
[tp] path_request dest=/4762234229b7e0b83c68b857bdf245c3/ iface=/d86e8112f3c4c4442126f8e9f44f1686/
[tp] path_request dest=/12cb1ed29943213839f0b0d18cd42761/ iface=/d86e8112f3c4c4442126f8e9f44f1686/
[tp] path_request dest=/8ed4fcabfbd40e19cf385d707142f415/ iface=/d86e8112f3c4c4442126f8e9f44f1686/
[tp] path_request dest=/f8de3e21f2b92e8eb4bb505f1e1381c4/ iface=/d86e8112f3c4c4442126f8e9f44f1686/
[tp] link_request dst=/6dee4caf17f87a1051504791002c8786/ ctx=00 hops=2
[tp] link_proof_tx dst=/6dee4caf17f87a1051504791002c8786/ link_id=/d278e2ba34af7f24f5bfde431393b9e9/
[tp] link_data dst=/d278e2ba34af7f24f5bfde431393b9e9/ ctx=fe len=64
[tp] link_data dst=/d278e2ba34af7f24f5bfde431393b9e9/ ctx=fb len=192
[link] data_plain len=128 preview=cc343d204fc536882689c77cbddfe144b3cf8abc90165e8a859ee48a492f4b0c
[tp] path_request dest=/e36c13fd857732740ed3421a512e06aa/ iface=/d86e8112f3c4c4442126f8e9f44f1686/
[tp] path_request dest=/e233d8d7e9c5f61419d45138ef0d90ff/ iface=/d86e8112f3c4c4442126f8e9f44f1686/
[tp] path_request dest=/b8bbfff472fe128873c9395a3ff8b353/ iface=/d86e8112f3c4c4442126f8e9f44f1686/
[tp] path_request dest=/bd4090bc8e1eddbb7b2bf54494c64a46/ iface=/d86e8112f3c4c4442126f8e9f44f1686/
[tp] link_data dst=/d278e2ba34af7f24f5bfde431393b9e9/ ctx=08 len=32
[tp] path_request dest=/0769357259e48819ea9194b6230b2cef/ iface=/d86e8112f3c4c4442126f8e9f44f1686/
[tp] path_request dest=/0ffa0968a18cb499c260e774cd3d9f28/ iface=/d86e8112f3c4c4442126f8e9f44f1686/
[tp] link_request dst=/6dee4caf17f87a1051504791002c8786/ ctx=00 hops=4
[tp] link_proof_tx dst=/6dee4caf17f87a1051504791002c8786/ link_id=/923268e7827575e291db2322c30ebb05/
[tp] link_request dst=/6dee4caf17f87a1051504791002c8786/ ctx=00 hops=5
[tp] link_proof_tx dst=/6dee4caf17f87a1051504791002c8786/ link_id=/d5fc4f5c45982477c2a6b94475be4787/
[tp] path_request dest=/12cb1ed29943213839f0b0d18cd42761/ iface=/d86e8112f3c4c4442126f8e9f44f1686/
[tp] path_request dest=/995cc3851347f138f51af73d182d5e1d/ iface=/d86e8112f3c4c4442126f8e9f44f1686/
[tp] link_data dst=/4b9dca556ef9d5b5a269636048d3acf1/ ctx=fa len=1
[tp] link_data dst=/d278e2ba34af7f24f5bfde431393b9e9/ ctx=06 len=96
[tp] link_data dst=/d278e2ba34af7f24f5bfde431393b9e9/ ctx=fc len=80
[tp] path_request dest=/4762234229b7e0b83c68b857bdf245c3/ iface=/d86e8112f3c4c4442126f8e9f44f1686/
[tp] path_request dest=/58681bf71893d092811b7b97b6f767cf/ iface=/d86e8112f3c4c4442126f8e9f44f1686/
[tp] path_request dest=/b8bbfff472fe128873c9395a3ff8b353/ iface=/d86e8112f3c4c4442126f8e9f44f1686/
[tp] path_request dest=/a3dfea289534e4b2d0f5730310eebd99/ iface=/d86e8112f3c4c4442126f8e9f44f1686/
[tp] path_request dest=/e0cc2aaf73308d6417146d0c8231f2d1/ iface=/d86e8112f3c4c4442126f8e9f44f1686/
[tp] path_request dest=/12cb1ed29943213839f0b0d18cd42761/ iface=/d86e8112f3c4c4442126f8e9f44f1686/
[tp] path_request dest=/f8de3e21f2b92e8eb4bb505f1e1381c4/ iface=/d86e8112f3c4c4442126f8e9f44f1686/
[tp] link_data dst=/4b9dca556ef9d5b5a269636048d3acf1/ ctx=06 len=96
[tp] link_data dst=/4b9dca556ef9d5b5a269636048d3acf1/ ctx=fc len=80
[tp] link_request dst=/6dee4caf17f87a1051504791002c8786/ ctx=00 hops=2
[tp] link_proof_tx dst=/6dee4caf17f87a1051504791002c8786/ link_id=/3558ce1144828a38aed424935445bcc1/
[tp] link_data dst=/3558ce1144828a38aed424935445bcc1/ ctx=fe len=64
[tp] link_data dst=/3558ce1144828a38aed424935445bcc1/ ctx=fb len=192
[link] data_plain len=128 preview=35e65fe12a80ee3d00278ef932383927bd791670aa6a7f7a029c1a472045933f
[tp] path_request dest=/41ad15a66352bf5201501fc1793aa70c/ iface=/d86e8112f3c4c4442126f8e9f44f1686/
[tp] path_request dest=/58681bf71893d092811b7b97b6f767cf/ iface=/d86e8112f3c4c4442126f8e9f44f1686/
[tp] path_request dest=/995cc3851347f138f51af73d182d5e1d/ iface=/d86e8112f3c4c4442126f8e9f44f1686/
[tp] path_request dest=/47b6cea814d9ca40bb0cadad2139625a/ iface=/d86e8112f3c4c4442126f8e9f44f1686/
[tp] path_request dest=/58681bf71893d092811b7b97b6f767cf/ iface=/d86e8112f3c4c4442126f8e9f44f1686/
[tp] path_request dest=/379f204da5a77a6c340f6fae26097054/ iface=/d86e8112f3c4c4442126f8e9f44f1686/
[tp] path_request dest=/b8bbfff472fe128873c9395a3ff8b353/ iface=/d86e8112f3c4c4442126f8e9f44f1686/
[tp] path_request dest=/12cb1ed29943213839f0b0d18cd42761/ iface=/d86e8112f3c4c4442126f8e9f44f1686/
[tp] path_request dest=/2eb90d38628f1c044e818b532f76bb0e/ iface=/d86e8112f3c4c4442126f8e9f44f1686/
[tp] path_request dest=/04b15fcd28ec8ed7fab945cc9d082dd3/ iface=/d86e8112f3c4c4442126f8e9f44f1686/
[tp] path_request dest=/a3dfea289534e4b2d0f5730310eebd99/ iface=/d86e8112f3c4c4442126f8e9f44f1686/
[tp] path_request dest=/47b6cea814d9ca40bb0cadad2139625a/ iface=/d86e8112f3c4c4442126f8e9f44f1686/
[tp] path_request dest=/b18bb3d4ac56c99c5ee4791d79496ca2/ iface=/d86e8112f3c4c4442126f8e9f44f1686/
[tp] path_request dest=/965511769c059271e655c503e810a670/ iface=/d86e8112f3c4c4442126f8e9f44f1686/
[tp] path_request dest=/5a372128f79484f0b0d5f4f5b09e2b33/ iface=/d86e8112f3c4c4442126f8e9f44f1686/
[tp] link_data dst=/3558ce1144828a38aed424935445bcc1/ ctx=fa len=1
[tp] path_request dest=/12cb1ed29943213839f0b0d18cd42761/ iface=/d86e8112f3c4c4442126f8e9f44f1686/
[tp] path_request dest=/58681bf71893d092811b7b97b6f767cf/ iface=/d86e8112f3c4c4442126f8e9f44f1686/
[tp] path_request dest=/e233d8d7e9c5f61419d45138ef0d90ff/ iface=/d86e8112f3c4c4442126f8e9f44f1686/
[tp] path_request dest=/995cc3851347f138f51af73d182d5e1d/ iface=/d86e8112f3c4c4442126f8e9f44f1686/
[tp] path_request dest=/2e659d21833e9df83f18e41f005f51c3/ iface=/d86e8112f3c4c4442126f8e9f44f1686/
[tp] path_request dest=/b8bbfff472fe128873c9395a3ff8b353/ iface=/d86e8112f3c4c4442126f8e9f44f1686/
[tp] path_request dest=/c04ed3e589c8a6621bb166c913b0a330/ iface=/d86e8112f3c4c4442126f8e9f44f1686/
[tp] path_request dest=/4a890e0e7c0cc69df96c7d4db8992341/ iface=/d86e8112f3c4c4442126f8e9f44f1686/
[tp] path_request dest=/b18bb3d4ac56c99c5ee4791d79496ca2/ iface=/d86e8112f3c4c4442126f8e9f44f1686/
[tp] link_data dst=/3558ce1144828a38aed424935445bcc1/ ctx=06 len=96
[tp] link_data dst=/3558ce1144828a38aed424935445bcc1/ ctx=fc len=80
[tp] link_request dst=/6dee4caf17f87a1051504791002c8786/ ctx=00 hops=2
[tp] link_proof_tx dst=/6dee4caf17f87a1051504791002c8786/ link_id=/c454cfd21b84c086a5a385d3b7e5c923/
[tp] link_data dst=/c454cfd21b84c086a5a385d3b7e5c923/ ctx=fe len=64
[tp] link_data dst=/c454cfd21b84c086a5a385d3b7e5c923/ ctx=fb len=192
[link] data_plain len=128 preview=35e65fe12a80ee3d00278ef932383927bd791670aa6a7f7a029c1a472045933f
[tp] path_request dest=/12cb1ed29943213839f0b0d18cd42761/ iface=/d86e8112f3c4c4442126f8e9f44f1686/
[tp] path_request dest=/0ffa0968a18cb499c260e774cd3d9f28/ iface=/d86e8112f3c4c4442126f8e9f44f1686/
[tp] path_request dest=/b18bb3d4ac56c99c5ee4791d79496ca2/ iface=/d86e8112f3c4c4442126f8e9f44f1686/
[tp] path_request dest=/04b15fcd28ec8ed7fab945cc9d082dd3/ iface=/d86e8112f3c4c4442126f8e9f44f1686/
[tp] path_request dest=/b8bbfff472fe128873c9395a3ff8b353/ iface=/d86e8112f3c4c4442126f8e9f44f1686/
[tp] path_request dest=/995cc3851347f138f51af73d182d5e1d/ iface=/d86e8112f3c4c4442126f8e9f44f1686/
[tp] link_request dst=/6dee4caf17f87a1051504791002c8786/ ctx=00 hops=2
[tp] link_proof_tx dst=/6dee4caf17f87a1051504791002c8786/ link_id=/3c8ff6962f48fbd381cd800005d30a96/
[tp] link_data dst=/3c8ff6962f48fbd381cd800005d30a96/ ctx=fe len=64
[tp] link_data dst=/3c8ff6962f48fbd381cd800005d30a96/ ctx=fb len=192
[link] data_plain len=128 preview=cc343d204fc536882689c77cbddfe144b3cf8abc90165e8a859ee48a492f4b0c
[tp] link_request dst=/6dee4caf17f87a1051504791002c8786/ ctx=00 hops=2
[tp] link_proof_tx dst=/6dee4caf17f87a1051504791002c8786/ link_id=/15af2d3d49555b8131efd7d77f30080a/
[tp] path_request dest=/12cb1ed29943213839f0b0d18cd42761/ iface=/d86e8112f3c4c4442126f8e9f44f1686/
[tp] path_request dest=/04b15fcd28ec8ed7fab945cc9d082dd3/ iface=/d86e8112f3c4c4442126f8e9f44f1686/
[tp] link_data dst=/15af2d3d49555b8131efd7d77f30080a/ ctx=fe len=64
[tp] link_data dst=/15af2d3d49555b8131efd7d77f30080a/ ctx=fb len=192
[link] data_plain len=128 preview=c757c88946ae81f0974a33437ab209bac39469edc778f04bc7c155cdb8ea1441
[tp] link_data dst=/3c8ff6962f48fbd381cd800005d30a96/ ctx=08 len=32
[tp] link_data dst=/15af2d3d49555b8131efd7d77f30080a/ ctx=fc len=80
[tp] path_request dest=/e792a1b9b43cc8b95d12ecd2d1d3e8b2/ iface=/d86e8112f3c4c4442126f8e9f44f1686/
[tp] path_request dest=/a3dfea289534e4b2d0f5730310eebd99/ iface=/d86e8112f3c4c4442126f8e9f44f1686/
[tp] link_data dst=/c454cfd21b84c086a5a385d3b7e5c923/ ctx=fa len=1
[tp] path_request dest=/b8bbfff472fe128873c9395a3ff8b353/ iface=/d86e8112f3c4c4442126f8e9f44f1686/
[tp] path_request dest=/12cb1ed29943213839f0b0d18cd42761/ iface=/d86e8112f3c4c4442126f8e9f44f1686/
[tp] path_request dest=/965511769c059271e655c503e810a670/ iface=/d86e8112f3c4c4442126f8e9f44f1686/
[tp] link_data dst=/3c8ff6962f48fbd381cd800005d30a96/ ctx=06 len=96
[tp] link_data dst=/3c8ff6962f48fbd381cd800005d30a96/ ctx=fc len=80
[tp] path_request dest=/995cc3851347f138f51af73d182d5e1d/ iface=/d86e8112f3c4c4442126f8e9f44f1686/
[tp] link_request dst=/6dee4caf17f87a1051504791002c8786/ ctx=00 hops=2
[tp] link_proof_tx dst=/6dee4caf17f87a1051504791002c8786/ link_id=/2860a3e1338ddc6797e58aaaaba2da5c/
[tp] link_data dst=/2860a3e1338ddc6797e58aaaaba2da5c/ ctx=fe len=64
[tp] link_data dst=/2860a3e1338ddc6797e58aaaaba2da5c/ ctx=fb len=192
[link] data_plain len=128 preview=c757c88946ae81f0974a33437ab209bac39469edc778f04bc7c155cdb8ea1441
[tp] path_request dest=/f8de3e21f2b92e8eb4bb505f1e1381c4/ iface=/d86e8112f3c4c4442126f8e9f44f1686/
[tp] link_data dst=/c454cfd21b84c086a5a385d3b7e5c923/ ctx=06 len=96
[tp] link_data dst=/c454cfd21b84c086a5a385d3b7e5c923/ ctx=fc len=80
[tp] path_request dest=/965511769c059271e655c503e810a670/ iface=/d86e8112f3c4c4442126f8e9f44f1686/
[tp] link_data dst=/2860a3e1338ddc6797e58aaaaba2da5c/ ctx=fc len=80
[tp] path_request dest=/12cb1ed29943213839f0b0d18cd42761/ iface=/d86e8112f3c4c4442126f8e9f44f1686/
[tp] path_request dest=/bd4090bc8e1eddbb7b2bf54494c64a46/ iface=/d86e8112f3c4c4442126f8e9f44f1686/
[tp] path_request dest=/a3dfea289534e4b2d0f5730310eebd99/ iface=/d86e8112f3c4c4442126f8e9f44f1686/
[tp] path_request dest=/b8bbfff472fe128873c9395a3ff8b353/ iface=/d86e8112f3c4c4442126f8e9f44f1686/
[tp] link_request dst=/6dee4caf17f87a1051504791002c8786/ ctx=00 hops=2
[tp] link_proof_tx dst=/6dee4caf17f87a1051504791002c8786/ link_id=/df4d8186e9b378eab1d10bfd07902f52/
[tp] link_data dst=/df4d8186e9b378eab1d10bfd07902f52/ ctx=fe len=64
[tp] link_data dst=/df4d8186e9b378eab1d10bfd07902f52/ ctx=fb len=192
[link] data_plain len=128 preview=35e65fe12a80ee3d00278ef932383927bd791670aa6a7f7a029c1a472045933f
[tp] link_request dst=/6dee4caf17f87a1051504791002c8786/ ctx=00 hops=2
[tp] link_proof_tx dst=/6dee4caf17f87a1051504791002c8786/ link_id=/bcc72d9f61beae3e48faadcc1b3eb4dd/
[tp] link_data dst=/bcc72d9f61beae3e48faadcc1b3eb4dd/ ctx=fe len=64
[tp] link_data dst=/bcc72d9f61beae3e48faadcc1b3eb4dd/ ctx=fb len=192
[link] data_plain len=128 preview=c757c88946ae81f0974a33437ab209bac39469edc778f04bc7c155cdb8ea1441
[tp] path_request dest=/e233d8d7e9c5f61419d45138ef0d90ff/ iface=/d86e8112f3c4c4442126f8e9f44f1686/
[tp] path_request dest=/12cb1ed29943213839f0b0d18cd42761/ iface=/d86e8112f3c4c4442126f8e9f44f1686/
[tp] link_data dst=/bcc72d9f61beae3e48faadcc1b3eb4dd/ ctx=fc len=80
[tp] path_request dest=/995cc3851347f138f51af73d182d5e1d/ iface=/d86e8112f3c4c4442126f8e9f44f1686/
[tp] path_request dest=/fc359d5aabd3ebea14c35f45db89e8b6/ iface=/d86e8112f3c4c4442126f8e9f44f1686/
[tp] path_request dest=/5145ebb9a76875bd92db68ba1973d652/ iface=/d86e8112f3c4c4442126f8e9f44f1686/
[tp] path_request dest=/b8bbfff472fe128873c9395a3ff8b353/ iface=/d86e8112f3c4c4442126f8e9f44f1686/
[tp] path_request dest=/2eb90d38628f1c044e818b532f76bb0e/ iface=/d86e8112f3c4c4442126f8e9f44f1686/
[tp] path_request dest=/bd4090bc8e1eddbb7b2bf54494c64a46/ iface=/d86e8112f3c4c4442126f8e9f44f1686/
[tp] path_request dest=/12cb1ed29943213839f0b0d18cd42761/ iface=/d86e8112f3c4c4442126f8e9f44f1686/
[tp] path_request dest=/0ffa0968a18cb499c260e774cd3d9f28/ iface=/d86e8112f3c4c4442126f8e9f44f1686/
[tp] link_request dst=/6dee4caf17f87a1051504791002c8786/ ctx=00 hops=3
[tp] link_proof_tx dst=/6dee4caf17f87a1051504791002c8786/ link_id=/86af1eb52e77e2dec0ff3260bc61211d/
[tp] link_data dst=/86af1eb52e77e2dec0ff3260bc61211d/ ctx=fe len=64
[tp] link_data dst=/86af1eb52e77e2dec0ff3260bc61211d/ ctx=fb len=192
[link] data_plain len=128 preview=165580b392d784065c59ad07cd08fc45bc816426f454e09170b261c23bb2fc72
[tp] path_request dest=/e233d8d7e9c5f61419d45138ef0d90ff/ iface=/d86e8112f3c4c4442126f8e9f44f1686/
[tp] link_data dst=/df4d8186e9b378eab1d10bfd07902f52/ ctx=fa len=1
[tp] path_request dest=/58681bf71893d092811b7b97b6f767cf/ iface=/d86e8112f3c4c4442126f8e9f44f1686/
[tp] link_request dst=/6dee4caf17f87a1051504791002c8786/ ctx=00 hops=2
[tp] link_proof_tx dst=/6dee4caf17f87a1051504791002c8786/ link_id=/a83de9343287ac6c3b06bd6ff8ffa414/
[tp] path_request dest=/a011c3309e1754c1bd12003e69132d87/ iface=/d86e8112f3c4c4442126f8e9f44f1686/
[tp] link_data dst=/a83de9343287ac6c3b06bd6ff8ffa414/ ctx=fe len=64
[tp] link_data dst=/a83de9343287ac6c3b06bd6ff8ffa414/ ctx=fb len=192
[link] data_plain len=128 preview=c757c88946ae81f0974a33437ab209bac39469edc778f04bc7c155cdb8ea1441
[tp] link_data dst=/86af1eb52e77e2dec0ff3260bc61211d/ ctx=fc len=80
[tp] link_data dst=/a83de9343287ac6c3b06bd6ff8ffa414/ ctx=fc len=80
[tp] path_request dest=/5145ebb9a76875bd92db68ba1973d652/ iface=/d86e8112f3c4c4442126f8e9f44f1686/
[tp] path_request dest=/995cc3851347f138f51af73d182d5e1d/ iface=/d86e8112f3c4c4442126f8e9f44f1686/
[tp] path_request dest=/b8bbfff472fe128873c9395a3ff8b353/ iface=/d86e8112f3c4c4442126f8e9f44f1686/
[tp] path_request dest=/e233d8d7e9c5f61419d45138ef0d90ff/ iface=/d86e8112f3c4c4442126f8e9f44f1686/
[tp] path_request dest=/12cb1ed29943213839f0b0d18cd42761/ iface=/d86e8112f3c4c4442126f8e9f44f1686/
[tp] link_data dst=/df4d8186e9b378eab1d10bfd07902f52/ ctx=06 len=96
[tp] link_data dst=/df4d8186e9b378eab1d10bfd07902f52/ ctx=fc len=80
[tp] path_request dest=/bd4090bc8e1eddbb7b2bf54494c64a46/ iface=/d86e8112f3c4c4442126f8e9f44f1686/
[tp] link_request dst=/6dee4caf17f87a1051504791002c8786/ ctx=00 hops=2
[tp] link_proof_tx dst=/6dee4caf17f87a1051504791002c8786/ link_id=/c85c4fdcc65793ceb604485d4355cefc/
[tp] link_data dst=/c85c4fdcc65793ceb604485d4355cefc/ ctx=fe len=64
[tp] link_data dst=/c85c4fdcc65793ceb604485d4355cefc/ ctx=fb len=192
[link] data_plain len=128 preview=35e65fe12a80ee3d00278ef932383927bd791670aa6a7f7a029c1a472045933f
[tp] path_request dest=/379f204da5a77a6c340f6fae26097054/ iface=/d86e8112f3c4c4442126f8e9f44f1686/
[tp] path_request dest=/f8de3e21f2b92e8eb4bb505f1e1381c4/ iface=/d86e8112f3c4c4442126f8e9f44f1686/
[tp] path_request dest=/12cb1ed29943213839f0b0d18cd42761/ iface=/d86e8112f3c4c4442126f8e9f44f1686/
[tp] path_request dest=/b8bbfff472fe128873c9395a3ff8b353/ iface=/d86e8112f3c4c4442126f8e9f44f1686/
[tp] path_request dest=/e792a1b9b43cc8b95d12ecd2d1d3e8b2/ iface=/d86e8112f3c4c4442126f8e9f44f1686/
[tp] path_request dest=/995cc3851347f138f51af73d182d5e1d/ iface=/d86e8112f3c4c4442126f8e9f44f1686/
[tp] path_request dest=/ad7e5b8bd4bbfc4c58e228bdc123906e/ iface=/d86e8112f3c4c4442126f8e9f44f1686/
[tp] path_request dest=/b18bb3d4ac56c99c5ee4791d79496ca2/ iface=/d86e8112f3c4c4442126f8e9f44f1686/
[tp] path_request dest=/e792a1b9b43cc8b95d12ecd2d1d3e8b2/ iface=/d86e8112f3c4c4442126f8e9f44f1686/
[tp] link_data dst=/c85c4fdcc65793ceb604485d4355cefc/ ctx=fa len=1
[tp] path_request dest=/12cb1ed29943213839f0b0d18cd42761/ iface=/d86e8112f3c4c4442126f8e9f44f1686/
[tp] path_request dest=/fb7dfd8ce752d051a074e309814777be/ iface=/d86e8112f3c4c4442126f8e9f44f1686/
[tp] path_request dest=/b8bbfff472fe128873c9395a3ff8b353/ iface=/d86e8112f3c4c4442126f8e9f44f1686/
[tp] path_request dest=/a3dfea289534e4b2d0f5730310eebd99/ iface=/d86e8112f3c4c4442126f8e9f44f1686/
[tp] link_data dst=/c85c4fdcc65793ceb604485d4355cefc/ ctx=06 len=96
[tp] link_data dst=/c85c4fdcc65793ceb604485d4355cefc/ ctx=fc len=80
[tp] path_request dest=/12cb1ed29943213839f0b0d18cd42761/ iface=/d86e8112f3c4c4442126f8e9f44f1686/
[tp] path_request dest=/bd4090bc8e1eddbb7b2bf54494c64a46/ iface=/d86e8112f3c4c4442126f8e9f44f1686/
[tp] link_request dst=/6dee4caf17f87a1051504791002c8786/ ctx=00 hops=2
[tp] link_proof_tx dst=/6dee4caf17f87a1051504791002c8786/ link_id=/62f3c01a9d638b2d2f79b643536a9081/
[tp] link_data dst=/62f3c01a9d638b2d2f79b643536a9081/ ctx=fe len=64
[tp] link_data dst=/62f3c01a9d638b2d2f79b643536a9081/ ctx=fb len=192
[link] data_plain len=128 preview=c757c88946ae81f0974a33437ab209bac39469edc778f04bc7c155cdb8ea1441
[tp] path_request dest=/2acf71fea3b4bbd50fb51766b1fe10ab/ iface=/d86e8112f3c4c4442126f8e9f44f1686/
[tp] link_data dst=/62f3c01a9d638b2d2f79b643536a9081/ ctx=fc len=80
[tp] link_request dst=/6dee4caf17f87a1051504791002c8786/ ctx=00 hops=2
[tp] link_proof_tx dst=/6dee4caf17f87a1051504791002c8786/ link_id=/c40a45fa27817bbe0fbc8272774a417f/
[tp] link_data dst=/c40a45fa27817bbe0fbc8272774a417f/ ctx=fe len=64
[tp] link_data dst=/c40a45fa27817bbe0fbc8272774a417f/ ctx=fb len=192
[link] data_plain len=128 preview=35e65fe12a80ee3d00278ef932383927bd791670aa6a7f7a029c1a472045933f
[tp] path_request dest=/bd4090bc8e1eddbb7b2bf54494c64a46/ iface=/d86e8112f3c4c4442126f8e9f44f1686/
[tp] path_request dest=/995cc3851347f138f51af73d182d5e1d/ iface=/d86e8112f3c4c4442126f8e9f44f1686/
[tp] path_request dest=/0ffa0968a18cb499c260e774cd3d9f28/ iface=/d86e8112f3c4c4442126f8e9f44f1686/
[tp] path_request dest=/b8bbfff472fe128873c9395a3ff8b353/ iface=/d86e8112f3c4c4442126f8e9f44f1686/
[tp] path_request dest=/a3dfea289534e4b2d0f5730310eebd99/ iface=/d86e8112f3c4c4442126f8e9f44f1686/
[tp] link_request dst=/6dee4caf17f87a1051504791002c8786/ ctx=00 hops=2
[tp] link_proof_tx dst=/6dee4caf17f87a1051504791002c8786/ link_id=/e8aa04a94440eb268f0e5eb2375fc8d1/
[tp] link_data dst=/e8aa04a94440eb268f0e5eb2375fc8d1/ ctx=fe len=64
[tp] link_data dst=/e8aa04a94440eb268f0e5eb2375fc8d1/ ctx=fb len=192
[link] data_plain len=128 preview=cc343d204fc536882689c77cbddfe144b3cf8abc90165e8a859ee48a492f4b0c
[tp] path_request dest=/12cb1ed29943213839f0b0d18cd42761/ iface=/d86e8112f3c4c4442126f8e9f44f1686/
[tp] path_request dest=/e36c13fd857732740ed3421a512e06aa/ iface=/d86e8112f3c4c4442126f8e9f44f1686/
[tp] link_request dst=/6dee4caf17f87a1051504791002c8786/ ctx=00 hops=2
[tp] link_proof_tx dst=/6dee4caf17f87a1051504791002c8786/ link_id=/2176d444b622f7f7cf1e381664bc26b7/
[tp] link_data dst=/2176d444b622f7f7cf1e381664bc26b7/ ctx=fe len=64
[tp] link_data dst=/2176d444b622f7f7cf1e381664bc26b7/ ctx=fb len=192
[link] data_plain len=128 preview=c757c88946ae81f0974a33437ab209bac39469edc778f04bc7c155cdb8ea1441
[tp] path_request dest=/b18bb3d4ac56c99c5ee4791d79496ca2/ iface=/d86e8112f3c4c4442126f8e9f44f1686/
[tp] path_request dest=/e233d8d7e9c5f61419d45138ef0d90ff/ iface=/d86e8112f3c4c4442126f8e9f44f1686/
[tp] link_data dst=/e8aa04a94440eb268f0e5eb2375fc8d1/ ctx=08 len=32
[tp] link_request dst=/6dee4caf17f87a1051504791002c8786/ ctx=00 hops=2
[tp] link_proof_tx dst=/6dee4caf17f87a1051504791002c8786/ link_id=/7dd3eaa6e0e587e1d9caf08e933f679f/
[tp] link_data dst=/7dd3eaa6e0e587e1d9caf08e933f679f/ ctx=fe len=64
[tp] link_data dst=/7dd3eaa6e0e587e1d9caf08e933f679f/ ctx=fb len=192
[link] data_plain len=128 preview=1b599a71ed6a929084c48c8f1ef3621f995f1fab242197d824024fb4f6f4d551
[tp] path_request dest=/4b2220f27b3d45dab45b13cb3a1eb498/ iface=/d86e8112f3c4c4442126f8e9f44f1686/
[tp] path_request dest=/995cc3851347f138f51af73d182d5e1d/ iface=/d86e8112f3c4c4442126f8e9f44f1686/
[tp] path_request dest=/44213278b52d888683e970004dc95f3c/ iface=/d86e8112f3c4c4442126f8e9f44f1686/
[tp] link_data dst=/2176d444b622f7f7cf1e381664bc26b7/ ctx=fc len=80
[tp] path_request dest=/12cb1ed29943213839f0b0d18cd42761/ iface=/d86e8112f3c4c4442126f8e9f44f1686/
[tp] path_request dest=/e792a1b9b43cc8b95d12ecd2d1d3e8b2/ iface=/d86e8112f3c4c4442126f8e9f44f1686/
[tp] path_request dest=/e233d8d7e9c5f61419d45138ef0d90ff/ iface=/d86e8112f3c4c4442126f8e9f44f1686/
[tp] link_data dst=/7dd3eaa6e0e587e1d9caf08e933f679f/ ctx=08 len=32
[tp] path_request dest=/b8bbfff472fe128873c9395a3ff8b353/ iface=/d86e8112f3c4c4442126f8e9f44f1686/
[tp] link_data dst=/c40a45fa27817bbe0fbc8272774a417f/ ctx=fa len=1
[tp] link_data dst=/e8aa04a94440eb268f0e5eb2375fc8d1/ ctx=06 len=96
[tp] link_data dst=/e8aa04a94440eb268f0e5eb2375fc8d1/ ctx=fc len=80
[tp] path_request dest=/a3dfea289534e4b2d0f5730310eebd99/ iface=/d86e8112f3c4c4442126f8e9f44f1686/
[tp] path_request dest=/e36c13fd857732740ed3421a512e06aa/ iface=/d86e8112f3c4c4442126f8e9f44f1686/
[tp] path_request dest=/4762234229b7e0b83c68b857bdf245c3/ iface=/d86e8112f3c4c4442126f8e9f44f1686/
[tp] link_data dst=/7dd3eaa6e0e587e1d9caf08e933f679f/ ctx=06 len=96
[tp] link_data dst=/7dd3eaa6e0e587e1d9caf08e933f679f/ ctx=fc len=80
[tp] path_request dest=/12cb1ed29943213839f0b0d18cd42761/ iface=/d86e8112f3c4c4442126f8e9f44f1686/
[tp] link_data dst=/c40a45fa27817bbe0fbc8272774a417f/ ctx=06 len=96
[tp] link_data dst=/c40a45fa27817bbe0fbc8272774a417f/ ctx=fc len=80
[tp] link_request dst=/6dee4caf17f87a1051504791002c8786/ ctx=00 hops=2
[tp] link_proof_tx dst=/6dee4caf17f87a1051504791002c8786/ link_id=/eb2c5feec880868492c0a3ef4de06cd2/
[tp] link_data dst=/eb2c5feec880868492c0a3ef4de06cd2/ ctx=fe len=64
[tp] link_data dst=/eb2c5feec880868492c0a3ef4de06cd2/ ctx=fb len=192
[link] data_plain len=128 preview=cc343d204fc536882689c77cbddfe144b3cf8abc90165e8a859ee48a492f4b0c
[tp] link_request dst=/6dee4caf17f87a1051504791002c8786/ ctx=00 hops=2
[tp] link_proof_tx dst=/6dee4caf17f87a1051504791002c8786/ link_id=/6a362fb646b045a65920ce26d532197b/
[tp] link_data dst=/6a362fb646b045a65920ce26d532197b/ ctx=fe len=64
[tp] link_data dst=/6a362fb646b045a65920ce26d532197b/ ctx=fb len=192
[link] data_plain len=128 preview=35e65fe12a80ee3d00278ef932383927bd791670aa6a7f7a029c1a472045933f
[tp] path_request dest=/e233d8d7e9c5f61419d45138ef0d90ff/ iface=/d86e8112f3c4c4442126f8e9f44f1686/
[tp] path_request dest=/b8bbfff472fe128873c9395a3ff8b353/ iface=/d86e8112f3c4c4442126f8e9f44f1686/
[tp] path_request dest=/b08c5af6e8a45384115d81ae3b737521/ iface=/d86e8112f3c4c4442126f8e9f44f1686/
[tp] path_request dest=/995cc3851347f138f51af73d182d5e1d/ iface=/d86e8112f3c4c4442126f8e9f44f1686/
[tp] link_data dst=/eb2c5feec880868492c0a3ef4de06cd2/ ctx=08 len=32
[tp] path_request dest=/ba5d70d1f6e464c363e757a887873e08/ iface=/d86e8112f3c4c4442126f8e9f44f1686/
[tp] link_request dst=/6dee4caf17f87a1051504791002c8786/ ctx=00 hops=2
[tp] link_proof_tx dst=/6dee4caf17f87a1051504791002c8786/ link_id=/1752d08893b01704501488bdc4267584/
[tp] link_data dst=/1752d08893b01704501488bdc4267584/ ctx=fe len=64
[tp] link_data dst=/1752d08893b01704501488bdc4267584/ ctx=fb len=192
[link] data_plain len=128 preview=1b599a71ed6a929084c48c8f1ef3621f995f1fab242197d824024fb4f6f4d551
[tp] path_request dest=/379f204da5a77a6c340f6fae26097054/ iface=/d86e8112f3c4c4442126f8e9f44f1686/
[tp] path_request dest=/12cb1ed29943213839f0b0d18cd42761/ iface=/d86e8112f3c4c4442126f8e9f44f1686/
[tp] path_request dest=/a3dfea289534e4b2d0f5730310eebd99/ iface=/d86e8112f3c4c4442126f8e9f44f1686/
[tp] link_data dst=/1752d08893b01704501488bdc4267584/ ctx=08 len=32
[tp] path_request dest=/6f4e242fa92ec83989779afa92178792/ iface=/d86e8112f3c4c4442126f8e9f44f1686/
[tp] link_data dst=/eb2c5feec880868492c0a3ef4de06cd2/ ctx=06 len=96
[tp] link_data dst=/eb2c5feec880868492c0a3ef4de06cd2/ ctx=fc len=80
[tp] path_request dest=/b8bbfff472fe128873c9395a3ff8b353/ iface=/d86e8112f3c4c4442126f8e9f44f1686/
[tp] link_request dst=/6dee4caf17f87a1051504791002c8786/ ctx=00 hops=2
[tp] link_proof_tx dst=/6dee4caf17f87a1051504791002c8786/ link_id=/1de887844b9e2f8a17333bd873f5bd0e/
[tp] link_data dst=/1de887844b9e2f8a17333bd873f5bd0e/ ctx=fe len=64
[tp] link_data dst=/1de887844b9e2f8a17333bd873f5bd0e/ ctx=fb len=192
[link] data_plain len=128 preview=cc343d204fc536882689c77cbddfe144b3cf8abc90165e8a859ee48a492f4b0c
[tp] link_data dst=/6a362fb646b045a65920ce26d532197b/ ctx=fa len=1
[tp] link_data dst=/1752d08893b01704501488bdc4267584/ ctx=06 len=96
[tp] link_data dst=/1752d08893b01704501488bdc4267584/ ctx=fc len=80
[tp] path_request dest=/12cb1ed29943213839f0b0d18cd42761/ iface=/d86e8112f3c4c4442126f8e9f44f1686/
[tp] path_request dest=/995cc3851347f138f51af73d182d5e1d/ iface=/d86e8112f3c4c4442126f8e9f44f1686/
[tp] link_data dst=/1de887844b9e2f8a17333bd873f5bd0e/ ctx=08 len=32
[tp] path_request dest=/0ffa0968a18cb499c260e774cd3d9f28/ iface=/d86e8112f3c4c4442126f8e9f44f1686/
[tp] path_request dest=/b18bb3d4ac56c99c5ee4791d79496ca2/ iface=/d86e8112f3c4c4442126f8e9f44f1686/
[tp] path_request dest=/57e2d0ef3bd6127a75f53884d04418c4/ iface=/d86e8112f3c4c4442126f8e9f44f1686/
[tp] link_request dst=/6dee4caf17f87a1051504791002c8786/ ctx=00 hops=2
[tp] link_proof_tx dst=/6dee4caf17f87a1051504791002c8786/ link_id=/0e3912bc1fb3952537ed843336540196/
[tp] link_data dst=/0e3912bc1fb3952537ed843336540196/ ctx=fe len=64
[tp] link_data dst=/0e3912bc1fb3952537ed843336540196/ ctx=fb len=192
[link] data_plain len=128 preview=c757c88946ae81f0974a33437ab209bac39469edc778f04bc7c155cdb8ea1441
[tp] path_request dest=/f8de3e21f2b92e8eb4bb505f1e1381c4/ iface=/d86e8112f3c4c4442126f8e9f44f1686/
[tp] link_data dst=/6a362fb646b045a65920ce26d532197b/ ctx=06 len=96
[tp] link_data dst=/6a362fb646b045a65920ce26d532197b/ ctx=fc len=80
[tp] path_request dest=/bd4090bc8e1eddbb7b2bf54494c64a46/ iface=/d86e8112f3c4c4442126f8e9f44f1686/
[tp] link_data dst=/0e3912bc1fb3952537ed843336540196/ ctx=fc len=80
[tp] link_data dst=/1de887844b9e2f8a17333bd873f5bd0e/ ctx=06 len=96
[tp] link_data dst=/1de887844b9e2f8a17333bd873f5bd0e/ ctx=fc len=80
[tp] path_request dest=/965511769c059271e655c503e810a670/ iface=/d86e8112f3c4c4442126f8e9f44f1686/
[tp] path_request dest=/b8bbfff472fe128873c9395a3ff8b353/ iface=/d86e8112f3c4c4442126f8e9f44f1686/
[tp] path_request dest=/12cb1ed29943213839f0b0d18cd42761/ iface=/d86e8112f3c4c4442126f8e9f44f1686/
[tp] path_request dest=/c04ed3e589c8a6621bb166c913b0a330/ iface=/d86e8112f3c4c4442126f8e9f44f1686/
[tp] path_request dest=/0ffa0968a18cb499c260e774cd3d9f28/ iface=/d86e8112f3c4c4442126f8e9f44f1686/
[tp] path_request dest=/bd4090bc8e1eddbb7b2bf54494c64a46/ iface=/d86e8112f3c4c4442126f8e9f44f1686/
[tp] path_request dest=/965511769c059271e655c503e810a670/ iface=/d86e8112f3c4c4442126f8e9f44f1686/
[tp] path_request dest=/0769357259e48819ea9194b6230b2cef/ iface=/d86e8112f3c4c4442126f8e9f44f1686/
[tp] link_request dst=/6dee4caf17f87a1051504791002c8786/ ctx=00 hops=2
[tp] link_proof_tx dst=/6dee4caf17f87a1051504791002c8786/ link_id=/bd4675f86825a993467155c2ea71e224/
[tp] link_data dst=/bd4675f86825a993467155c2ea71e224/ ctx=fe len=64
[tp] link_data dst=/bd4675f86825a993467155c2ea71e224/ ctx=fb len=192
[link] data_plain len=128 preview=c757c88946ae81f0974a33437ab209bac39469edc778f04bc7c155cdb8ea1441
[tp] path_request dest=/995cc3851347f138f51af73d182d5e1d/ iface=/d86e8112f3c4c4442126f8e9f44f1686/
[tp] link_request dst=/6dee4caf17f87a1051504791002c8786/ ctx=00 hops=2
[tp] link_proof_tx dst=/6dee4caf17f87a1051504791002c8786/ link_id=/a1354a2e87c0b397e0f3f162f74c1d7f/
[tp] link_data dst=/a1354a2e87c0b397e0f3f162f74c1d7f/ ctx=fe len=64
[tp] link_data dst=/a1354a2e87c0b397e0f3f162f74c1d7f/ ctx=fb len=192
[link] data_plain len=128 preview=cc343d204fc536882689c77cbddfe144b3cf8abc90165e8a859ee48a492f4b0c
[tp] path_request dest=/12cb1ed29943213839f0b0d18cd42761/ iface=/d86e8112f3c4c4442126f8e9f44f1686/
[tp] link_data dst=/bd4675f86825a993467155c2ea71e224/ ctx=fc len=80
[tp] link_request dst=/6dee4caf17f87a1051504791002c8786/ ctx=00 hops=2
[tp] link_proof_tx dst=/6dee4caf17f87a1051504791002c8786/ link_id=/cfae3be260c1aac760f54d41e1b494fd/
[tp] link_data dst=/cfae3be260c1aac760f54d41e1b494fd/ ctx=fe len=64
[tp] link_data dst=/cfae3be260c1aac760f54d41e1b494fd/ ctx=fb len=192
[link] data_plain len=128 preview=35e65fe12a80ee3d00278ef932383927bd791670aa6a7f7a029c1a472045933f
[tp] path_request dest=/b8bbfff472fe128873c9395a3ff8b353/ iface=/d86e8112f3c4c4442126f8e9f44f1686/
[tp] link_data dst=/a1354a2e87c0b397e0f3f162f74c1d7f/ ctx=08 len=32
[tp] path_request dest=/a3dfea289534e4b2d0f5730310eebd99/ iface=/d86e8112f3c4c4442126f8e9f44f1686/
[tp] path_request dest=/a15f32cc809931cb4fcdf27adbe05aa6/ iface=/d86e8112f3c4c4442126f8e9f44f1686/
[tp] path_request dest=/e233d8d7e9c5f61419d45138ef0d90ff/ iface=/d86e8112f3c4c4442126f8e9f44f1686/
[tp] path_request dest=/12cb1ed29943213839f0b0d18cd42761/ iface=/d86e8112f3c4c4442126f8e9f44f1686/
[tp] path_request dest=/379f204da5a77a6c340f6fae26097054/ iface=/d86e8112f3c4c4442126f8e9f44f1686/
[tp] link_data dst=/a1354a2e87c0b397e0f3f162f74c1d7f/ ctx=06 len=96
[tp] link_data dst=/a1354a2e87c0b397e0f3f162f74c1d7f/ ctx=fc len=80
[tp] link_request dst=/6dee4caf17f87a1051504791002c8786/ ctx=00 hops=3
[tp] link_proof_tx dst=/6dee4caf17f87a1051504791002c8786/ link_id=/42ee7923662b26d38cdfbb049314bdef/
[tp] link_data dst=/42ee7923662b26d38cdfbb049314bdef/ ctx=fe len=64
[tp] link_data dst=/42ee7923662b26d38cdfbb049314bdef/ ctx=fb len=192
[link] data_plain len=128 preview=165580b392d784065c59ad07cd08fc45bc816426f454e09170b261c23bb2fc72
[tp] path_request dest=/dbe366cc5a90874955d835ef8bc141d6/ iface=/d86e8112f3c4c4442126f8e9f44f1686/
[tp] path_request dest=/540c608007597e56524853ff05e73b5d/ iface=/d86e8112f3c4c4442126f8e9f44f1686/
[tp] path_request dest=/3745a3f11db6030944f4464abc750f20/ iface=/d86e8112f3c4c4442126f8e9f44f1686/
[tp] link_request dst=/6dee4caf17f87a1051504791002c8786/ ctx=00 hops=2
[tp] link_proof_tx dst=/6dee4caf17f87a1051504791002c8786/ link_id=/c4220db1ab3c00d4e778206a15e15db0/
[tp] path_request dest=/995cc3851347f138f51af73d182d5e1d/ iface=/d86e8112f3c4c4442126f8e9f44f1686/
[tp] path_request dest=/58681bf71893d092811b7b97b6f767cf/ iface=/d86e8112f3c4c4442126f8e9f44f1686/
[tp] path_request dest=/7515db0fad971bae499ad88e01b370f2/ iface=/d86e8112f3c4c4442126f8e9f44f1686/
[tp] link_data dst=/42ee7923662b26d38cdfbb049314bdef/ ctx=fc len=80
[tp] link_request dst=/6dee4caf17f87a1051504791002c8786/ ctx=00 hops=2
[tp] link_proof_tx dst=/6dee4caf17f87a1051504791002c8786/ link_id=/31a0661883c1d086e38e0e3c0e3ea84a/
[tp] path_request dest=/965511769c059271e655c503e810a670/ iface=/d86e8112f3c4c4442126f8e9f44f1686/
[tp] link_data dst=/31a0661883c1d086e38e0e3c0e3ea84a/ ctx=fe len=64
[tp] link_data dst=/31a0661883c1d086e38e0e3c0e3ea84a/ ctx=fb len=192
[link] data_plain len=128 preview=caeb241290061ad1380b094471a8ab92b78aeb000a7b67d3c3af96b3825f2026
[tp] path_request dest=/b8bbfff472fe128873c9395a3ff8b353/ iface=/d86e8112f3c4c4442126f8e9f44f1686/
[tp] path_request dest=/e233d8d7e9c5f61419d45138ef0d90ff/ iface=/d86e8112f3c4c4442126f8e9f44f1686/
[tp] path_request dest=/bd4090bc8e1eddbb7b2bf54494c64a46/ iface=/d86e8112f3c4c4442126f8e9f44f1686/
[tp] path_request dest=/2eb90d38628f1c044e818b532f76bb0e/ iface=/d86e8112f3c4c4442126f8e9f44f1686/
[tp] path_request dest=/234eed3d3775eb1e29cf5a3842961c25/ iface=/d86e8112f3c4c4442126f8e9f44f1686/
[tp] link_request dst=/6dee4caf17f87a1051504791002c8786/ ctx=00 hops=2
[tp] link_proof_tx dst=/6dee4caf17f87a1051504791002c8786/ link_id=/c851b0a3d44bca61c39c658e1c5d1d8d/
[tp] link_data dst=/c851b0a3d44bca61c39c658e1c5d1d8d/ ctx=fe len=64
[tp] link_data dst=/c851b0a3d44bca61c39c658e1c5d1d8d/ ctx=fb len=192
[link] data_plain len=128 preview=cc343d204fc536882689c77cbddfe144b3cf8abc90165e8a859ee48a492f4b0c
[tp] path_request dest=/a3dfea289534e4b2d0f5730310eebd99/ iface=/d86e8112f3c4c4442126f8e9f44f1686/
[tp] link_data dst=/31a0661883c1d086e38e0e3c0e3ea84a/ ctx=08 len=32
[tp] link_request dst=/6dee4caf17f87a1051504791002c8786/ ctx=00 hops=3
[tp] link_proof_tx dst=/6dee4caf17f87a1051504791002c8786/ link_id=/fe7e0ada9199b1091e0f9d3675fb1e07/
[tp] link_data dst=/fe7e0ada9199b1091e0f9d3675fb1e07/ ctx=fe len=64
[tp] link_data dst=/fe7e0ada9199b1091e0f9d3675fb1e07/ ctx=fb len=192
[link] data_plain len=128 preview=165580b392d784065c59ad07cd08fc45bc816426f454e09170b261c23bb2fc72
[tp] path_request dest=/b18bb3d4ac56c99c5ee4791d79496ca2/ iface=/d86e8112f3c4c4442126f8e9f44f1686/
[tp] link_data dst=/c851b0a3d44bca61c39c658e1c5d1d8d/ ctx=08 len=32
[tp] path_request dest=/296c7607e829b29e83f2c80f02aa0db6/ iface=/d86e8112f3c4c4442126f8e9f44f1686/
[tp] link_data dst=/fe7e0ada9199b1091e0f9d3675fb1e07/ ctx=fc len=80
[tp] link_data dst=/cfae3be260c1aac760f54d41e1b494fd/ ctx=06 len=96
[tp] link_data dst=/cfae3be260c1aac760f54d41e1b494fd/ ctx=fc len=80
[tp] link_request dst=/6dee4caf17f87a1051504791002c8786/ ctx=00 hops=3
[tp] link_proof_tx dst=/6dee4caf17f87a1051504791002c8786/ link_id=/e950f0a6cdbef0b377ace895bffa56fa/
[tp] link_request dst=/6dee4caf17f87a1051504791002c8786/ ctx=00 hops=2
[tp] link_proof_tx dst=/6dee4caf17f87a1051504791002c8786/ link_id=/ce765c36c9d25ed1504cedc0538875ab/
[tp] link_data dst=/e950f0a6cdbef0b377ace895bffa56fa/ ctx=fe len=64
[tp] link_data dst=/e950f0a6cdbef0b377ace895bffa56fa/ ctx=fb len=192
[link] data_plain len=128 preview=165580b392d784065c59ad07cd08fc45bc816426f454e09170b261c23bb2fc72
[tp] link_data dst=/ce765c36c9d25ed1504cedc0538875ab/ ctx=fe len=64
[tp] link_data dst=/ce765c36c9d25ed1504cedc0538875ab/ ctx=fb len=192
[link] data_plain len=128 preview=35e65fe12a80ee3d00278ef932383927bd791670aa6a7f7a029c1a472045933f
[tp] link_data dst=/31a0661883c1d086e38e0e3c0e3ea84a/ ctx=06 len=96
[tp] link_data dst=/31a0661883c1d086e38e0e3c0e3ea84a/ ctx=fc len=80
[tp] path_request dest=/b8bbfff472fe128873c9395a3ff8b353/ iface=/d86e8112f3c4c4442126f8e9f44f1686/
[tp] link_data dst=/e950f0a6cdbef0b377ace895bffa56fa/ ctx=fc len=80
[tp] path_request dest=/995cc3851347f138f51af73d182d5e1d/ iface=/d86e8112f3c4c4442126f8e9f44f1686/
[tp] link_data dst=/c851b0a3d44bca61c39c658e1c5d1d8d/ ctx=06 len=96
[tp] link_data dst=/c851b0a3d44bca61c39c658e1c5d1d8d/ ctx=fc len=80
[tp] link_request dst=/6dee4caf17f87a1051504791002c8786/ ctx=00 hops=2
[tp] link_proof_tx dst=/6dee4caf17f87a1051504791002c8786/ link_id=/0fbaaf84e964e522d5082957e87cb170/
[tp] link_data dst=/0fbaaf84e964e522d5082957e87cb170/ ctx=fe len=64
[tp] link_data dst=/0fbaaf84e964e522d5082957e87cb170/ ctx=fb len=192
[link] data_plain len=128 preview=caeb241290061ad1380b094471a8ab92b78aeb000a7b67d3c3af96b3825f2026
[tp] path_request dest=/234eed3d3775eb1e29cf5a3842961c25/ iface=/d86e8112f3c4c4442126f8e9f44f1686/
[tp] link_request dst=/6dee4caf17f87a1051504791002c8786/ ctx=00 hops=2
[tp] link_proof_tx dst=/6dee4caf17f87a1051504791002c8786/ link_id=/9232f6765879d3925206517303e3d3d1/
[tp] link_data dst=/9232f6765879d3925206517303e3d3d1/ ctx=fe len=64
[tp] link_data dst=/9232f6765879d3925206517303e3d3d1/ ctx=fb len=192
[link] data_plain len=128 preview=c757c88946ae81f0974a33437ab209bac39469edc778f04bc7c155cdb8ea1441
[tp] path_request dest=/a3dfea289534e4b2d0f5730310eebd99/ iface=/d86e8112f3c4c4442126f8e9f44f1686/
[tp] path_request dest=/379f204da5a77a6c340f6fae26097054/ iface=/d86e8112f3c4c4442126f8e9f44f1686/
[tp] path_request dest=/0ffa0968a18cb499c260e774cd3d9f28/ iface=/d86e8112f3c4c4442126f8e9f44f1686/
[tp] path_request dest=/f8de3e21f2b92e8eb4bb505f1e1381c4/ iface=/d86e8112f3c4c4442126f8e9f44f1686/
[tp] link_data dst=/9232f6765879d3925206517303e3d3d1/ ctx=fc len=80
[tp] link_data dst=/0fbaaf84e964e522d5082957e87cb170/ ctx=08 len=32
[tp] path_request dest=/74dcb56f61527c495484771b7ebebb3e/ iface=/d86e8112f3c4c4442126f8e9f44f1686/
[tp] path_request dest=/965511769c059271e655c503e810a670/ iface=/d86e8112f3c4c4442126f8e9f44f1686/
[tp] path_request dest=/e233d8d7e9c5f61419d45138ef0d90ff/ iface=/d86e8112f3c4c4442126f8e9f44f1686/
[tp] path_request dest=/b8bbfff472fe128873c9395a3ff8b353/ iface=/d86e8112f3c4c4442126f8e9f44f1686/
[tp] link_data dst=/0fbaaf84e964e522d5082957e87cb170/ ctx=06 len=96
[tp] link_data dst=/0fbaaf84e964e522d5082957e87cb170/ ctx=fc len=80
[tp] path_request dest=/bd4090bc8e1eddbb7b2bf54494c64a46/ iface=/d86e8112f3c4c4442126f8e9f44f1686/
[tp] link_data dst=/ce765c36c9d25ed1504cedc0538875ab/ ctx=fa len=1
[tp] path_request dest=/995cc3851347f138f51af73d182d5e1d/ iface=/d86e8112f3c4c4442126f8e9f44f1686/
[tp] link_request dst=/6dee4caf17f87a1051504791002c8786/ ctx=00 hops=3
[tp] link_proof_tx dst=/6dee4caf17f87a1051504791002c8786/ link_id=/29f7fbcaf1320a791e62599fb727f719/
[tp] link_data dst=/29f7fbcaf1320a791e62599fb727f719/ ctx=fe len=64
[tp] link_data dst=/29f7fbcaf1320a791e62599fb727f719/ ctx=fb len=192
[link] data_plain len=128 preview=165580b392d784065c59ad07cd08fc45bc816426f454e09170b261c23bb2fc72
[tp] link_request dst=/6dee4caf17f87a1051504791002c8786/ ctx=00 hops=2
[tp] link_proof_tx dst=/6dee4caf17f87a1051504791002c8786/ link_id=/7e75fa8ffa8eb2d7d4a19e6d9907e5b2/
[tp] link_data dst=/7e75fa8ffa8eb2d7d4a19e6d9907e5b2/ ctx=fe len=64
[tp] link_data dst=/7e75fa8ffa8eb2d7d4a19e6d9907e5b2/ ctx=fb len=192
[link] data_plain len=128 preview=caeb241290061ad1380b094471a8ab92b78aeb000a7b67d3c3af96b3825f2026
[tp] path_request dest=/b18bb3d4ac56c99c5ee4791d79496ca2/ iface=/d86e8112f3c4c4442126f8e9f44f1686/
[tp] link_data dst=/29f7fbcaf1320a791e62599fb727f719/ ctx=fc len=80
[tp] link_request dst=/6dee4caf17f87a1051504791002c8786/ ctx=00 hops=2
[tp] link_proof_tx dst=/6dee4caf17f87a1051504791002c8786/ link_id=/6cbf35a017467064f51ddeb2bf56009f/
[tp] path_request dest=/234eed3d3775eb1e29cf5a3842961c25/ iface=/d86e8112f3c4c4442126f8e9f44f1686/
[tp] link_data dst=/6cbf35a017467064f51ddeb2bf56009f/ ctx=fe len=64
[tp] link_data dst=/6cbf35a017467064f51ddeb2bf56009f/ ctx=fb len=192
[link] data_plain len=128 preview=c757c88946ae81f0974a33437ab209bac39469edc778f04bc7c155cdb8ea1441
[tp] path_request dest=/a3dfea289534e4b2d0f5730310eebd99/ iface=/d86e8112f3c4c4442126f8e9f44f1686/
[tp] link_data dst=/7e75fa8ffa8eb2d7d4a19e6d9907e5b2/ ctx=08 len=32
[tp] link_data dst=/ce765c36c9d25ed1504cedc0538875ab/ ctx=06 len=96
[tp] link_data dst=/ce765c36c9d25ed1504cedc0538875ab/ ctx=fc len=80
[tp] link_request dst=/6dee4caf17f87a1051504791002c8786/ ctx=00 hops=2
[tp] link_proof_tx dst=/6dee4caf17f87a1051504791002c8786/ link_id=/7e5eaf2ce3282a1894de5fd8d446f564/
[tp] link_data dst=/7e5eaf2ce3282a1894de5fd8d446f564/ ctx=fe len=64
[tp] link_data dst=/7e5eaf2ce3282a1894de5fd8d446f564/ ctx=fb len=192
[link] data_plain len=128 preview=35e65fe12a80ee3d00278ef932383927bd791670aa6a7f7a029c1a472045933f
[tp] link_data dst=/6cbf35a017467064f51ddeb2bf56009f/ ctx=fc len=80
[tp] path_request dest=/12cb1ed29943213839f0b0d18cd42761/ iface=/d86e8112f3c4c4442126f8e9f44f1686/
[tp] link_request dst=/6dee4caf17f87a1051504791002c8786/ ctx=00 hops=2
[tp] link_proof_tx dst=/6dee4caf17f87a1051504791002c8786/ link_id=/7481c372661a8500d2a0596ca97c30cc/
[tp] path_request dest=/b8bbfff472fe128873c9395a3ff8b353/ iface=/d86e8112f3c4c4442126f8e9f44f1686/
[tp] link_data dst=/7481c372661a8500d2a0596ca97c30cc/ ctx=fe len=64
[tp] link_data dst=/7481c372661a8500d2a0596ca97c30cc/ ctx=fb len=192
[link] data_plain len=128 preview=c757c88946ae81f0974a33437ab209bac39469edc778f04bc7c155cdb8ea1441
[tp] link_request dst=/6dee4caf17f87a1051504791002c8786/ ctx=00 hops=3
[tp] link_proof_tx dst=/6dee4caf17f87a1051504791002c8786/ link_id=/4fe5c0c36d604b8acc36287a69f33149/
[tp] link_data dst=/4fe5c0c36d604b8acc36287a69f33149/ ctx=fe len=64
[tp] link_data dst=/4fe5c0c36d604b8acc36287a69f33149/ ctx=fb len=192
[link] data_plain len=128 preview=165580b392d784065c59ad07cd08fc45bc816426f454e09170b261c23bb2fc72
[tp] link_data dst=/7e75fa8ffa8eb2d7d4a19e6d9907e5b2/ ctx=06 len=96
[tp] link_data dst=/7e75fa8ffa8eb2d7d4a19e6d9907e5b2/ ctx=fc len=80
[tp] path_request dest=/f8de3e21f2b92e8eb4bb505f1e1381c4/ iface=/d86e8112f3c4c4442126f8e9f44f1686/
[tp] path_request dest=/e233d8d7e9c5f61419d45138ef0d90ff/ iface=/d86e8112f3c4c4442126f8e9f44f1686/
[tp] path_request dest=/995cc3851347f138f51af73d182d5e1d/ iface=/d86e8112f3c4c4442126f8e9f44f1686/
[tp] path_request dest=/3d7a1cf44289307962b2e64ca776c038/ iface=/d86e8112f3c4c4442126f8e9f44f1686/
[tp] link_request dst=/6dee4caf17f87a1051504791002c8786/ ctx=00 hops=2
[tp] link_proof_tx dst=/6dee4caf17f87a1051504791002c8786/ link_id=/6770feef1034ecc991880beaf03eb291/
[tp] link_data dst=/6770feef1034ecc991880beaf03eb291/ ctx=fe len=64
[tp] link_data dst=/6770feef1034ecc991880beaf03eb291/ ctx=fb len=192
[link] data_plain len=128 preview=caeb241290061ad1380b094471a8ab92b78aeb000a7b67d3c3af96b3825f2026
[tp] link_data dst=/7481c372661a8500d2a0596ca97c30cc/ ctx=fc len=80
[tp] path_request dest=/12cb1ed29943213839f0b0d18cd42761/ iface=/d86e8112f3c4c4442126f8e9f44f1686/
[tp] link_data dst=/4fe5c0c36d604b8acc36287a69f33149/ ctx=fc len=80
[tp] link_request dst=/6dee4caf17f87a1051504791002c8786/ ctx=00 hops=2
[tp] link_proof_tx dst=/6dee4caf17f87a1051504791002c8786/ link_id=/6f1a818ebb172a774cab21aa479e89fd/
[tp] link_data dst=/6f1a818ebb172a774cab21aa479e89fd/ ctx=fe len=64
[tp] link_data dst=/6f1a818ebb172a774cab21aa479e89fd/ ctx=fb len=192
[link] data_plain len=128 preview=c757c88946ae81f0974a33437ab209bac39469edc778f04bc7c155cdb8ea1441
[tp] path_request dest=/bd4090bc8e1eddbb7b2bf54494c64a46/ iface=/d86e8112f3c4c4442126f8e9f44f1686/
[tp] path_request dest=/b18bb3d4ac56c99c5ee4791d79496ca2/ iface=/d86e8112f3c4c4442126f8e9f44f1686/
[tp] link_data dst=/6770feef1034ecc991880beaf03eb291/ ctx=08 len=32
[tp] path_request dest=/a3dfea289534e4b2d0f5730310eebd99/ iface=/d86e8112f3c4c4442126f8e9f44f1686/
[tp] link_request dst=/6dee4caf17f87a1051504791002c8786/ ctx=00 hops=3
[tp] link_proof_tx dst=/6dee4caf17f87a1051504791002c8786/ link_id=/7040288f767d4aa82edb37fa20f913d1/
[tp] link_data dst=/7040288f767d4aa82edb37fa20f913d1/ ctx=fe len=64
[tp] link_data dst=/7040288f767d4aa82edb37fa20f913d1/ ctx=fb len=192
[link] data_plain len=128 preview=165580b392d784065c59ad07cd08fc45bc816426f454e09170b261c23bb2fc72
[tp] path_request dest=/e36c13fd857732740ed3421a512e06aa/ iface=/d86e8112f3c4c4442126f8e9f44f1686/
[tp] path_request dest=/b8bbfff472fe128873c9395a3ff8b353/ iface=/d86e8112f3c4c4442126f8e9f44f1686/
[tp] path_request dest=/e792a1b9b43cc8b95d12ecd2d1d3e8b2/ iface=/d86e8112f3c4c4442126f8e9f44f1686/
[tp] link_data dst=/6f1a818ebb172a774cab21aa479e89fd/ ctx=fc len=80
[tp] link_data dst=/7040288f767d4aa82edb37fa20f913d1/ ctx=fc len=80
[tp] link_data dst=/7e5eaf2ce3282a1894de5fd8d446f564/ ctx=fa len=1
[tp] path_request dest=/e233d8d7e9c5f61419d45138ef0d90ff/ iface=/d86e8112f3c4c4442126f8e9f44f1686/
[tp] path_request dest=/12cb1ed29943213839f0b0d18cd42761/ iface=/d86e8112f3c4c4442126f8e9f44f1686/
[tp] link_data dst=/6770feef1034ecc991880beaf03eb291/ ctx=06 len=96
[tp] link_data dst=/6770feef1034ecc991880beaf03eb291/ ctx=fc len=80
[tp] link_request dst=/6dee4caf17f87a1051504791002c8786/ ctx=00 hops=2
[tp] link_proof_tx dst=/6dee4caf17f87a1051504791002c8786/ link_id=/00c596b0fc2066c35fd9ba85ebb7980b/
[tp] link_data dst=/00c596b0fc2066c35fd9ba85ebb7980b/ ctx=fe len=64
[tp] link_data dst=/00c596b0fc2066c35fd9ba85ebb7980b/ ctx=fb len=192
[link] data_plain len=128 preview=c757c88946ae81f0974a33437ab209bac39469edc778f04bc7c155cdb8ea1441
[tp] path_request dest=/c04ed3e589c8a6621bb166c913b0a330/ iface=/d86e8112f3c4c4442126f8e9f44f1686/
[tp] link_request dst=/6dee4caf17f87a1051504791002c8786/ ctx=00 hops=2
[tp] link_proof_tx dst=/6dee4caf17f87a1051504791002c8786/ link_id=/69656d609ecf5e6023ce51b1793bef82/
[tp] path_request dest=/b8bbfff472fe128873c9395a3ff8b353/ iface=/d86e8112f3c4c4442126f8e9f44f1686/
[tp] link_data dst=/69656d609ecf5e6023ce51b1793bef82/ ctx=fe len=64
[tp] link_data dst=/69656d609ecf5e6023ce51b1793bef82/ ctx=fb len=192
[link] data_plain len=128 preview=caeb241290061ad1380b094471a8ab92b78aeb000a7b67d3c3af96b3825f2026
[tp] link_data dst=/00c596b0fc2066c35fd9ba85ebb7980b/ ctx=fc len=80
[tp] path_request dest=/f8de3e21f2b92e8eb4bb505f1e1381c4/ iface=/d86e8112f3c4c4442126f8e9f44f1686/
[tp] path_request dest=/995cc3851347f138f51af73d182d5e1d/ iface=/d86e8112f3c4c4442126f8e9f44f1686/
[tp] link_data dst=/7e5eaf2ce3282a1894de5fd8d446f564/ ctx=06 len=96
[tp] link_data dst=/7e5eaf2ce3282a1894de5fd8d446f564/ ctx=fc len=80
[tp] path_request dest=/0ffa0968a18cb499c260e774cd3d9f28/ iface=/d86e8112f3c4c4442126f8e9f44f1686/
[tp] link_request dst=/6dee4caf17f87a1051504791002c8786/ ctx=00 hops=2
[tp] link_proof_tx dst=/6dee4caf17f87a1051504791002c8786/ link_id=/4d387797e32626b06cba3ccfdc67e250/
[tp] link_data dst=/4d387797e32626b06cba3ccfdc67e250/ ctx=fe len=64
[tp] link_data dst=/4d387797e32626b06cba3ccfdc67e250/ ctx=fb len=192
[link] data_plain len=128 preview=c757c88946ae81f0974a33437ab209bac39469edc778f04bc7c155cdb8ea1441
[tp] path_request dest=/2eb90d38628f1c044e818b532f76bb0e/ iface=/d86e8112f3c4c4442126f8e9f44f1686/
[tp] path_request dest=/a3dfea289534e4b2d0f5730310eebd99/ iface=/d86e8112f3c4c4442126f8e9f44f1686/
[tp] path_request dest=/12cb1ed29943213839f0b0d18cd42761/ iface=/d86e8112f3c4c4442126f8e9f44f1686/
[tp] link_data dst=/4d387797e32626b06cba3ccfdc67e250/ ctx=fc len=80
[tp] link_request dst=/6dee4caf17f87a1051504791002c8786/ ctx=00 hops=2
[tp] link_proof_tx dst=/6dee4caf17f87a1051504791002c8786/ link_id=/9ec98d7105ff704485bfec8bcb214733/
[tp] link_data dst=/9ec98d7105ff704485bfec8bcb214733/ ctx=fe len=64
[tp] link_data dst=/9ec98d7105ff704485bfec8bcb214733/ ctx=fb len=192
[link] data_plain len=128 preview=cc343d204fc536882689c77cbddfe144b3cf8abc90165e8a859ee48a492f4b0c
[tp] link_data dst=/69656d609ecf5e6023ce51b1793bef82/ ctx=08 len=32
[tp] link_request dst=/6dee4caf17f87a1051504791002c8786/ ctx=00 hops=2
[tp] link_proof_tx dst=/6dee4caf17f87a1051504791002c8786/ link_id=/779bb8ca1d0b0eeac399e764a9d38358/
[tp] link_data dst=/9ec98d7105ff704485bfec8bcb214733/ ctx=08 len=32
[tp] link_data dst=/779bb8ca1d0b0eeac399e764a9d38358/ ctx=fe len=64
[tp] link_data dst=/779bb8ca1d0b0eeac399e764a9d38358/ ctx=fb len=192
[link] data_plain len=128 preview=35e65fe12a80ee3d00278ef932383927bd791670aa6a7f7a029c1a472045933f
[tp] path_request dest=/b8bbfff472fe128873c9395a3ff8b353/ iface=/d86e8112f3c4c4442126f8e9f44f1686/
[tp] path_request dest=/995cc3851347f138f51af73d182d5e1d/ iface=/d86e8112f3c4c4442126f8e9f44f1686/
[tp] path_request dest=/12cb1ed29943213839f0b0d18cd42761/ iface=/d86e8112f3c4c4442126f8e9f44f1686/
[tp] link_data dst=/9ec98d7105ff704485bfec8bcb214733/ ctx=06 len=96
[tp] link_data dst=/9ec98d7105ff704485bfec8bcb214733/ ctx=fc len=80
[tp] link_request dst=/6dee4caf17f87a1051504791002c8786/ ctx=00 hops=2
[tp] link_proof_tx dst=/6dee4caf17f87a1051504791002c8786/ link_id=/4e3076a6fc40e63eb1b59b9829ed296f/
[tp] link_data dst=/4e3076a6fc40e63eb1b59b9829ed296f/ ctx=fe len=64
[tp] link_data dst=/4e3076a6fc40e63eb1b59b9829ed296f/ ctx=fb len=192
[link] data_plain len=128 preview=c757c88946ae81f0974a33437ab209bac39469edc778f04bc7c155cdb8ea1441
[tp] path_request dest=/a3dfea289534e4b2d0f5730310eebd99/ iface=/d86e8112f3c4c4442126f8e9f44f1686/
[tp] path_request dest=/965511769c059271e655c503e810a670/ iface=/d86e8112f3c4c4442126f8e9f44f1686/
[tp] link_data dst=/4e3076a6fc40e63eb1b59b9829ed296f/ ctx=fc len=80
[tp] path_request dest=/12cb1ed29943213839f0b0d18cd42761/ iface=/d86e8112f3c4c4442126f8e9f44f1686/
[tp] path_request dest=/fb9aca8a82abc784d75835c1e181adde/ iface=/d86e8112f3c4c4442126f8e9f44f1686/
[tp] path_request dest=/b8bbfff472fe128873c9395a3ff8b353/ iface=/d86e8112f3c4c4442126f8e9f44f1686/
[tp] link_data dst=/779bb8ca1d0b0eeac399e764a9d38358/ ctx=fa len=1
[tp] path_request dest=/995cc3851347f138f51af73d182d5e1d/ iface=/d86e8112f3c4c4442126f8e9f44f1686/
[tp] link_data dst=/69656d609ecf5e6023ce51b1793bef82/ ctx=06 len=96
[tp] link_data dst=/69656d609ecf5e6023ce51b1793bef82/ ctx=fc len=80
[tp] path_request dest=/12cb1ed29943213839f0b0d18cd42761/ iface=/d86e8112f3c4c4442126f8e9f44f1686/
[tp] path_request dest=/a3dfea289534e4b2d0f5730310eebd99/ iface=/d86e8112f3c4c4442126f8e9f44f1686/
[tp] link_data dst=/779bb8ca1d0b0eeac399e764a9d38358/ ctx=06 len=96
[tp] link_data dst=/779bb8ca1d0b0eeac399e764a9d38358/ ctx=fc len=80
[tp] link_request dst=/6dee4caf17f87a1051504791002c8786/ ctx=00 hops=2
[tp] link_proof_tx dst=/6dee4caf17f87a1051504791002c8786/ link_id=/e263b238a2782347880f5c3873300083/
[tp] link_data dst=/e263b238a2782347880f5c3873300083/ ctx=fe len=64
[tp] link_data dst=/e263b238a2782347880f5c3873300083/ ctx=fb len=192
[link] data_plain len=128 preview=35e65fe12a80ee3d00278ef932383927bd791670aa6a7f7a029c1a472045933f
[tp] link_request dst=/6dee4caf17f87a1051504791002c8786/ ctx=00 hops=2
[tp] link_proof_tx dst=/6dee4caf17f87a1051504791002c8786/ link_id=/05f7052fbc31a28693a0ec606344962e/
[tp] link_data dst=/05f7052fbc31a28693a0ec606344962e/ ctx=fe len=64
[tp] link_data dst=/05f7052fbc31a28693a0ec606344962e/ ctx=fb len=192
[link] data_plain len=128 preview=caeb241290061ad1380b094471a8ab92b78aeb000a7b67d3c3af96b3825f2026
[tp] path_request dest=/b8bbfff472fe128873c9395a3ff8b353/ iface=/d86e8112f3c4c4442126f8e9f44f1686/
[tp] path_request dest=/b18bb3d4ac56c99c5ee4791d79496ca2/ iface=/d86e8112f3c4c4442126f8e9f44f1686/
[tp] path_request dest=/e233d8d7e9c5f61419d45138ef0d90ff/ iface=/d86e8112f3c4c4442126f8e9f44f1686/
[tp] path_request dest=/41ad15a66352bf5201501fc1793aa70c/ iface=/d86e8112f3c4c4442126f8e9f44f1686/
[tp] path_request dest=/ac31bf081f355d8ffbb73f0279341474/ iface=/d86e8112f3c4c4442126f8e9f44f1686/
[tp] path_request dest=/f8de3e21f2b92e8eb4bb505f1e1381c4/ iface=/d86e8112f3c4c4442126f8e9f44f1686/
[tp] link_data dst=/05f7052fbc31a28693a0ec606344962e/ ctx=08 len=32
[tp] path_request dest=/12cb1ed29943213839f0b0d18cd42761/ iface=/d86e8112f3c4c4442126f8e9f44f1686/
[tp] path_request dest=/995cc3851347f138f51af73d182d5e1d/ iface=/d86e8112f3c4c4442126f8e9f44f1686/
[tp] path_request dest=/46abc73a40e2eef3efde881eaabe677a/ iface=/d86e8112f3c4c4442126f8e9f44f1686/
[tp] path_request dest=/e36c13fd857732740ed3421a512e06aa/ iface=/d86e8112f3c4c4442126f8e9f44f1686/
[tp] path_request dest=/0ffa0968a18cb499c260e774cd3d9f28/ iface=/d86e8112f3c4c4442126f8e9f44f1686/
[tp] link_data dst=/05f7052fbc31a28693a0ec606344962e/ ctx=06 len=96
[tp] link_data dst=/05f7052fbc31a28693a0ec606344962e/ ctx=fc len=80
[tp] path_request dest=/4a890e0e7c0cc69df96c7d4db8992341/ iface=/d86e8112f3c4c4442126f8e9f44f1686/
[tp] path_request dest=/b8bbfff472fe128873c9395a3ff8b353/ iface=/d86e8112f3c4c4442126f8e9f44f1686/
[tp] path_request dest=/e233d8d7e9c5f61419d45138ef0d90ff/ iface=/d86e8112f3c4c4442126f8e9f44f1686/
[tp] path_request dest=/a3dfea289534e4b2d0f5730310eebd99/ iface=/d86e8112f3c4c4442126f8e9f44f1686/
[tp] path_request dest=/3fd09a3b8febd1fcfd88edb1e84d20ee/ iface=/d86e8112f3c4c4442126f8e9f44f1686/
[tp] path_request dest=/12cb1ed29943213839f0b0d18cd42761/ iface=/d86e8112f3c4c4442126f8e9f44f1686/
[tp] path_request dest=/965511769c059271e655c503e810a670/ iface=/d86e8112f3c4c4442126f8e9f44f1686/
[tp] path_request dest=/46abc73a40e2eef3efde881eaabe677a/ iface=/d86e8112f3c4c4442126f8e9f44f1686/
[tp] path_request dest=/cd6065d748509609cb92f37e43ed0576/ iface=/d86e8112f3c4c4442126f8e9f44f1686/
[tp] path_request dest=/fb9aca8a82abc784d75835c1e181adde/ iface=/d86e8112f3c4c4442126f8e9f44f1686/
[tp] path_request dest=/e792a1b9b43cc8b95d12ecd2d1d3e8b2/ iface=/d86e8112f3c4c4442126f8e9f44f1686/
[tp] path_request dest=/b18bb3d4ac56c99c5ee4791d79496ca2/ iface=/d86e8112f3c4c4442126f8e9f44f1686/
[tp] path_request dest=/e233d8d7e9c5f61419d45138ef0d90ff/ iface=/d86e8112f3c4c4442126f8e9f44f1686/
[tp] link_data dst=/e263b238a2782347880f5c3873300083/ ctx=fa len=1
[tp] path_request dest=/e792a1b9b43cc8b95d12ecd2d1d3e8b2/ iface=/d86e8112f3c4c4442126f8e9f44f1686/
[tp] path_request dest=/46abc73a40e2eef3efde881eaabe677a/ iface=/d86e8112f3c4c4442126f8e9f44f1686/
[tp] path_request dest=/995cc3851347f138f51af73d182d5e1d/ iface=/d86e8112f3c4c4442126f8e9f44f1686/
[tp] link_request dst=/6dee4caf17f87a1051504791002c8786/ ctx=00 hops=2
[tp] link_proof_tx dst=/6dee4caf17f87a1051504791002c8786/ link_id=/b50fdef02829a0579d4db8efa1fcb903/
[tp] link_data dst=/b50fdef02829a0579d4db8efa1fcb903/ ctx=fe len=64
[tp] link_data dst=/b50fdef02829a0579d4db8efa1fcb903/ ctx=fb len=192
[link] data_plain len=128 preview=1b599a71ed6a929084c48c8f1ef3621f995f1fab242197d824024fb4f6f4d551
[tp] path_request dest=/12cb1ed29943213839f0b0d18cd42761/ iface=/d86e8112f3c4c4442126f8e9f44f1686/
[tp] link_data dst=/e263b238a2782347880f5c3873300083/ ctx=06 len=96
[tp] link_data dst=/e263b238a2782347880f5c3873300083/ ctx=fc len=80
[tp] link_request dst=/6dee4caf17f87a1051504791002c8786/ ctx=00 hops=2
[tp] link_proof_tx dst=/6dee4caf17f87a1051504791002c8786/ link_id=/6bfef3126ca9460f696d80b6af6babef/
[tp] link_data dst=/6bfef3126ca9460f696d80b6af6babef/ ctx=fe len=64
[tp] link_data dst=/6bfef3126ca9460f696d80b6af6babef/ ctx=fb len=192
[link] data_plain len=128 preview=cc343d204fc536882689c77cbddfe144b3cf8abc90165e8a859ee48a492f4b0c
[tp] path_request dest=/b8bbfff472fe128873c9395a3ff8b353/ iface=/d86e8112f3c4c4442126f8e9f44f1686/
[tp] path_request dest=/e233d8d7e9c5f61419d45138ef0d90ff/ iface=/d86e8112f3c4c4442126f8e9f44f1686/
[tp] path_request dest=/e792a1b9b43cc8b95d12ecd2d1d3e8b2/ iface=/d86e8112f3c4c4442126f8e9f44f1686/
[tp] link_request dst=/6dee4caf17f87a1051504791002c8786/ ctx=00 hops=2
[tp] link_proof_tx dst=/6dee4caf17f87a1051504791002c8786/ link_id=/cce58919ca3d7d7de939907501379a07/
[tp] link_data dst=/cce58919ca3d7d7de939907501379a07/ ctx=fe len=64
[tp] link_data dst=/cce58919ca3d7d7de939907501379a07/ ctx=fb len=192
[link] data_plain len=128 preview=35e65fe12a80ee3d00278ef932383927bd791670aa6a7f7a029c1a472045933f
[tp] link_request dst=/6dee4caf17f87a1051504791002c8786/ ctx=00 hops=3
[tp] link_proof_tx dst=/6dee4caf17f87a1051504791002c8786/ link_id=/43ef83c0c29cf4cc8afdf0fc40da10ab/
[tp] link_data dst=/43ef83c0c29cf4cc8afdf0fc40da10ab/ ctx=fe len=64
[tp] link_data dst=/43ef83c0c29cf4cc8afdf0fc40da10ab/ ctx=fb len=192
[link] data_plain len=128 preview=165580b392d784065c59ad07cd08fc45bc816426f454e09170b261c23bb2fc72
[tp] path_request dest=/bd4090bc8e1eddbb7b2bf54494c64a46/ iface=/d86e8112f3c4c4442126f8e9f44f1686/
[tp] link_data dst=/b50fdef02829a0579d4db8efa1fcb903/ ctx=08 len=32
[tp] path_request dest=/a3dfea289534e4b2d0f5730310eebd99/ iface=/d86e8112f3c4c4442126f8e9f44f1686/
[tp] link_data dst=/43ef83c0c29cf4cc8afdf0fc40da10ab/ ctx=fc len=80
[tp] link_data dst=/6bfef3126ca9460f696d80b6af6babef/ ctx=08 len=32
[tp] path_request dest=/5e804b60f7d25f5c2ffde347b69af867/ iface=/d86e8112f3c4c4442126f8e9f44f1686/
[tp] path_request dest=/f8de3e21f2b92e8eb4bb505f1e1381c4/ iface=/d86e8112f3c4c4442126f8e9f44f1686/
[tp] link_request dst=/6dee4caf17f87a1051504791002c8786/ ctx=00 hops=3
[tp] link_proof_tx dst=/6dee4caf17f87a1051504791002c8786/ link_id=/f0b4423796d8f6e997c340881c3644fd/
[tp] link_data dst=/f0b4423796d8f6e997c340881c3644fd/ ctx=fe len=64
[tp] link_data dst=/f0b4423796d8f6e997c340881c3644fd/ ctx=fb len=192
[link] data_plain len=128 preview=165580b392d784065c59ad07cd08fc45bc816426f454e09170b261c23bb2fc72
[tp] link_data dst=/f0b4423796d8f6e997c340881c3644fd/ ctx=fc len=80
[tp] path_request dest=/12cb1ed29943213839f0b0d18cd42761/ iface=/d86e8112f3c4c4442126f8e9f44f1686/
[tp] path_request dest=/bd4090bc8e1eddbb7b2bf54494c64a46/ iface=/d86e8112f3c4c4442126f8e9f44f1686/
[tp] link_data dst=/b50fdef02829a0579d4db8efa1fcb903/ ctx=06 len=96
[tp] link_data dst=/b50fdef02829a0579d4db8efa1fcb903/ ctx=fc len=80
[tp] link_data dst=/6bfef3126ca9460f696d80b6af6babef/ ctx=06 len=96
[tp] link_data dst=/6bfef3126ca9460f696d80b6af6babef/ ctx=fc len=80
[tp] path_request dest=/f8de3e21f2b92e8eb4bb505f1e1381c4/ iface=/d86e8112f3c4c4442126f8e9f44f1686/
[tp] link_request dst=/6dee4caf17f87a1051504791002c8786/ ctx=00 hops=2
[tp] link_proof_tx dst=/6dee4caf17f87a1051504791002c8786/ link_id=/cd008c7e641c76c42f57902810e6cf76/
[tp] link_data dst=/cd008c7e641c76c42f57902810e6cf76/ ctx=fe len=64
[tp] link_data dst=/cd008c7e641c76c42f57902810e6cf76/ ctx=fb len=192
[link] data_plain len=128 preview=caeb241290061ad1380b094471a8ab92b78aeb000a7b67d3c3af96b3825f2026
[tp] path_request dest=/58681bf71893d092811b7b97b6f767cf/ iface=/d86e8112f3c4c4442126f8e9f44f1686/
[tp] path_request dest=/b8bbfff472fe128873c9395a3ff8b353/ iface=/d86e8112f3c4c4442126f8e9f44f1686/
[tp] link_request dst=/6dee4caf17f87a1051504791002c8786/ ctx=00 hops=2
[tp] link_proof_tx dst=/6dee4caf17f87a1051504791002c8786/ link_id=/caeb7a276e415aa8eecd90f4114f9031/
[tp] link_data dst=/caeb7a276e415aa8eecd90f4114f9031/ ctx=fe len=64
[tp] link_data dst=/caeb7a276e415aa8eecd90f4114f9031/ ctx=fb len=192
[link] data_plain len=128 preview=c757c88946ae81f0974a33437ab209bac39469edc778f04bc7c155cdb8ea1441
[tp] path_request dest=/995cc3851347f138f51af73d182d5e1d/ iface=/d86e8112f3c4c4442126f8e9f44f1686/
[tp] path_request dest=/e792a1b9b43cc8b95d12ecd2d1d3e8b2/ iface=/d86e8112f3c4c4442126f8e9f44f1686/
[tp] link_data dst=/caeb7a276e415aa8eecd90f4114f9031/ ctx=fc len=80
[tp] link_data dst=/cce58919ca3d7d7de939907501379a07/ ctx=fa len=1
[tp] link_data dst=/cd008c7e641c76c42f57902810e6cf76/ ctx=08 len=32
[tp] path_request dest=/a3dfea289534e4b2d0f5730310eebd99/ iface=/d86e8112f3c4c4442126f8e9f44f1686/
[tp] link_request dst=/6dee4caf17f87a1051504791002c8786/ ctx=00 hops=3
[tp] link_proof_tx dst=/6dee4caf17f87a1051504791002c8786/ link_id=/900783b1e875a775f104b36693c6f209/
[tp] link_data dst=/900783b1e875a775f104b36693c6f209/ ctx=fe len=64
[tp] link_data dst=/900783b1e875a775f104b36693c6f209/ ctx=fb len=192
[link] data_plain len=128 preview=165580b392d784065c59ad07cd08fc45bc816426f454e09170b261c23bb2fc72
[tp] path_request dest=/12cb1ed29943213839f0b0d18cd42761/ iface=/d86e8112f3c4c4442126f8e9f44f1686/
[tp] path_request dest=/c207975f4413ddb38c059f51353e6be2/ iface=/d86e8112f3c4c4442126f8e9f44f1686/
[tp] path_request dest=/4762234229b7e0b83c68b857bdf245c3/ iface=/d86e8112f3c4c4442126f8e9f44f1686/
[tp] link_data dst=/900783b1e875a775f104b36693c6f209/ ctx=fc len=80
[tp] link_request dst=/6dee4caf17f87a1051504791002c8786/ ctx=00 hops=2
[tp] link_proof_tx dst=/6dee4caf17f87a1051504791002c8786/ link_id=/ef339150f25e5a5a2a9d1bc66ce51c3a/
[tp] link_data dst=/ef339150f25e5a5a2a9d1bc66ce51c3a/ ctx=fe len=64
[tp] link_data dst=/ef339150f25e5a5a2a9d1bc66ce51c3a/ ctx=fb len=192
[link] data_plain len=128 preview=c757c88946ae81f0974a33437ab209bac39469edc778f04bc7c155cdb8ea1441
[tp] path_request dest=/58681bf71893d092811b7b97b6f767cf/ iface=/d86e8112f3c4c4442126f8e9f44f1686/
[tp] path_request dest=/b8bbfff472fe128873c9395a3ff8b353/ iface=/d86e8112f3c4c4442126f8e9f44f1686/
[tp] link_data dst=/cd008c7e641c76c42f57902810e6cf76/ ctx=06 len=96
[tp] link_data dst=/cd008c7e641c76c42f57902810e6cf76/ ctx=fc len=80
[tp] path_request dest=/e233d8d7e9c5f61419d45138ef0d90ff/ iface=/d86e8112f3c4c4442126f8e9f44f1686/
[tp] link_data dst=/ef339150f25e5a5a2a9d1bc66ce51c3a/ ctx=fc len=80
[tp] path_request dest=/0ffa0968a18cb499c260e774cd3d9f28/ iface=/d86e8112f3c4c4442126f8e9f44f1686/
[tp] link_request dst=/6dee4caf17f87a1051504791002c8786/ ctx=00 hops=2
[tp] link_proof_tx dst=/6dee4caf17f87a1051504791002c8786/ link_id=/2d9af5ca7383825e25c0c569d315f995/
[tp] link_data dst=/2d9af5ca7383825e25c0c569d315f995/ ctx=fe len=64
[tp] link_data dst=/2d9af5ca7383825e25c0c569d315f995/ ctx=fb len=192
[link] data_plain len=128 preview=caeb241290061ad1380b094471a8ab92b78aeb000a7b67d3c3af96b3825f2026
[tp] link_data dst=/cce58919ca3d7d7de939907501379a07/ ctx=06 len=96
[tp] link_data dst=/cce58919ca3d7d7de939907501379a07/ ctx=fc len=80
[tp] path_request dest=/12cb1ed29943213839f0b0d18cd42761/ iface=/d86e8112f3c4c4442126f8e9f44f1686/
[tp] link_request dst=/6dee4caf17f87a1051504791002c8786/ ctx=00 hops=2
[tp] link_proof_tx dst=/6dee4caf17f87a1051504791002c8786/ link_id=/e9ffece3dc528330941e1563894dd1d0/
[tp] link_data dst=/e9ffece3dc528330941e1563894dd1d0/ ctx=fe len=64
[tp] link_data dst=/e9ffece3dc528330941e1563894dd1d0/ ctx=fb len=192
[link] data_plain len=128 preview=35e65fe12a80ee3d00278ef932383927bd791670aa6a7f7a029c1a472045933f
[tp] path_request dest=/995cc3851347f138f51af73d182d5e1d/ iface=/d86e8112f3c4c4442126f8e9f44f1686/
[tp] path_request dest=/8e06a3cdeebdf1ad4f2f4a05886027fe/ iface=/d86e8112f3c4c4442126f8e9f44f1686/
[tp] path_request dest=/4762234229b7e0b83c68b857bdf245c3/ iface=/d86e8112f3c4c4442126f8e9f44f1686/
[tp] path_request dest=/b18bb3d4ac56c99c5ee4791d79496ca2/ iface=/d86e8112f3c4c4442126f8e9f44f1686/
[tp] path_request dest=/965511769c059271e655c503e810a670/ iface=/d86e8112f3c4c4442126f8e9f44f1686/
[tp] link_data dst=/2d9af5ca7383825e25c0c569d315f995/ ctx=08 len=32
[tp] path_request dest=/a3dfea289534e4b2d0f5730310eebd99/ iface=/d86e8112f3c4c4442126f8e9f44f1686/
[tp] path_request dest=/12cb1ed29943213839f0b0d18cd42761/ iface=/d86e8112f3c4c4442126f8e9f44f1686/
[tp] path_request dest=/b8bbfff472fe128873c9395a3ff8b353/ iface=/d86e8112f3c4c4442126f8e9f44f1686/
[tp] path_request dest=/e233d8d7e9c5f61419d45138ef0d90ff/ iface=/d86e8112f3c4c4442126f8e9f44f1686/
[tp] link_data dst=/2d9af5ca7383825e25c0c569d315f995/ ctx=06 len=96
[tp] link_data dst=/2d9af5ca7383825e25c0c569d315f995/ ctx=fc len=80
[tp] link_request dst=/6dee4caf17f87a1051504791002c8786/ ctx=00 hops=2
[tp] link_proof_tx dst=/6dee4caf17f87a1051504791002c8786/ link_id=/02ed1252fb799aa8c4597d46d22af0d9/
[tp] link_data dst=/02ed1252fb799aa8c4597d46d22af0d9/ ctx=fe len=64
[tp] link_data dst=/02ed1252fb799aa8c4597d46d22af0d9/ ctx=fb len=192
[link] data_plain len=128 preview=c757c88946ae81f0974a33437ab209bac39469edc778f04bc7c155cdb8ea1441
[tp] path_request dest=/bf72baa9f29a7ab0ae0c9b07ab10c192/ iface=/d86e8112f3c4c4442126f8e9f44f1686/
[tp] path_request dest=/bd4090bc8e1eddbb7b2bf54494c64a46/ iface=/d86e8112f3c4c4442126f8e9f44f1686/
[tp] path_request dest=/0769357259e48819ea9194b6230b2cef/ iface=/d86e8112f3c4c4442126f8e9f44f1686/
[tp] link_data dst=/02ed1252fb799aa8c4597d46d22af0d9/ ctx=fc len=80
[tp] link_request dst=/6dee4caf17f87a1051504791002c8786/ ctx=00 hops=2
[tp] link_proof_tx dst=/6dee4caf17f87a1051504791002c8786/ link_id=/269348dadb4e7caf33ee26cb93e1622a/
[tp] path_request dest=/995cc3851347f138f51af73d182d5e1d/ iface=/d86e8112f3c4c4442126f8e9f44f1686/
[tp] link_data dst=/e9ffece3dc528330941e1563894dd1d0/ ctx=fa len=1
[tp] link_request dst=/6dee4caf17f87a1051504791002c8786/ ctx=00 hops=2
[tp] link_proof_tx dst=/6dee4caf17f87a1051504791002c8786/ link_id=/0858b74865721f476d7694847ff711b9/
[tp] path_request dest=/bd4090bc8e1eddbb7b2bf54494c64a46/ iface=/d86e8112f3c4c4442126f8e9f44f1686/
[tp] path_request dest=/12cb1ed29943213839f0b0d18cd42761/ iface=/d86e8112f3c4c4442126f8e9f44f1686/
[tp] link_request dst=/6dee4caf17f87a1051504791002c8786/ ctx=00 hops=2
[tp] link_proof_tx dst=/6dee4caf17f87a1051504791002c8786/ link_id=/09de84bda3e2fe1f2786d4538e3ce5c5/
[tp] path_request dest=/1275feceae4b156a453aee521f78721d/ iface=/d86e8112f3c4c4442126f8e9f44f1686/
[tp] link_data dst=/09de84bda3e2fe1f2786d4538e3ce5c5/ ctx=fe len=64
[tp] link_data dst=/09de84bda3e2fe1f2786d4538e3ce5c5/ ctx=fb len=192
[link] data_plain len=128 preview=c757c88946ae81f0974a33437ab209bac39469edc778f04bc7c155cdb8ea1441
[tp] path_request dest=/b8bbfff472fe128873c9395a3ff8b353/ iface=/d86e8112f3c4c4442126f8e9f44f1686/
[tp] path_request dest=/b18bb3d4ac56c99c5ee4791d79496ca2/ iface=/d86e8112f3c4c4442126f8e9f44f1686/
[tp] path_request dest=/a3dfea289534e4b2d0f5730310eebd99/ iface=/d86e8112f3c4c4442126f8e9f44f1686/
[tp] link_data dst=/09de84bda3e2fe1f2786d4538e3ce5c5/ ctx=fc len=80
[tp] link_data dst=/e9ffece3dc528330941e1563894dd1d0/ ctx=06 len=96
[tp] link_data dst=/e9ffece3dc528330941e1563894dd1d0/ ctx=fc len=80
[tp] link_request dst=/6dee4caf17f87a1051504791002c8786/ ctx=00 hops=2
[tp] link_proof_tx dst=/6dee4caf17f87a1051504791002c8786/ link_id=/4245b68b1b33d30bf5b2acf072c81fcc/
[tp] path_request dest=/ded1003ef58774ed24ec30cc0fd6b6fc/ iface=/d86e8112f3c4c4442126f8e9f44f1686/
[tp] link_data dst=/4245b68b1b33d30bf5b2acf072c81fcc/ ctx=fe len=64
[tp] link_data dst=/4245b68b1b33d30bf5b2acf072c81fcc/ ctx=fb len=192
[link] data_plain len=128 preview=35e65fe12a80ee3d00278ef932383927bd791670aa6a7f7a029c1a472045933f
[tp] path_request dest=/12cb1ed29943213839f0b0d18cd42761/ iface=/d86e8112f3c4c4442126f8e9f44f1686/
[tp] path_request dest=/965511769c059271e655c503e810a670/ iface=/d86e8112f3c4c4442126f8e9f44f1686/
[tp] path_request dest=/f8de3e21f2b92e8eb4bb505f1e1381c4/ iface=/d86e8112f3c4c4442126f8e9f44f1686/
[tp] path_request dest=/995cc3851347f138f51af73d182d5e1d/ iface=/d86e8112f3c4c4442126f8e9f44f1686/
[tp] path_request dest=/e792a1b9b43cc8b95d12ecd2d1d3e8b2/ iface=/d86e8112f3c4c4442126f8e9f44f1686/
[tp] path_request dest=/b8bbfff472fe128873c9395a3ff8b353/ iface=/d86e8112f3c4c4442126f8e9f44f1686/
[tp] path_request dest=/b18bb3d4ac56c99c5ee4791d79496ca2/ iface=/d86e8112f3c4c4442126f8e9f44f1686/
[tp] path_request dest=/4762234229b7e0b83c68b857bdf245c3/ iface=/d86e8112f3c4c4442126f8e9f44f1686/
[tp] path_request dest=/a3dfea289534e4b2d0f5730310eebd99/ iface=/d86e8112f3c4c4442126f8e9f44f1686/
[tp] path_request dest=/2eb90d38628f1c044e818b532f76bb0e/ iface=/d86e8112f3c4c4442126f8e9f44f1686/
[tp] path_request dest=/12cb1ed29943213839f0b0d18cd42761/ iface=/d86e8112f3c4c4442126f8e9f44f1686/
[tp] path_request dest=/e233d8d7e9c5f61419d45138ef0d90ff/ iface=/d86e8112f3c4c4442126f8e9f44f1686/
[tp] path_request dest=/58681bf71893d092811b7b97b6f767cf/ iface=/d86e8112f3c4c4442126f8e9f44f1686/
[tp] path_request dest=/0ffa0968a18cb499c260e774cd3d9f28/ iface=/d86e8112f3c4c4442126f8e9f44f1686/
[tp] path_request dest=/b8bbfff472fe128873c9395a3ff8b353/ iface=/d86e8112f3c4c4442126f8e9f44f1686/
[tp] path_request dest=/bd4090bc8e1eddbb7b2bf54494c64a46/ iface=/d86e8112f3c4c4442126f8e9f44f1686/
[tp] path_request dest=/12cb1ed29943213839f0b0d18cd42761/ iface=/d86e8112f3c4c4442126f8e9f44f1686/
[tp] path_request dest=/995cc3851347f138f51af73d182d5e1d/ iface=/d86e8112f3c4c4442126f8e9f44f1686/
[tp] link_request dst=/6dee4caf17f87a1051504791002c8786/ ctx=00 hops=2
[tp] link_proof_tx dst=/6dee4caf17f87a1051504791002c8786/ link_id=/e37ecf0c92da0b23a4620718196633dd/
[tp] link_data dst=/4245b68b1b33d30bf5b2acf072c81fcc/ ctx=06 len=96
[tp] link_data dst=/4245b68b1b33d30bf5b2acf072c81fcc/ ctx=fc len=80
[tp] link_request dst=/6dee4caf17f87a1051504791002c8786/ ctx=00 hops=3
[tp] link_proof_tx dst=/6dee4caf17f87a1051504791002c8786/ link_id=/b2baded184064e4ef730bdb4e2a0c86b/
[tp] link_data dst=/e37ecf0c92da0b23a4620718196633dd/ ctx=fe len=64
[tp] link_data dst=/e37ecf0c92da0b23a4620718196633dd/ ctx=fb len=192
[link] data_plain len=128 preview=cc343d204fc536882689c77cbddfe144b3cf8abc90165e8a859ee48a492f4b0c
[tp] path_request dest=/58681bf71893d092811b7b97b6f767cf/ iface=/d86e8112f3c4c4442126f8e9f44f1686/
[tp] link_data dst=/b2baded184064e4ef730bdb4e2a0c86b/ ctx=fe len=64
[tp] link_data dst=/b2baded184064e4ef730bdb4e2a0c86b/ ctx=fb len=192
[link] data_plain len=128 preview=165580b392d784065c59ad07cd08fc45bc816426f454e09170b261c23bb2fc72
[tp] path_request dest=/a3dfea289534e4b2d0f5730310eebd99/ iface=/d86e8112f3c4c4442126f8e9f44f1686/
[tp] link_data dst=/b2baded184064e4ef730bdb4e2a0c86b/ ctx=fc len=80
[tp] link_data dst=/e37ecf0c92da0b23a4620718196633dd/ ctx=08 len=32
[tp] link_request dst=/6dee4caf17f87a1051504791002c8786/ ctx=00 hops=2
[tp] link_proof_tx dst=/6dee4caf17f87a1051504791002c8786/ link_id=/4ae15401166afe07b89f191ce5985fb2/
[tp] link_data dst=/4ae15401166afe07b89f191ce5985fb2/ ctx=fe len=64
[tp] link_data dst=/4ae15401166afe07b89f191ce5985fb2/ ctx=fb len=192
[link] data_plain len=128 preview=c757c88946ae81f0974a33437ab209bac39469edc778f04bc7c155cdb8ea1441
[tp] path_request dest=/e233d8d7e9c5f61419d45138ef0d90ff/ iface=/d86e8112f3c4c4442126f8e9f44f1686/
[tp] link_data dst=/4ae15401166afe07b89f191ce5985fb2/ ctx=fc len=80
[tp] path_request dest=/b8bbfff472fe128873c9395a3ff8b353/ iface=/d86e8112f3c4c4442126f8e9f44f1686/
[tp] path_request dest=/12cb1ed29943213839f0b0d18cd42761/ iface=/d86e8112f3c4c4442126f8e9f44f1686/
[tp] path_request dest=/379f204da5a77a6c340f6fae26097054/ iface=/d86e8112f3c4c4442126f8e9f44f1686/
[tp] link_data dst=/e37ecf0c92da0b23a4620718196633dd/ ctx=06 len=96
[tp] link_data dst=/e37ecf0c92da0b23a4620718196633dd/ ctx=fc len=80
[tp] path_request dest=/995cc3851347f138f51af73d182d5e1d/ iface=/d86e8112f3c4c4442126f8e9f44f1686/
[tp] path_request dest=/379f204da5a77a6c340f6fae26097054/ iface=/d86e8112f3c4c4442126f8e9f44f1686/
[tp] link_request dst=/6dee4caf17f87a1051504791002c8786/ ctx=00 hops=3
[tp] link_proof_tx dst=/6dee4caf17f87a1051504791002c8786/ link_id=/626b8f95247df41390958324d4672ba4/
[tp] link_data dst=/626b8f95247df41390958324d4672ba4/ ctx=fe len=64
[tp] link_data dst=/626b8f95247df41390958324d4672ba4/ ctx=fb len=192
[link] data_plain len=128 preview=165580b392d784065c59ad07cd08fc45bc816426f454e09170b261c23bb2fc72
[tp] path_request dest=/a3dfea289534e4b2d0f5730310eebd99/ iface=/d86e8112f3c4c4442126f8e9f44f1686/
[tp] path_request dest=/ed1969043a11942c661fef36f200006e/ iface=/d86e8112f3c4c4442126f8e9f44f1686/
[tp] link_data dst=/626b8f95247df41390958324d4672ba4/ ctx=fc len=80
[tp] path_request dest=/b8bbfff472fe128873c9395a3ff8b353/ iface=/d86e8112f3c4c4442126f8e9f44f1686/
[tp] path_request dest=/b18bb3d4ac56c99c5ee4791d79496ca2/ iface=/d86e8112f3c4c4442126f8e9f44f1686/
[tp] link_request dst=/6dee4caf17f87a1051504791002c8786/ ctx=00 hops=3
[tp] link_proof_tx dst=/6dee4caf17f87a1051504791002c8786/ link_id=/b4a0fb3aa07554cd0b15c66d47ca8a6d/
[tp] link_data dst=/b4a0fb3aa07554cd0b15c66d47ca8a6d/ ctx=fe len=64
[tp] link_data dst=/b4a0fb3aa07554cd0b15c66d47ca8a6d/ ctx=fb len=192
[link] data_plain len=128 preview=165580b392d784065c59ad07cd08fc45bc816426f454e09170b261c23bb2fc72
[tp] path_request dest=/12cb1ed29943213839f0b0d18cd42761/ iface=/d86e8112f3c4c4442126f8e9f44f1686/
[tp] path_request dest=/0e45672cce6bfda87a085ba8478cd547/ iface=/d86e8112f3c4c4442126f8e9f44f1686/
[tp] link_data dst=/b4a0fb3aa07554cd0b15c66d47ca8a6d/ ctx=fc len=80
[tp] path_request dest=/67fe6285848384e24dd29c0daa738ce9/ iface=/d86e8112f3c4c4442126f8e9f44f1686/
[tp] link_request dst=/6dee4caf17f87a1051504791002c8786/ ctx=00 hops=2
[tp] link_proof_tx dst=/6dee4caf17f87a1051504791002c8786/ link_id=/bd481402216d49368f55d306c84dd11f/
[tp] link_data dst=/bd481402216d49368f55d306c84dd11f/ ctx=fe len=64
[tp] link_data dst=/bd481402216d49368f55d306c84dd11f/ ctx=fb len=192
[link] data_plain len=128 preview=cc343d204fc536882689c77cbddfe144b3cf8abc90165e8a859ee48a492f4b0c
[tp] path_request dest=/e233d8d7e9c5f61419d45138ef0d90ff/ iface=/d86e8112f3c4c4442126f8e9f44f1686/
[tp] path_request dest=/995cc3851347f138f51af73d182d5e1d/ iface=/d86e8112f3c4c4442126f8e9f44f1686/
[tp] link_data dst=/bd481402216d49368f55d306c84dd11f/ ctx=08 len=32
[tp] path_request dest=/12cb1ed29943213839f0b0d18cd42761/ iface=/d86e8112f3c4c4442126f8e9f44f1686/
[tp] path_request dest=/bd4090bc8e1eddbb7b2bf54494c64a46/ iface=/d86e8112f3c4c4442126f8e9f44f1686/
[tp] path_request dest=/b8bbfff472fe128873c9395a3ff8b353/ iface=/d86e8112f3c4c4442126f8e9f44f1686/
[tp] path_request dest=/58681bf71893d092811b7b97b6f767cf/ iface=/d86e8112f3c4c4442126f8e9f44f1686/
[tp] path_request dest=/a3dfea289534e4b2d0f5730310eebd99/ iface=/d86e8112f3c4c4442126f8e9f44f1686/
[tp] path_request dest=/0ffa0968a18cb499c260e774cd3d9f28/ iface=/d86e8112f3c4c4442126f8e9f44f1686/
[tp] link_request dst=/6dee4caf17f87a1051504791002c8786/ ctx=00 hops=2
[tp] link_proof_tx dst=/6dee4caf17f87a1051504791002c8786/ link_id=/04d3a6f7cb6ed9485225e79e100db33a/
[tp] link_data dst=/04d3a6f7cb6ed9485225e79e100db33a/ ctx=fe len=64
[tp] link_data dst=/04d3a6f7cb6ed9485225e79e100db33a/ ctx=fb len=192
[link] data_plain len=128 preview=c757c88946ae81f0974a33437ab209bac39469edc778f04bc7c155cdb8ea1441
[tp] link_data dst=/bd481402216d49368f55d306c84dd11f/ ctx=06 len=96
[tp] link_data dst=/bd481402216d49368f55d306c84dd11f/ ctx=fc len=80
[tp] path_request dest=/e233d8d7e9c5f61419d45138ef0d90ff/ iface=/d86e8112f3c4c4442126f8e9f44f1686/
[tp] link_data dst=/04d3a6f7cb6ed9485225e79e100db33a/ ctx=fc len=80
[tp] link_request dst=/6dee4caf17f87a1051504791002c8786/ ctx=00 hops=2
[tp] link_proof_tx dst=/6dee4caf17f87a1051504791002c8786/ link_id=/4397b8510f51e0b1289557caa563ff00/
[tp] link_data dst=/4397b8510f51e0b1289557caa563ff00/ ctx=fe len=64
[tp] link_data dst=/4397b8510f51e0b1289557caa563ff00/ ctx=fb len=192
[link] data_plain len=128 preview=cc343d204fc536882689c77cbddfe144b3cf8abc90165e8a859ee48a492f4b0c
[tp] path_request dest=/12cb1ed29943213839f0b0d18cd42761/ iface=/d86e8112f3c4c4442126f8e9f44f1686/
[tp] path_request dest=/bd4090bc8e1eddbb7b2bf54494c64a46/ iface=/d86e8112f3c4c4442126f8e9f44f1686/
[tp] path_request dest=/995cc3851347f138f51af73d182d5e1d/ iface=/d86e8112f3c4c4442126f8e9f44f1686/
[tp] link_request dst=/6dee4caf17f87a1051504791002c8786/ ctx=00 hops=2
[tp] link_proof_tx dst=/6dee4caf17f87a1051504791002c8786/ link_id=/d75e564b289f5516cad6e545aceba497/
[tp] link_data dst=/d75e564b289f5516cad6e545aceba497/ ctx=fe len=64
[tp] link_data dst=/d75e564b289f5516cad6e545aceba497/ ctx=fb len=192
[link] data_plain len=128 preview=35e65fe12a80ee3d00278ef932383927bd791670aa6a7f7a029c1a472045933f
[tp] path_request dest=/b8bbfff472fe128873c9395a3ff8b353/ iface=/d86e8112f3c4c4442126f8e9f44f1686/
[tp] link_data dst=/4397b8510f51e0b1289557caa563ff00/ ctx=08 len=32
[tp] path_request dest=/9724a333471ba59f2189a5aaa46c3f7f/ iface=/d86e8112f3c4c4442126f8e9f44f1686/
[tp] path_request dest=/a3dfea289534e4b2d0f5730310eebd99/ iface=/d86e8112f3c4c4442126f8e9f44f1686/
[tp] path_request dest=/2eb90d38628f1c044e818b532f76bb0e/ iface=/d86e8112f3c4c4442126f8e9f44f1686/
[tp] link_request dst=/6dee4caf17f87a1051504791002c8786/ ctx=00 hops=3
[tp] link_proof_tx dst=/6dee4caf17f87a1051504791002c8786/ link_id=/90ee4e0ffde35eebd9350bfd78f7fed4/
[tp] link_data dst=/90ee4e0ffde35eebd9350bfd78f7fed4/ ctx=fe len=64
[tp] link_data dst=/90ee4e0ffde35eebd9350bfd78f7fed4/ ctx=fb len=192
[link] data_plain len=128 preview=165580b392d784065c59ad07cd08fc45bc816426f454e09170b261c23bb2fc72
[tp] path_request dest=/177ab81a7ff8259290bd886b64360ead/ iface=/d86e8112f3c4c4442126f8e9f44f1686/
[tp] path_request dest=/12cb1ed29943213839f0b0d18cd42761/ iface=/d86e8112f3c4c4442126f8e9f44f1686/
[tp] path_request dest=/e233d8d7e9c5f61419d45138ef0d90ff/ iface=/d86e8112f3c4c4442126f8e9f44f1686/
[tp] link_request dst=/6dee4caf17f87a1051504791002c8786/ ctx=00 hops=2
[tp] link_proof_tx dst=/6dee4caf17f87a1051504791002c8786/ link_id=/6481ef234566f44d9d356f1a1b280839/
[tp] link_data dst=/6481ef234566f44d9d356f1a1b280839/ ctx=fe len=64
[tp] link_data dst=/6481ef234566f44d9d356f1a1b280839/ ctx=fb len=192
[link] data_plain len=128 preview=c757c88946ae81f0974a33437ab209bac39469edc778f04bc7c155cdb8ea1441
[tp] link_data dst=/4397b8510f51e0b1289557caa563ff00/ ctx=06 len=96
[tp] link_data dst=/4397b8510f51e0b1289557caa563ff00/ ctx=fc len=80
[tp] link_data dst=/6481ef234566f44d9d356f1a1b280839/ ctx=fc len=80
[tp] path_request dest=/b8bbfff472fe128873c9395a3ff8b353/ iface=/d86e8112f3c4c4442126f8e9f44f1686/
[tp] path_request dest=/995cc3851347f138f51af73d182d5e1d/ iface=/d86e8112f3c4c4442126f8e9f44f1686/
[tp] link_data dst=/d75e564b289f5516cad6e545aceba497/ ctx=fa len=1
[tp] link_request dst=/6dee4caf17f87a1051504791002c8786/ ctx=00 hops=2
[tp] link_proof_tx dst=/6dee4caf17f87a1051504791002c8786/ link_id=/0eb6340cda6ff4ca778597bb797e1cfb/
[tp] link_data dst=/0eb6340cda6ff4ca778597bb797e1cfb/ ctx=fe len=64
[tp] link_data dst=/0eb6340cda6ff4ca778597bb797e1cfb/ ctx=fb len=192
[link] data_plain len=128 preview=cc343d204fc536882689c77cbddfe144b3cf8abc90165e8a859ee48a492f4b0c
[tp] path_request dest=/12cb1ed29943213839f0b0d18cd42761/ iface=/d86e8112f3c4c4442126f8e9f44f1686/
[tp] path_request dest=/e792a1b9b43cc8b95d12ecd2d1d3e8b2/ iface=/d86e8112f3c4c4442126f8e9f44f1686/
[tp] link_request dst=/6dee4caf17f87a1051504791002c8786/ ctx=00 hops=2
[tp] link_proof_tx dst=/6dee4caf17f87a1051504791002c8786/ link_id=/714c2e8c41c712212a6389635bb4529e/
[tp] link_data dst=/714c2e8c41c712212a6389635bb4529e/ ctx=fe len=64
[tp] link_data dst=/714c2e8c41c712212a6389635bb4529e/ ctx=fb len=192
[link] data_plain len=128 preview=c757c88946ae81f0974a33437ab209bac39469edc778f04bc7c155cdb8ea1441
[tp] path_request dest=/3745a3f11db6030944f4464abc750f20/ iface=/d86e8112f3c4c4442126f8e9f44f1686/
[tp] path_request dest=/a3dfea289534e4b2d0f5730310eebd99/ iface=/d86e8112f3c4c4442126f8e9f44f1686/
[tp] link_data dst=/714c2e8c41c712212a6389635bb4529e/ ctx=fc len=80
[tp] link_data dst=/0eb6340cda6ff4ca778597bb797e1cfb/ ctx=08 len=32
[tp] path_request dest=/9724a333471ba59f2189a5aaa46c3f7f/ iface=/d86e8112f3c4c4442126f8e9f44f1686/
[tp] link_request dst=/6dee4caf17f87a1051504791002c8786/ ctx=00 hops=2
[tp] link_proof_tx dst=/6dee4caf17f87a1051504791002c8786/ link_id=/867e572d9b7cb12fa5f5c4c855de56f4/
[tp] link_data dst=/867e572d9b7cb12fa5f5c4c855de56f4/ ctx=fe len=64
[tp] link_data dst=/867e572d9b7cb12fa5f5c4c855de56f4/ ctx=fb len=192
[link] data_plain len=128 preview=586528998cc5cb6f63d677614052350359a4eaac0310a30853a9bed5643f890d
[tp] path_request dest=/6f4e242fa92ec83989779afa92178792/ iface=/d86e8112f3c4c4442126f8e9f44f1686/
[tp] path_request dest=/e36c13fd857732740ed3421a512e06aa/ iface=/d86e8112f3c4c4442126f8e9f44f1686/
[tp] link_data dst=/d75e564b289f5516cad6e545aceba497/ ctx=06 len=96
[tp] link_data dst=/d75e564b289f5516cad6e545aceba497/ ctx=fc len=80
[tp] link_request dst=/6dee4caf17f87a1051504791002c8786/ ctx=00 hops=2
[tp] link_proof_tx dst=/6dee4caf17f87a1051504791002c8786/ link_id=/683a41b988f1dc7b5be6803b1eb91951/
[tp] link_data dst=/683a41b988f1dc7b5be6803b1eb91951/ ctx=fe len=64
[tp] link_data dst=/683a41b988f1dc7b5be6803b1eb91951/ ctx=fb len=192
[link] data_plain len=128 preview=35e65fe12a80ee3d00278ef932383927bd791670aa6a7f7a029c1a472045933f
[tp] path_request dest=/e792a1b9b43cc8b95d12ecd2d1d3e8b2/ iface=/d86e8112f3c4c4442126f8e9f44f1686/
[tp] path_request dest=/b8bbfff472fe128873c9395a3ff8b353/ iface=/d86e8112f3c4c4442126f8e9f44f1686/
[tp] path_request dest=/b18bb3d4ac56c99c5ee4791d79496ca2/ iface=/d86e8112f3c4c4442126f8e9f44f1686/
[tp] link_data dst=/867e572d9b7cb12fa5f5c4c855de56f4/ ctx=08 len=32
[tp] path_request dest=/12cb1ed29943213839f0b0d18cd42761/ iface=/d86e8112f3c4c4442126f8e9f44f1686/
[tp] link_data dst=/0eb6340cda6ff4ca778597bb797e1cfb/ ctx=06 len=96
[tp] link_data dst=/0eb6340cda6ff4ca778597bb797e1cfb/ ctx=fc len=80
[tp] path_request dest=/995cc3851347f138f51af73d182d5e1d/ iface=/d86e8112f3c4c4442126f8e9f44f1686/
[tp] path_request dest=/58681bf71893d092811b7b97b6f767cf/ iface=/d86e8112f3c4c4442126f8e9f44f1686/
[tp] link_data dst=/90ee4e0ffde35eebd9350bfd78f7fed4/ ctx=fc len=80
[tp] link_request dst=/6dee4caf17f87a1051504791002c8786/ ctx=00 hops=2
[tp] link_proof_tx dst=/6dee4caf17f87a1051504791002c8786/ link_id=/6fb109ebff76951327d16761159c56c4/
[tp] link_data dst=/6fb109ebff76951327d16761159c56c4/ ctx=fe len=64
[tp] link_data dst=/6fb109ebff76951327d16761159c56c4/ ctx=fb len=192
[link] data_plain len=128 preview=c757c88946ae81f0974a33437ab209bac39469edc778f04bc7c155cdb8ea1441
[tp] link_data dst=/867e572d9b7cb12fa5f5c4c855de56f4/ ctx=06 len=96
[tp] link_data dst=/867e572d9b7cb12fa5f5c4c855de56f4/ ctx=fc len=80
[tp] path_request dest=/0ffa0968a18cb499c260e774cd3d9f28/ iface=/d86e8112f3c4c4442126f8e9f44f1686/
[tp] path_request dest=/a3dfea289534e4b2d0f5730310eebd99/ iface=/d86e8112f3c4c4442126f8e9f44f1686/
[tp] path_request dest=/4a890e0e7c0cc69df96c7d4db8992341/ iface=/d86e8112f3c4c4442126f8e9f44f1686/
[tp] link_data dst=/6fb109ebff76951327d16761159c56c4/ ctx=fc len=80
[tp] path_request dest=/b8bbfff472fe128873c9395a3ff8b353/ iface=/d86e8112f3c4c4442126f8e9f44f1686/
[tp] path_request dest=/12cb1ed29943213839f0b0d18cd42761/ iface=/d86e8112f3c4c4442126f8e9f44f1686/
[tp] path_request dest=/b18bb3d4ac56c99c5ee4791d79496ca2/ iface=/d86e8112f3c4c4442126f8e9f44f1686/
[tp] path_request dest=/37f57222a38095c8fc0c87908f328722/ iface=/d86e8112f3c4c4442126f8e9f44f1686/
[tp] path_request dest=/e792a1b9b43cc8b95d12ecd2d1d3e8b2/ iface=/d86e8112f3c4c4442126f8e9f44f1686/
[tp] link_data dst=/683a41b988f1dc7b5be6803b1eb91951/ ctx=fa len=1
[tp] link_request dst=/6dee4caf17f87a1051504791002c8786/ ctx=00 hops=2
[tp] link_proof_tx dst=/6dee4caf17f87a1051504791002c8786/ link_id=/5cb4b36678a04fdd00257b0ee08cf4fe/
[tp] link_data dst=/5cb4b36678a04fdd00257b0ee08cf4fe/ ctx=fe len=64
[tp] link_data dst=/5cb4b36678a04fdd00257b0ee08cf4fe/ ctx=fb len=192
[link] data_plain len=128 preview=c757c88946ae81f0974a33437ab209bac39469edc778f04bc7c155cdb8ea1441
[tp] link_request dst=/6dee4caf17f87a1051504791002c8786/ ctx=00 hops=2
[tp] link_proof_tx dst=/6dee4caf17f87a1051504791002c8786/ link_id=/1b01a0b0b5fed760a77df53ae3e6fa19/
[tp] link_data dst=/1b01a0b0b5fed760a77df53ae3e6fa19/ ctx=fe len=64
[tp] link_data dst=/1b01a0b0b5fed760a77df53ae3e6fa19/ ctx=fb len=192
[link] data_plain len=128 preview=1b599a71ed6a929084c48c8f1ef3621f995f1fab242197d824024fb4f6f4d551
[tp] path_request dest=/12cb1ed29943213839f0b0d18cd42761/ iface=/d86e8112f3c4c4442126f8e9f44f1686/
[tp] link_data dst=/5cb4b36678a04fdd00257b0ee08cf4fe/ ctx=fc len=80
[tp] path_request dest=/58681bf71893d092811b7b97b6f767cf/ iface=/d86e8112f3c4c4442126f8e9f44f1686/
[tp] link_request dst=/6dee4caf17f87a1051504791002c8786/ ctx=00 hops=2
[tp] link_proof_tx dst=/6dee4caf17f87a1051504791002c8786/ link_id=/a642591cc53e4156f452c4b61aa5e1af/
[tp] link_data dst=/a642591cc53e4156f452c4b61aa5e1af/ ctx=fe len=64
[tp] link_data dst=/a642591cc53e4156f452c4b61aa5e1af/ ctx=fb len=192
[link] data_plain len=128 preview=cc343d204fc536882689c77cbddfe144b3cf8abc90165e8a859ee48a492f4b0c
[tp] path_request dest=/995cc3851347f138f51af73d182d5e1d/ iface=/d86e8112f3c4c4442126f8e9f44f1686/
[tp] link_data dst=/a642591cc53e4156f452c4b61aa5e1af/ ctx=08 len=32
[tp] link_data dst=/1b01a0b0b5fed760a77df53ae3e6fa19/ ctx=08 len=32
[tp] path_request dest=/c11629bc8f0a0c4570588fd987770315/ iface=/d86e8112f3c4c4442126f8e9f44f1686/
[tp] path_request dest=/b8bbfff472fe128873c9395a3ff8b353/ iface=/d86e8112f3c4c4442126f8e9f44f1686/
[tp] path_request dest=/e233d8d7e9c5f61419d45138ef0d90ff/ iface=/d86e8112f3c4c4442126f8e9f44f1686/
[tp] link_request dst=/6dee4caf17f87a1051504791002c8786/ ctx=00 hops=3
[tp] link_proof_tx dst=/6dee4caf17f87a1051504791002c8786/ link_id=/da8fca39f2d62f51d44f7510579eb587/
[tp] link_data dst=/da8fca39f2d62f51d44f7510579eb587/ ctx=fe len=64
[tp] link_data dst=/da8fca39f2d62f51d44f7510579eb587/ ctx=fb len=192
[link] data_plain len=128 preview=165580b392d784065c59ad07cd08fc45bc816426f454e09170b261c23bb2fc72
[tp] path_request dest=/e792a1b9b43cc8b95d12ecd2d1d3e8b2/ iface=/d86e8112f3c4c4442126f8e9f44f1686/
[tp] link_data dst=/683a41b988f1dc7b5be6803b1eb91951/ ctx=06 len=96
[tp] link_data dst=/683a41b988f1dc7b5be6803b1eb91951/ ctx=fc len=80
[tp] link_data dst=/da8fca39f2d62f51d44f7510579eb587/ ctx=fc len=80
[tp] link_request dst=/6dee4caf17f87a1051504791002c8786/ ctx=00 hops=2
[tp] link_proof_tx dst=/6dee4caf17f87a1051504791002c8786/ link_id=/45bf3d387ee08b8cffb7fc9005b911f9/
[tp] link_data dst=/45bf3d387ee08b8cffb7fc9005b911f9/ ctx=fe len=64
[tp] link_data dst=/45bf3d387ee08b8cffb7fc9005b911f9/ ctx=fb len=192
[link] data_plain len=128 preview=c757c88946ae81f0974a33437ab209bac39469edc778f04bc7c155cdb8ea1441
[tp] link_request dst=/6dee4caf17f87a1051504791002c8786/ ctx=00 hops=2
[tp] link_proof_tx dst=/6dee4caf17f87a1051504791002c8786/ link_id=/0eff81796f54623946a4d365329b0805/
[tp] link_data dst=/0eff81796f54623946a4d365329b0805/ ctx=fe len=64
[tp] link_data dst=/0eff81796f54623946a4d365329b0805/ ctx=fb len=192
[link] data_plain len=128 preview=35e65fe12a80ee3d00278ef932383927bd791670aa6a7f7a029c1a472045933f
[tp] path_request dest=/b18bb3d4ac56c99c5ee4791d79496ca2/ iface=/d86e8112f3c4c4442126f8e9f44f1686/
[tp] path_request dest=/12cb1ed29943213839f0b0d18cd42761/ iface=/d86e8112f3c4c4442126f8e9f44f1686/
[tp] link_data dst=/a642591cc53e4156f452c4b61aa5e1af/ ctx=06 len=96
[tp] link_data dst=/a642591cc53e4156f452c4b61aa5e1af/ ctx=fc len=80
[tp] link_data dst=/1b01a0b0b5fed760a77df53ae3e6fa19/ ctx=06 len=96
[tp] link_data dst=/1b01a0b0b5fed760a77df53ae3e6fa19/ ctx=fc len=80
[tp] path_request dest=/995cc3851347f138f51af73d182d5e1d/ iface=/d86e8112f3c4c4442126f8e9f44f1686/
[tp] link_request dst=/6dee4caf17f87a1051504791002c8786/ ctx=00 hops=2
[tp] link_proof_tx dst=/6dee4caf17f87a1051504791002c8786/ link_id=/cf999cdc0858582997d8f356658414c4/
[tp] link_data dst=/cf999cdc0858582997d8f356658414c4/ ctx=fe len=64
[tp] link_data dst=/cf999cdc0858582997d8f356658414c4/ ctx=fb len=192
[link] data_plain len=128 preview=1b599a71ed6a929084c48c8f1ef3621f995f1fab242197d824024fb4f6f4d551
[tp] path_request dest=/b8bbfff472fe128873c9395a3ff8b353/ iface=/d86e8112f3c4c4442126f8e9f44f1686/
[tp] link_data dst=/cf999cdc0858582997d8f356658414c4/ ctx=08 len=32
[tp] path_request dest=/9bb51bb33a18e720f768fbedd0f64016/ iface=/d86e8112f3c4c4442126f8e9f44f1686/
[tp] link_data dst=/45bf3d387ee08b8cffb7fc9005b911f9/ ctx=fc len=80
[tp] link_request dst=/6dee4caf17f87a1051504791002c8786/ ctx=00 hops=3
[tp] link_proof_tx dst=/6dee4caf17f87a1051504791002c8786/ link_id=/7d04e6e569f6727c10ccfe9c1cb0b26e/
[tp] link_data dst=/7d04e6e569f6727c10ccfe9c1cb0b26e/ ctx=fe len=64
[tp] link_data dst=/7d04e6e569f6727c10ccfe9c1cb0b26e/ ctx=fb len=192
[link] data_plain len=128 preview=165580b392d784065c59ad07cd08fc45bc816426f454e09170b261c23bb2fc72
[tp] path_request dest=/bd4090bc8e1eddbb7b2bf54494c64a46/ iface=/d86e8112f3c4c4442126f8e9f44f1686/
[tp] path_request dest=/f8de3e21f2b92e8eb4bb505f1e1381c4/ iface=/d86e8112f3c4c4442126f8e9f44f1686/
[tp] path_request dest=/a3dfea289534e4b2d0f5730310eebd99/ iface=/d86e8112f3c4c4442126f8e9f44f1686/
[tp] path_request dest=/e3c6c8b0f7b1f8a0a0b0c0d0e0f0a1b1/ iface=/d86e8112f3c4c4442126f8e9f44f1686/
[tp] path_request dest=/12cb1ed29943213839f0b0d18cd42761/ iface=/d86e8112f3c4c4442126f8e9f44f1686/
[tp] path_request dest=/ed1969043a11942c661fef36f200006e/ iface=/d86e8112f3c4c4442126f8e9f44f1686/
[tp] link_data dst=/0eff81796f54623946a4d365329b0805/ ctx=fa len=1
[tp] path_request dest=/a09799beabb3e0f3e4b1269dc7c5d3be/ iface=/d86e8112f3c4c4442126f8e9f44f1686/
[tp] path_request dest=/bd4090bc8e1eddbb7b2bf54494c64a46/ iface=/d86e8112f3c4c4442126f8e9f44f1686/
[tp] link_data dst=/7d04e6e569f6727c10ccfe9c1cb0b26e/ ctx=fc len=80
[tp] link_request dst=/6dee4caf17f87a1051504791002c8786/ ctx=00 hops=3
[tp] link_proof_tx dst=/6dee4caf17f87a1051504791002c8786/ link_id=/581f4c168e24221004d0dbe2d2f0163f/
[tp] path_request dest=/b8bbfff472fe128873c9395a3ff8b353/ iface=/d86e8112f3c4c4442126f8e9f44f1686/
[tp] link_data dst=/581f4c168e24221004d0dbe2d2f0163f/ ctx=fe len=64
[tp] link_data dst=/581f4c168e24221004d0dbe2d2f0163f/ ctx=fb len=192
[link] data_plain len=128 preview=165580b392d784065c59ad07cd08fc45bc816426f454e09170b261c23bb2fc72
[tp] path_request dest=/995cc3851347f138f51af73d182d5e1d/ iface=/d86e8112f3c4c4442126f8e9f44f1686/
[tp] path_request dest=/12cb1ed29943213839f0b0d18cd42761/ iface=/d86e8112f3c4c4442126f8e9f44f1686/
[tp] path_request dest=/0ffa0968a18cb499c260e774cd3d9f28/ iface=/d86e8112f3c4c4442126f8e9f44f1686/
[tp] link_data dst=/581f4c168e24221004d0dbe2d2f0163f/ ctx=fc len=80
[tp] path_request dest=/5145ebb9a76875bd92db68ba1973d652/ iface=/d86e8112f3c4c4442126f8e9f44f1686/
[tp] path_request dest=/a3dfea289534e4b2d0f5730310eebd99/ iface=/d86e8112f3c4c4442126f8e9f44f1686/
[tp] path_request dest=/b4508c693ae1ddc6a0d472977be93bfc/ iface=/d86e8112f3c4c4442126f8e9f44f1686/
[tp] link_data dst=/0eff81796f54623946a4d365329b0805/ ctx=06 len=96
[tp] link_data dst=/0eff81796f54623946a4d365329b0805/ ctx=fc len=80
[tp] path_request dest=/e8063ffddc09dc296cee6af512967d64/ iface=/d86e8112f3c4c4442126f8e9f44f1686/
[tp] path_request dest=/bd4090bc8e1eddbb7b2bf54494c64a46/ iface=/d86e8112f3c4c4442126f8e9f44f1686/
[tp] link_request dst=/6dee4caf17f87a1051504791002c8786/ ctx=00 hops=2
[tp] link_proof_tx dst=/6dee4caf17f87a1051504791002c8786/ link_id=/c0fa5a8b00d60901ecee750bc3bfbc27/
[tp] link_data dst=/c0fa5a8b00d60901ecee750bc3bfbc27/ ctx=fe len=64
[tp] link_data dst=/c0fa5a8b00d60901ecee750bc3bfbc27/ ctx=fb len=192
[link] data_plain len=128 preview=35e65fe12a80ee3d00278ef932383927bd791670aa6a7f7a029c1a472045933f
[tp] path_request dest=/12cb1ed29943213839f0b0d18cd42761/ iface=/d86e8112f3c4c4442126f8e9f44f1686/
[tp] path_request dest=/b8bbfff472fe128873c9395a3ff8b353/ iface=/d86e8112f3c4c4442126f8e9f44f1686/
[tp] path_request dest=/e233d8d7e9c5f61419d45138ef0d90ff/ iface=/d86e8112f3c4c4442126f8e9f44f1686/
[tp] path_request dest=/5b5a65594ed7da482db1e04fe90a918a/ iface=/d86e8112f3c4c4442126f8e9f44f1686/
[tp] path_request dest=/a15f32cc809931cb4fcdf27adbe05aa6/ iface=/d86e8112f3c4c4442126f8e9f44f1686/
[tp] path_request dest=/3745a3f11db6030944f4464abc750f20/ iface=/d86e8112f3c4c4442126f8e9f44f1686/
[tp] path_request dest=/995cc3851347f138f51af73d182d5e1d/ iface=/d86e8112f3c4c4442126f8e9f44f1686/
[tp] link_data dst=/cf999cdc0858582997d8f356658414c4/ ctx=06 len=96
[tp] link_data dst=/cf999cdc0858582997d8f356658414c4/ ctx=fc len=80
[tp] link_request dst=/6dee4caf17f87a1051504791002c8786/ ctx=00 hops=2
[tp] link_proof_tx dst=/6dee4caf17f87a1051504791002c8786/ link_id=/047e6d92b27b443d97bd5bd25294b3d4/
[tp] link_request dst=/6dee4caf17f87a1051504791002c8786/ ctx=00 hops=2
[tp] link_proof_tx dst=/6dee4caf17f87a1051504791002c8786/ link_id=/8f5b463fd38c1385a91405677428b4af/
[tp] link_data dst=/8f5b463fd38c1385a91405677428b4af/ ctx=fe len=64
[tp] link_data dst=/8f5b463fd38c1385a91405677428b4af/ ctx=fb len=192
[link] data_plain len=128 preview=c757c88946ae81f0974a33437ab209bac39469edc778f04bc7c155cdb8ea1441
[tp] path_request dest=/12cb1ed29943213839f0b0d18cd42761/ iface=/d86e8112f3c4c4442126f8e9f44f1686/
[tp] link_data dst=/8f5b463fd38c1385a91405677428b4af/ ctx=fc len=80
[tp] link_request dst=/6dee4caf17f87a1051504791002c8786/ ctx=00 hops=2
[tp] link_proof_tx dst=/6dee4caf17f87a1051504791002c8786/ link_id=/e0190363195bf73239bb5ee8f1ed1cc7/
[tp] link_data dst=/e0190363195bf73239bb5ee8f1ed1cc7/ ctx=fe len=64
[tp] link_data dst=/e0190363195bf73239bb5ee8f1ed1cc7/ ctx=fb len=192
[link] data_plain len=128 preview=586528998cc5cb6f63d677614052350359a4eaac0310a30853a9bed5643f890d
[tp] path_request dest=/b8bbfff472fe128873c9395a3ff8b353/ iface=/d86e8112f3c4c4442126f8e9f44f1686/
[tp] path_request dest=/9724a333471ba59f2189a5aaa46c3f7f/ iface=/d86e8112f3c4c4442126f8e9f44f1686/
[tp] path_request dest=/e233d8d7e9c5f61419d45138ef0d90ff/ iface=/d86e8112f3c4c4442126f8e9f44f1686/
[tp] link_request dst=/6dee4caf17f87a1051504791002c8786/ ctx=00 hops=2
[tp] link_proof_tx dst=/6dee4caf17f87a1051504791002c8786/ link_id=/d4145c9bfa7eada27634b0d4c6020df0/
[tp] link_data dst=/d4145c9bfa7eada27634b0d4c6020df0/ ctx=fe len=64
[tp] link_data dst=/d4145c9bfa7eada27634b0d4c6020df0/ ctx=fb len=192
[link] data_plain len=128 preview=c757c88946ae81f0974a33437ab209bac39469edc778f04bc7c155cdb8ea1441
[tp] path_request dest=/bd4090bc8e1eddbb7b2bf54494c64a46/ iface=/d86e8112f3c4c4442126f8e9f44f1686/
[tp] path_request dest=/e8063ffddc09dc296cee6af512967d64/ iface=/d86e8112f3c4c4442126f8e9f44f1686/
[tp] path_request dest=/6f4e242fa92ec83989779afa92178792/ iface=/d86e8112f3c4c4442126f8e9f44f1686/
[tp] link_data dst=/c0fa5a8b00d60901ecee750bc3bfbc27/ ctx=fa len=1
[tp] link_data dst=/e0190363195bf73239bb5ee8f1ed1cc7/ ctx=08 len=32
[tp] link_data dst=/d4145c9bfa7eada27634b0d4c6020df0/ ctx=fc len=80
[tp] path_request dest=/0769357259e48819ea9194b6230b2cef/ iface=/d86e8112f3c4c4442126f8e9f44f1686/
[tp] path_request dest=/12cb1ed29943213839f0b0d18cd42761/ iface=/d86e8112f3c4c4442126f8e9f44f1686/
[tp] link_request dst=/6dee4caf17f87a1051504791002c8786/ ctx=00 hops=2
[tp] link_proof_tx dst=/6dee4caf17f87a1051504791002c8786/ link_id=/1a02b160dcd76c009df7e35fbc96f9bf/
[tp] link_data dst=/1a02b160dcd76c009df7e35fbc96f9bf/ ctx=fe len=64
[tp] link_data dst=/1a02b160dcd76c009df7e35fbc96f9bf/ ctx=fb len=192
[link] data_plain len=128 preview=cc343d204fc536882689c77cbddfe144b3cf8abc90165e8a859ee48a492f4b0c
[tp] path_request dest=/995cc3851347f138f51af73d182d5e1d/ iface=/d86e8112f3c4c4442126f8e9f44f1686/
[tp] link_data dst=/1a02b160dcd76c009df7e35fbc96f9bf/ ctx=08 len=32
[tp] link_data dst=/c0fa5a8b00d60901ecee750bc3bfbc27/ ctx=06 len=96
[tp] link_data dst=/c0fa5a8b00d60901ecee750bc3bfbc27/ ctx=fc len=80
[tp] link_data dst=/e0190363195bf73239bb5ee8f1ed1cc7/ ctx=06 len=96
[tp] link_data dst=/e0190363195bf73239bb5ee8f1ed1cc7/ ctx=fc len=80
[tp] link_request dst=/6dee4caf17f87a1051504791002c8786/ ctx=00 hops=2
[tp] link_proof_tx dst=/6dee4caf17f87a1051504791002c8786/ link_id=/3a254ef1ae9123a481675386dedd345c/
[tp] link_data dst=/3a254ef1ae9123a481675386dedd345c/ ctx=fe len=64
[tp] link_data dst=/3a254ef1ae9123a481675386dedd345c/ ctx=fb len=192
[link] data_plain len=128 preview=35e65fe12a80ee3d00278ef932383927bd791670aa6a7f7a029c1a472045933f
[tp] path_request dest=/b8bbfff472fe128873c9395a3ff8b353/ iface=/d86e8112f3c4c4442126f8e9f44f1686/
[tp] path_request dest=/a3dfea289534e4b2d0f5730310eebd99/ iface=/d86e8112f3c4c4442126f8e9f44f1686/
[tp] path_request dest=/a15f32cc809931cb4fcdf27adbe05aa6/ iface=/d86e8112f3c4c4442126f8e9f44f1686/
[tp] path_request dest=/4762234229b7e0b83c68b857bdf245c3/ iface=/d86e8112f3c4c4442126f8e9f44f1686/
[tp] path_request dest=/12cb1ed29943213839f0b0d18cd42761/ iface=/d86e8112f3c4c4442126f8e9f44f1686/
[tp] path_request dest=/bce879989567a1a29d53a00b53b0114a/ iface=/d86e8112f3c4c4442126f8e9f44f1686/
[tp] path_request dest=/bd4090bc8e1eddbb7b2bf54494c64a46/ iface=/d86e8112f3c4c4442126f8e9f44f1686/
[tp] link_data dst=/1a02b160dcd76c009df7e35fbc96f9bf/ ctx=06 len=96
[tp] link_data dst=/1a02b160dcd76c009df7e35fbc96f9bf/ ctx=fc len=80
[tp] path_request dest=/0ffa0968a18cb499c260e774cd3d9f28/ iface=/d86e8112f3c4c4442126f8e9f44f1686/
[tp] link_request dst=/6dee4caf17f87a1051504791002c8786/ ctx=00 hops=2
[tp] link_proof_tx dst=/6dee4caf17f87a1051504791002c8786/ link_id=/bd9c40d4c7bb63514222fc2afbdda00f/
[tp] link_data dst=/bd9c40d4c7bb63514222fc2afbdda00f/ ctx=fe len=64
[tp] link_data dst=/bd9c40d4c7bb63514222fc2afbdda00f/ ctx=fb len=192
[link] data_plain len=128 preview=c757c88946ae81f0974a33437ab209bac39469edc778f04bc7c155cdb8ea1441
[tp] link_request dst=/6dee4caf17f87a1051504791002c8786/ ctx=00 hops=6
[tp] link_proof_tx dst=/6dee4caf17f87a1051504791002c8786/ link_id=/91fc39af135487ab4f413a2d072e69c1/
[tp] path_request dest=/995cc3851347f138f51af73d182d5e1d/ iface=/d86e8112f3c4c4442126f8e9f44f1686/
[tp] link_data dst=/bd9c40d4c7bb63514222fc2afbdda00f/ ctx=fc len=80
[tp] path_request dest=/b8bbfff472fe128873c9395a3ff8b353/ iface=/d86e8112f3c4c4442126f8e9f44f1686/
[tp] path_request dest=/12cb1ed29943213839f0b0d18cd42761/ iface=/d86e8112f3c4c4442126f8e9f44f1686/
[tp] path_request dest=/bce879989567a1a29d53a00b53b0114a/ iface=/d86e8112f3c4c4442126f8e9f44f1686/
[tp] path_request dest=/b87d16a2ead83fd1c567cf8a45c83df4/ iface=/d86e8112f3c4c4442126f8e9f44f1686/
[tp] path_request dest=/a3dfea289534e4b2d0f5730310eebd99/ iface=/d86e8112f3c4c4442126f8e9f44f1686/
[tp] path_request dest=/2eb90d38628f1c044e818b532f76bb0e/ iface=/d86e8112f3c4c4442126f8e9f44f1686/
[tp] path_request dest=/58681bf71893d092811b7b97b6f767cf/ iface=/d86e8112f3c4c4442126f8e9f44f1686/
[tp] path_request dest=/bce879989567a1a29d53a00b53b0114a/ iface=/d86e8112f3c4c4442126f8e9f44f1686/
[tp] path_request dest=/b18bb3d4ac56c99c5ee4791d79496ca2/ iface=/d86e8112f3c4c4442126f8e9f44f1686/
[tp] path_request dest=/12cb1ed29943213839f0b0d18cd42761/ iface=/d86e8112f3c4c4442126f8e9f44f1686/
[tp] path_request dest=/b8bbfff472fe128873c9395a3ff8b353/ iface=/d86e8112f3c4c4442126f8e9f44f1686/
[tp] link_request dst=/6dee4caf17f87a1051504791002c8786/ ctx=00 hops=2
[tp] link_proof_tx dst=/6dee4caf17f87a1051504791002c8786/ link_id=/721092c8f51b6d67c7986d5c37c7d1e0/
[tp] link_data dst=/721092c8f51b6d67c7986d5c37c7d1e0/ ctx=fe len=64
[tp] link_data dst=/721092c8f51b6d67c7986d5c37c7d1e0/ ctx=fb len=192
[link] data_plain len=128 preview=cc343d204fc536882689c77cbddfe144b3cf8abc90165e8a859ee48a492f4b0c
[tp] link_request dst=/6dee4caf17f87a1051504791002c8786/ ctx=00 hops=2
[tp] link_proof_tx dst=/6dee4caf17f87a1051504791002c8786/ link_id=/b8e5a1915742495496e5f8b3226b9667/
[tp] link_data dst=/b8e5a1915742495496e5f8b3226b9667/ ctx=fe len=64
[tp] link_data dst=/b8e5a1915742495496e5f8b3226b9667/ ctx=fb len=192
[link] data_plain len=128 preview=c757c88946ae81f0974a33437ab209bac39469edc778f04bc7c155cdb8ea1441
[tp] path_request dest=/995cc3851347f138f51af73d182d5e1d/ iface=/d86e8112f3c4c4442126f8e9f44f1686/
[tp] path_request dest=/bd4090bc8e1eddbb7b2bf54494c64a46/ iface=/d86e8112f3c4c4442126f8e9f44f1686/
[tp] link_data dst=/3a254ef1ae9123a481675386dedd345c/ ctx=06 len=96
[tp] link_data dst=/3a254ef1ae9123a481675386dedd345c/ ctx=fc len=80
[tp] link_data dst=/b8e5a1915742495496e5f8b3226b9667/ ctx=fc len=80
[tp] link_data dst=/721092c8f51b6d67c7986d5c37c7d1e0/ ctx=08 len=32
[tp] path_request dest=/12cb1ed29943213839f0b0d18cd42761/ iface=/d86e8112f3c4c4442126f8e9f44f1686/
[tp] path_request dest=/b18bb3d4ac56c99c5ee4791d79496ca2/ iface=/d86e8112f3c4c4442126f8e9f44f1686/
[tp] path_request dest=/c04ed3e589c8a6621bb166c913b0a330/ iface=/d86e8112f3c4c4442126f8e9f44f1686/
[tp] link_request dst=/6dee4caf17f87a1051504791002c8786/ ctx=00 hops=3
[tp] link_proof_tx dst=/6dee4caf17f87a1051504791002c8786/ link_id=/dcb5e1e7887f70d78f925b8f03dff302/
[tp] link_data dst=/dcb5e1e7887f70d78f925b8f03dff302/ ctx=fe len=64
[tp] link_data dst=/dcb5e1e7887f70d78f925b8f03dff302/ ctx=fb len=192
[link] data_plain len=128 preview=165580b392d784065c59ad07cd08fc45bc816426f454e09170b261c23bb2fc72
[tp] link_request dst=/6dee4caf17f87a1051504791002c8786/ ctx=00 hops=2
[tp] link_proof_tx dst=/6dee4caf17f87a1051504791002c8786/ link_id=/84cccec8703afb480c75effd86a73737/
[tp] link_data dst=/84cccec8703afb480c75effd86a73737/ ctx=fe len=64
[tp] link_data dst=/84cccec8703afb480c75effd86a73737/ ctx=fb len=192
[link] data_plain len=128 preview=c757c88946ae81f0974a33437ab209bac39469edc778f04bc7c155cdb8ea1441
[tp] link_data dst=/dcb5e1e7887f70d78f925b8f03dff302/ ctx=fc len=80
[tp] link_data dst=/721092c8f51b6d67c7986d5c37c7d1e0/ ctx=06 len=96
[tp] link_data dst=/721092c8f51b6d67c7986d5c37c7d1e0/ ctx=fc len=80
[tp] path_request dest=/b8bbfff472fe128873c9395a3ff8b353/ iface=/d86e8112f3c4c4442126f8e9f44f1686/
[tp] link_data dst=/84cccec8703afb480c75effd86a73737/ ctx=fc len=80
[tp] path_request dest=/995cc3851347f138f51af73d182d5e1d/ iface=/d86e8112f3c4c4442126f8e9f44f1686/
[tp] path_request dest=/12cb1ed29943213839f0b0d18cd42761/ iface=/d86e8112f3c4c4442126f8e9f44f1686/
[tp] path_request dest=/bce879989567a1a29d53a00b53b0114a/ iface=/d86e8112f3c4c4442126f8e9f44f1686/
[tp] path_request dest=/b18bb3d4ac56c99c5ee4791d79496ca2/ iface=/d86e8112f3c4c4442126f8e9f44f1686/
[tp] path_request dest=/58681bf71893d092811b7b97b6f767cf/ iface=/d86e8112f3c4c4442126f8e9f44f1686/
[tp] path_request dest=/a3dfea289534e4b2d0f5730310eebd99/ iface=/d86e8112f3c4c4442126f8e9f44f1686/
[tp] link_request dst=/6dee4caf17f87a1051504791002c8786/ ctx=00 hops=2
[tp] link_proof_tx dst=/6dee4caf17f87a1051504791002c8786/ link_id=/a86093aa4469f66e42b82a89902d1d33/
[tp] path_request dest=/bd4090bc8e1eddbb7b2bf54494c64a46/ iface=/d86e8112f3c4c4442126f8e9f44f1686/
[tp] path_request dest=/58681bf71893d092811b7b97b6f767cf/ iface=/d86e8112f3c4c4442126f8e9f44f1686/
[tp] path_request dest=/b8bbfff472fe128873c9395a3ff8b353/ iface=/d86e8112f3c4c4442126f8e9f44f1686/
[tp] path_request dest=/bce879989567a1a29d53a00b53b0114a/ iface=/d86e8112f3c4c4442126f8e9f44f1686/
[tp] link_data dst=/a86093aa4469f66e42b82a89902d1d33/ ctx=fe len=64
[tp] link_data dst=/a86093aa4469f66e42b82a89902d1d33/ ctx=fb len=192
[link] data_plain len=128 preview=35e65fe12a80ee3d00278ef932383927bd791670aa6a7f7a029c1a472045933f
[tp] link_request dst=/6dee4caf17f87a1051504791002c8786/ ctx=00 hops=2
[tp] link_proof_tx dst=/6dee4caf17f87a1051504791002c8786/ link_id=/26af301f6ae5df9241ac100d4c888cc5/
[tp] path_request dest=/e233d8d7e9c5f61419d45138ef0d90ff/ iface=/d86e8112f3c4c4442126f8e9f44f1686/
[tp] link_data dst=/26af301f6ae5df9241ac100d4c888cc5/ ctx=fe len=64
[tp] link_data dst=/26af301f6ae5df9241ac100d4c888cc5/ ctx=fb len=192
[link] data_plain len=128 preview=cc343d204fc536882689c77cbddfe144b3cf8abc90165e8a859ee48a492f4b0c
[tp] path_request dest=/12cb1ed29943213839f0b0d18cd42761/ iface=/d86e8112f3c4c4442126f8e9f44f1686/
[tp] path_request dest=/965511769c059271e655c503e810a670/ iface=/d86e8112f3c4c4442126f8e9f44f1686/
[tp] link_request dst=/6dee4caf17f87a1051504791002c8786/ ctx=00 hops=3
[tp] link_proof_tx dst=/6dee4caf17f87a1051504791002c8786/ link_id=/47d1df55ba761373ed1e621ab7f71e2a/
[tp] path_request dest=/0ffa0968a18cb499c260e774cd3d9f28/ iface=/d86e8112f3c4c4442126f8e9f44f1686/
[tp] link_data dst=/47d1df55ba761373ed1e621ab7f71e2a/ ctx=fe len=64
[tp] link_data dst=/47d1df55ba761373ed1e621ab7f71e2a/ ctx=fb len=192
[link] data_plain len=128 preview=165580b392d784065c59ad07cd08fc45bc816426f454e09170b261c23bb2fc72
[tp] path_request dest=/48a811bf93be297afc2f9652c2ebf8c4/ iface=/d86e8112f3c4c4442126f8e9f44f1686/
[tp] link_data dst=/26af301f6ae5df9241ac100d4c888cc5/ ctx=08 len=32
[tp] link_data dst=/47d1df55ba761373ed1e621ab7f71e2a/ ctx=fc len=80
[tp] path_request dest=/bce879989567a1a29d53a00b53b0114a/ iface=/d86e8112f3c4c4442126f8e9f44f1686/
[tp] link_request dst=/6dee4caf17f87a1051504791002c8786/ ctx=00 hops=2
[tp] link_proof_tx dst=/6dee4caf17f87a1051504791002c8786/ link_id=/d203208f1e67cc18261b5f593d1781e0/
[tp] link_data dst=/d203208f1e67cc18261b5f593d1781e0/ ctx=fe len=64
[tp] link_data dst=/d203208f1e67cc18261b5f593d1781e0/ ctx=fb len=192
[link] data_plain len=128 preview=c757c88946ae81f0974a33437ab209bac39469edc778f04bc7c155cdb8ea1441
[tp] path_request dest=/c04ed3e589c8a6621bb166c913b0a330/ iface=/d86e8112f3c4c4442126f8e9f44f1686/
[tp] path_request dest=/995cc3851347f138f51af73d182d5e1d/ iface=/d86e8112f3c4c4442126f8e9f44f1686/
[tp] path_request dest=/58681bf71893d092811b7b97b6f767cf/ iface=/d86e8112f3c4c4442126f8e9f44f1686/
[tp] link_request dst=/6dee4caf17f87a1051504791002c8786/ ctx=00 hops=3
[tp] link_proof_tx dst=/6dee4caf17f87a1051504791002c8786/ link_id=/6a993da2ea6a6932e355ebb170ceb7f6/
[tp] link_data dst=/6a993da2ea6a6932e355ebb170ceb7f6/ ctx=fe len=64
[tp] link_data dst=/6a993da2ea6a6932e355ebb170ceb7f6/ ctx=fb len=192
[link] data_plain len=128 preview=165580b392d784065c59ad07cd08fc45bc816426f454e09170b261c23bb2fc72
[tp] link_data dst=/d203208f1e67cc18261b5f593d1781e0/ ctx=fc len=80
[tp] path_request dest=/b18bb3d4ac56c99c5ee4791d79496ca2/ iface=/d86e8112f3c4c4442126f8e9f44f1686/
[tp] path_request dest=/12cb1ed29943213839f0b0d18cd42761/ iface=/d86e8112f3c4c4442126f8e9f44f1686/
[tp] link_data dst=/6a993da2ea6a6932e355ebb170ceb7f6/ ctx=fc len=80
[tp] link_request dst=/6dee4caf17f87a1051504791002c8786/ ctx=00 hops=5
[tp] link_proof_tx dst=/6dee4caf17f87a1051504791002c8786/ link_id=/e237153aa11f498ec1873f5323a5d6e2/
[tp] link_data dst=/e237153aa11f498ec1873f5323a5d6e2/ ctx=fe len=64
[tp] link_data dst=/e237153aa11f498ec1873f5323a5d6e2/ ctx=fb len=192
[link] data_plain len=128 preview=722fe51808e9a53c865100a3d27a9490d79d892a18343cef7df37d080fa80170
[tp] path_request dest=/bce879989567a1a29d53a00b53b0114a/ iface=/d86e8112f3c4c4442126f8e9f44f1686/
[tp] link_data dst=/26af301f6ae5df9241ac100d4c888cc5/ ctx=06 len=96
[tp] link_data dst=/26af301f6ae5df9241ac100d4c888cc5/ ctx=fc len=80
[tp] path_request dest=/b8bbfff472fe128873c9395a3ff8b353/ iface=/d86e8112f3c4c4442126f8e9f44f1686/
[tp] path_request dest=/a3dfea289534e4b2d0f5730310eebd99/ iface=/d86e8112f3c4c4442126f8e9f44f1686/
[tp] path_request dest=/58681bf71893d092811b7b97b6f767cf/ iface=/d86e8112f3c4c4442126f8e9f44f1686/
[tp] path_request dest=/12cb1ed29943213839f0b0d18cd42761/ iface=/d86e8112f3c4c4442126f8e9f44f1686/
[tp] path_request dest=/965511769c059271e655c503e810a670/ iface=/d86e8112f3c4c4442126f8e9f44f1686/
[tp] link_request dst=/6dee4caf17f87a1051504791002c8786/ ctx=00 hops=2
[tp] link_proof_tx dst=/6dee4caf17f87a1051504791002c8786/ link_id=/bce23236d805aa69062f946ffedbf3d4/
[tp] link_data dst=/bce23236d805aa69062f946ffedbf3d4/ ctx=fe len=64
[tp] link_data dst=/bce23236d805aa69062f946ffedbf3d4/ ctx=fb len=192
[link] data_plain len=128 preview=c757c88946ae81f0974a33437ab209bac39469edc778f04bc7c155cdb8ea1441
[tp] announce_tx dst=/6dee4caf17f87a1051504791002c8786/ app_data_len=36
[tp] announce_tx dst=/f2e29f00e8ddda9f81d1845a7224793e/ app_data_len=0
[tp] path_request dest=/995cc3851347f138f51af73d182d5e1d/ iface=/d86e8112f3c4c4442126f8e9f44f1686/
[tp] path_request dest=/b8bbfff472fe128873c9395a3ff8b353/ iface=/d86e8112f3c4c4442126f8e9f44f1686/
[tp] link_data dst=/a86093aa4469f66e42b82a89902d1d33/ ctx=06 len=96
[tp] link_data dst=/a86093aa4469f66e42b82a89902d1d33/ ctx=fc len=80
[tp] link_data dst=/bce23236d805aa69062f946ffedbf3d4/ ctx=fc len=80
[tp] path_request dest=/d27dcbf0cccce567e08bea43d7f33dd8/ iface=/d86e8112f3c4c4442126f8e9f44f1686/
[tp] path_request dest=/a3dfea289534e4b2d0f5730310eebd99/ iface=/d86e8112f3c4c4442126f8e9f44f1686/
[tp] path_request dest=/c04ed3e589c8a6621bb166c913b0a330/ iface=/d86e8112f3c4c4442126f8e9f44f1686/
[tp] path_request dest=/12cb1ed29943213839f0b0d18cd42761/ iface=/d86e8112f3c4c4442126f8e9f44f1686/
[tp] link_request dst=/6dee4caf17f87a1051504791002c8786/ ctx=00 hops=2
[tp] link_proof_tx dst=/6dee4caf17f87a1051504791002c8786/ link_id=/092686169eff2700409ef067b763c636/
[tp] link_data dst=/092686169eff2700409ef067b763c636/ ctx=fe len=64
[tp] link_data dst=/092686169eff2700409ef067b763c636/ ctx=fb len=192
[link] data_plain len=128 preview=722fe51808e9a53c865100a3d27a9490d79d892a18343cef7df37d080fa80170
[tp] path_request dest=/2eb90d38628f1c044e818b532f76bb0e/ iface=/d86e8112f3c4c4442126f8e9f44f1686/
[tp] path_request dest=/e792a1b9b43cc8b95d12ecd2d1d3e8b2/ iface=/d86e8112f3c4c4442126f8e9f44f1686/
[tp] link_request dst=/6dee4caf17f87a1051504791002c8786/ ctx=00 hops=2
[tp] link_proof_tx dst=/6dee4caf17f87a1051504791002c8786/ link_id=/d3c457f12c060019f7059e601aa8a7dc/
[tp] link_data dst=/d3c457f12c060019f7059e601aa8a7dc/ ctx=fe len=64
[tp] link_data dst=/d3c457f12c060019f7059e601aa8a7dc/ ctx=fb len=192
[link] data_plain len=128 preview=cc343d204fc536882689c77cbddfe144b3cf8abc90165e8a859ee48a492f4b0c
[tp] path_request dest=/e233d8d7e9c5f61419d45138ef0d90ff/ iface=/d86e8112f3c4c4442126f8e9f44f1686/
[tp] link_data dst=/092686169eff2700409ef067b763c636/ ctx=08 len=32
[tp] link_data dst=/d3c457f12c060019f7059e601aa8a7dc/ ctx=08 len=32
[tp] path_request dest=/b8bbfff472fe128873c9395a3ff8b353/ iface=/d86e8112f3c4c4442126f8e9f44f1686/
[tp] path_request dest=/34b2d5e6e88abd17de1616d24ab7a66f/ iface=/d86e8112f3c4c4442126f8e9f44f1686/
[tp] path_request dest=/995cc3851347f138f51af73d182d5e1d/ iface=/d86e8112f3c4c4442126f8e9f44f1686/
[tp] path_request dest=/12cb1ed29943213839f0b0d18cd42761/ iface=/d86e8112f3c4c4442126f8e9f44f1686/
[tp] path_request dest=/22c55f9002800074df29d51f43319a8a/ iface=/d86e8112f3c4c4442126f8e9f44f1686/
[tp] path_request dest=/bd4090bc8e1eddbb7b2bf54494c64a46/ iface=/d86e8112f3c4c4442126f8e9f44f1686/
[tp] link_data dst=/092686169eff2700409ef067b763c636/ ctx=06 len=96
[tp] link_data dst=/092686169eff2700409ef067b763c636/ ctx=fc len=80
[tp] link_data dst=/d3c457f12c060019f7059e601aa8a7dc/ ctx=06 len=96
[tp] link_data dst=/d3c457f12c060019f7059e601aa8a7dc/ ctx=fc len=80
[tp] link_request dst=/6dee4caf17f87a1051504791002c8786/ ctx=00 hops=2
[tp] link_proof_tx dst=/6dee4caf17f87a1051504791002c8786/ link_id=/1d0e065e5a1ba118f279c0776fa837de/
[tp] link_data dst=/1d0e065e5a1ba118f279c0776fa837de/ ctx=fe len=64
[tp] link_data dst=/1d0e065e5a1ba118f279c0776fa837de/ ctx=fb len=192
[link] data_plain len=128 preview=c757c88946ae81f0974a33437ab209bac39469edc778f04bc7c155cdb8ea1441
[tp] link_data dst=/e237153aa11f498ec1873f5323a5d6e2/ ctx=08 len=32
[tp] path_request dest=/c5210cdf7fda275c7f978533ec4ece80/ iface=/d86e8112f3c4c4442126f8e9f44f1686/
[tp] link_data dst=/e237153aa11f498ec1873f5323a5d6e2/ ctx=06 len=96
[tp] link_data dst=/e237153aa11f498ec1873f5323a5d6e2/ ctx=fc len=80
[tp] link_request dst=/6dee4caf17f87a1051504791002c8786/ ctx=00 hops=2
[tp] link_proof_tx dst=/6dee4caf17f87a1051504791002c8786/ link_id=/5ea237394a693199760beffaaa32d9a0/
[tp] path_request dest=/37f57222a38095c8fc0c87908f328722/ iface=/d86e8112f3c4c4442126f8e9f44f1686/
[tp] link_data dst=/5ea237394a693199760beffaaa32d9a0/ ctx=fe len=64
[tp] link_data dst=/5ea237394a693199760beffaaa32d9a0/ ctx=fb len=192
[link] data_plain len=128 preview=35e65fe12a80ee3d00278ef932383927bd791670aa6a7f7a029c1a472045933f
[tp] path_request dest=/f8de3e21f2b92e8eb4bb505f1e1381c4/ iface=/d86e8112f3c4c4442126f8e9f44f1686/
[tp] link_data dst=/1d0e065e5a1ba118f279c0776fa837de/ ctx=fc len=80
[tp] path_request dest=/c11629bc8f0a0c4570588fd987770315/ iface=/d86e8112f3c4c4442126f8e9f44f1686/
[tp] path_request dest=/0ffa0968a18cb499c260e774cd3d9f28/ iface=/d86e8112f3c4c4442126f8e9f44f1686/
[tp] path_request dest=/12cb1ed29943213839f0b0d18cd42761/ iface=/d86e8112f3c4c4442126f8e9f44f1686/
[tp] path_request dest=/b8bbfff472fe128873c9395a3ff8b353/ iface=/d86e8112f3c4c4442126f8e9f44f1686/
[tp] link_request dst=/6dee4caf17f87a1051504791002c8786/ ctx=00 hops=2
[tp] link_proof_tx dst=/6dee4caf17f87a1051504791002c8786/ link_id=/abf026683894558f0b1ec86b95fd9f1a/
[tp] link_data dst=/abf026683894558f0b1ec86b95fd9f1a/ ctx=fe len=64
[tp] link_data dst=/abf026683894558f0b1ec86b95fd9f1a/ ctx=fb len=192
[link] data_plain len=128 preview=586528998cc5cb6f63d677614052350359a4eaac0310a30853a9bed5643f890d
[tp] path_request dest=/04b15fcd28ec8ed7fab945cc9d082dd3/ iface=/d86e8112f3c4c4442126f8e9f44f1686/
[tp] link_request dst=/6dee4caf17f87a1051504791002c8786/ ctx=00 hops=2
[tp] link_proof_tx dst=/6dee4caf17f87a1051504791002c8786/ link_id=/04d0a715160fc37f5ac00fee50249504/
[tp] link_data dst=/04d0a715160fc37f5ac00fee50249504/ ctx=fe len=64
[tp] link_data dst=/04d0a715160fc37f5ac00fee50249504/ ctx=fb len=192
[link] data_plain len=128 preview=c757c88946ae81f0974a33437ab209bac39469edc778f04bc7c155cdb8ea1441
[tp] path_request dest=/995cc3851347f138f51af73d182d5e1d/ iface=/d86e8112f3c4c4442126f8e9f44f1686/
[tp] link_request dst=/6dee4caf17f87a1051504791002c8786/ ctx=00 hops=2
[tp] link_proof_tx dst=/6dee4caf17f87a1051504791002c8786/ link_id=/d8f7990bb83911a593339123732a31ab/
[tp] link_data dst=/d8f7990bb83911a593339123732a31ab/ ctx=fe len=64
[tp] link_data dst=/d8f7990bb83911a593339123732a31ab/ ctx=fb len=192
[link] data_plain len=128 preview=cc343d204fc536882689c77cbddfe144b3cf8abc90165e8a859ee48a492f4b0c
[tp] link_data dst=/04d0a715160fc37f5ac00fee50249504/ ctx=fc len=80
[tp] link_data dst=/abf026683894558f0b1ec86b95fd9f1a/ ctx=08 len=32
[tp] path_request dest=/47b6cea814d9ca40bb0cadad2139625a/ iface=/d86e8112f3c4c4442126f8e9f44f1686/
[tp] path_request dest=/3745a3f11db6030944f4464abc750f20/ iface=/d86e8112f3c4c4442126f8e9f44f1686/
[tp] path_request dest=/ef808914b4da4ea46cbe352f801949c1/ iface=/d86e8112f3c4c4442126f8e9f44f1686/
[tp] link_request dst=/6dee4caf17f87a1051504791002c8786/ ctx=00 hops=3
[tp] link_proof_tx dst=/6dee4caf17f87a1051504791002c8786/ link_id=/2e7ef608451af4cca6e6405126836f2e/
[tp] link_data dst=/2e7ef608451af4cca6e6405126836f2e/ ctx=fe len=64
[tp] link_data dst=/2e7ef608451af4cca6e6405126836f2e/ ctx=fb len=192
[link] data_plain len=128 preview=165580b392d784065c59ad07cd08fc45bc816426f454e09170b261c23bb2fc72
[tp] link_request dst=/6dee4caf17f87a1051504791002c8786/ ctx=00 hops=2
[tp] link_proof_tx dst=/6dee4caf17f87a1051504791002c8786/ link_id=/b7f35455acf474eaf04cdb683fe47790/
[tp] path_request dest=/12cb1ed29943213839f0b0d18cd42761/ iface=/d86e8112f3c4c4442126f8e9f44f1686/
[tp] link_data dst=/b7f35455acf474eaf04cdb683fe47790/ ctx=fe len=64
[tp] link_data dst=/b7f35455acf474eaf04cdb683fe47790/ ctx=fb len=192
[link] data_plain len=128 preview=c757c88946ae81f0974a33437ab209bac39469edc778f04bc7c155cdb8ea1441
[tp] path_request dest=/a3dfea289534e4b2d0f5730310eebd99/ iface=/d86e8112f3c4c4442126f8e9f44f1686/
[tp] link_data dst=/d8f7990bb83911a593339123732a31ab/ ctx=08 len=32
[tp] link_data dst=/2e7ef608451af4cca6e6405126836f2e/ ctx=fc len=80
[tp] link_data dst=/b7f35455acf474eaf04cdb683fe47790/ ctx=fc len=80
[tp] path_request dest=/b8bbfff472fe128873c9395a3ff8b353/ iface=/d86e8112f3c4c4442126f8e9f44f1686/
[tp] link_data dst=/5ea237394a693199760beffaaa32d9a0/ ctx=fa len=1
[tp] link_request dst=/6dee4caf17f87a1051504791002c8786/ ctx=00 hops=2
[tp] link_proof_tx dst=/6dee4caf17f87a1051504791002c8786/ link_id=/1bc1eba5fc44e8d7dce15682220bab2f/
[tp] link_data dst=/1bc1eba5fc44e8d7dce15682220bab2f/ ctx=fe len=64
[tp] link_data dst=/1bc1eba5fc44e8d7dce15682220bab2f/ ctx=fb len=192
[link] data_plain len=128 preview=1b599a71ed6a929084c48c8f1ef3621f995f1fab242197d824024fb4f6f4d551
[tp] link_data dst=/abf026683894558f0b1ec86b95fd9f1a/ ctx=06 len=96
[tp] link_data dst=/abf026683894558f0b1ec86b95fd9f1a/ ctx=fc len=80
[tp] path_request dest=/58681bf71893d092811b7b97b6f767cf/ iface=/d86e8112f3c4c4442126f8e9f44f1686/
[tp] link_data dst=/d8f7990bb83911a593339123732a31ab/ ctx=06 len=96
[tp] link_data dst=/d8f7990bb83911a593339123732a31ab/ ctx=fc len=80
[tp] link_request dst=/6dee4caf17f87a1051504791002c8786/ ctx=00 hops=3
[tp] link_proof_tx dst=/6dee4caf17f87a1051504791002c8786/ link_id=/b205eddd2fb228444eb4c5ef0d167159/
[tp] link_data dst=/b205eddd2fb228444eb4c5ef0d167159/ ctx=fe len=64
[tp] link_data dst=/b205eddd2fb228444eb4c5ef0d167159/ ctx=fb len=192
[link] data_plain len=128 preview=165580b392d784065c59ad07cd08fc45bc816426f454e09170b261c23bb2fc72
[tp] path_request dest=/12cb1ed29943213839f0b0d18cd42761/ iface=/d86e8112f3c4c4442126f8e9f44f1686/
[tp] link_data dst=/1bc1eba5fc44e8d7dce15682220bab2f/ ctx=08 len=32
[tp] path_request dest=/e233d8d7e9c5f61419d45138ef0d90ff/ iface=/d86e8112f3c4c4442126f8e9f44f1686/
[tp] link_data dst=/5ea237394a693199760beffaaa32d9a0/ ctx=06 len=96
[tp] link_data dst=/5ea237394a693199760beffaaa32d9a0/ ctx=fc len=80
[tp] link_data dst=/b205eddd2fb228444eb4c5ef0d167159/ ctx=fc len=80
[tp] link_request dst=/6dee4caf17f87a1051504791002c8786/ ctx=00 hops=2
[tp] link_proof_tx dst=/6dee4caf17f87a1051504791002c8786/ link_id=/a437555178b11aaab6b773027a266cec/
[tp] link_data dst=/a437555178b11aaab6b773027a266cec/ ctx=fe len=64
[tp] link_data dst=/a437555178b11aaab6b773027a266cec/ ctx=fb len=192
[link] data_plain len=128 preview=cc343d204fc536882689c77cbddfe144b3cf8abc90165e8a859ee48a492f4b0c
[tp] link_request dst=/6dee4caf17f87a1051504791002c8786/ ctx=00 hops=2
[tp] link_proof_tx dst=/6dee4caf17f87a1051504791002c8786/ link_id=/402721722a5c0640eed15e4104c7bdb4/
[tp] link_data dst=/402721722a5c0640eed15e4104c7bdb4/ ctx=fe len=64
[tp] link_data dst=/402721722a5c0640eed15e4104c7bdb4/ ctx=fb len=192
[link] data_plain len=128 preview=35e65fe12a80ee3d00278ef932383927bd791670aa6a7f7a029c1a472045933f
[tp] path_request dest=/02866d1ce8a8d5354cb8d669a6f5d90f/ iface=/d86e8112f3c4c4442126f8e9f44f1686/
[tp] path_request dest=/e36c13fd857732740ed3421a512e06aa/ iface=/d86e8112f3c4c4442126f8e9f44f1686/
[tp] link_request dst=/6dee4caf17f87a1051504791002c8786/ ctx=00 hops=3
[tp] link_proof_tx dst=/6dee4caf17f87a1051504791002c8786/ link_id=/7a2b9f847bfcbe883fd8aa17d111c014/
[tp] link_data dst=/7a2b9f847bfcbe883fd8aa17d111c014/ ctx=fe len=64
[tp] link_data dst=/7a2b9f847bfcbe883fd8aa17d111c014/ ctx=fb len=192
[link] data_plain len=128 preview=165580b392d784065c59ad07cd08fc45bc816426f454e09170b261c23bb2fc72
[tp] path_request dest=/995cc3851347f138f51af73d182d5e1d/ iface=/d86e8112f3c4c4442126f8e9f44f1686/
[tp] path_request dest=/0ffa0968a18cb499c260e774cd3d9f28/ iface=/d86e8112f3c4c4442126f8e9f44f1686/
[tp] path_request dest=/b8bbfff472fe128873c9395a3ff8b353/ iface=/d86e8112f3c4c4442126f8e9f44f1686/
[tp] path_request dest=/a3dfea289534e4b2d0f5730310eebd99/ iface=/d86e8112f3c4c4442126f8e9f44f1686/
[tp] link_data dst=/a437555178b11aaab6b773027a266cec/ ctx=08 len=32
[tp] link_data dst=/1bc1eba5fc44e8d7dce15682220bab2f/ ctx=06 len=96
[tp] link_data dst=/1bc1eba5fc44e8d7dce15682220bab2f/ ctx=fc len=80
[tp] path_request dest=/cd6065d748509609cb92f37e43ed0576/ iface=/d86e8112f3c4c4442126f8e9f44f1686/
[tp] link_data dst=/7a2b9f847bfcbe883fd8aa17d111c014/ ctx=fc len=80
[tp] path_request dest=/12cb1ed29943213839f0b0d18cd42761/ iface=/d86e8112f3c4c4442126f8e9f44f1686/
[tp] path_request dest=/e792a1b9b43cc8b95d12ecd2d1d3e8b2/ iface=/d86e8112f3c4c4442126f8e9f44f1686/
[tp] link_request dst=/6dee4caf17f87a1051504791002c8786/ ctx=00 hops=2
[tp] link_proof_tx dst=/6dee4caf17f87a1051504791002c8786/ link_id=/8975f278e9d9580749dfd85f24511f62/
[tp] path_request dest=/b18bb3d4ac56c99c5ee4791d79496ca2/ iface=/d86e8112f3c4c4442126f8e9f44f1686/
[tp] path_request dest=/540c608007597e56524853ff05e73b5d/ iface=/d86e8112f3c4c4442126f8e9f44f1686/
[tp] path_request dest=/fecadf01839c0fe32ee44016e5fd2290/ iface=/d86e8112f3c4c4442126f8e9f44f1686/
[tp] link_data dst=/a437555178b11aaab6b773027a266cec/ ctx=06 len=96
[tp] link_data dst=/a437555178b11aaab6b773027a266cec/ ctx=fc len=80
[tp] path_request dest=/e792a1b9b43cc8b95d12ecd2d1d3e8b2/ iface=/d86e8112f3c4c4442126f8e9f44f1686/
[tp] path_request dest=/bd4090bc8e1eddbb7b2bf54494c64a46/ iface=/d86e8112f3c4c4442126f8e9f44f1686/
[tp] path_request dest=/995cc3851347f138f51af73d182d5e1d/ iface=/d86e8112f3c4c4442126f8e9f44f1686/
[tp] path_request dest=/e36c13fd857732740ed3421a512e06aa/ iface=/d86e8112f3c4c4442126f8e9f44f1686/
[tp] path_request dest=/b8bbfff472fe128873c9395a3ff8b353/ iface=/d86e8112f3c4c4442126f8e9f44f1686/
[tp] path_request dest=/12cb1ed29943213839f0b0d18cd42761/ iface=/d86e8112f3c4c4442126f8e9f44f1686/
[tp] path_request dest=/4a890e0e7c0cc69df96c7d4db8992341/ iface=/d86e8112f3c4c4442126f8e9f44f1686/
[tp] path_request dest=/cd6065d748509609cb92f37e43ed0576/ iface=/d86e8112f3c4c4442126f8e9f44f1686/
[tp] link_request dst=/6dee4caf17f87a1051504791002c8786/ ctx=00 hops=2
[tp] link_proof_tx dst=/6dee4caf17f87a1051504791002c8786/ link_id=/95bc1082578c16d729dcd76d366ec275/
[tp] link_data dst=/95bc1082578c16d729dcd76d366ec275/ ctx=fe len=64
[tp] link_data dst=/95bc1082578c16d729dcd76d366ec275/ ctx=fb len=192
[link] data_plain len=128 preview=c757c88946ae81f0974a33437ab209bac39469edc778f04bc7c155cdb8ea1441
[tp] path_request dest=/0ffa0968a18cb499c260e774cd3d9f28/ iface=/d86e8112f3c4c4442126f8e9f44f1686/
[tp] path_request dest=/a3dfea289534e4b2d0f5730310eebd99/ iface=/d86e8112f3c4c4442126f8e9f44f1686/
[tp] path_request dest=/58681bf71893d092811b7b97b6f767cf/ iface=/d86e8112f3c4c4442126f8e9f44f1686/
[tp] path_request dest=/e792a1b9b43cc8b95d12ecd2d1d3e8b2/ iface=/d86e8112f3c4c4442126f8e9f44f1686/
[tp] path_request dest=/2eb90d38628f1c044e818b532f76bb0e/ iface=/d86e8112f3c4c4442126f8e9f44f1686/
[tp] path_request dest=/12cb1ed29943213839f0b0d18cd42761/ iface=/d86e8112f3c4c4442126f8e9f44f1686/
[tp] path_request dest=/379f204da5a77a6c340f6fae26097054/ iface=/d86e8112f3c4c4442126f8e9f44f1686/
[tp] link_data dst=/95bc1082578c16d729dcd76d366ec275/ ctx=fc len=80
[tp] path_request dest=/c69f216ed33d3834e67391b99aaa32f1/ iface=/d86e8112f3c4c4442126f8e9f44f1686/
[tp] path_request dest=/58681bf71893d092811b7b97b6f767cf/ iface=/d86e8112f3c4c4442126f8e9f44f1686/
[tp] link_data dst=/402721722a5c0640eed15e4104c7bdb4/ ctx=06 len=96
[tp] link_data dst=/402721722a5c0640eed15e4104c7bdb4/ ctx=fc len=80
[tp] path_request dest=/e792a1b9b43cc8b95d12ecd2d1d3e8b2/ iface=/d86e8112f3c4c4442126f8e9f44f1686/
[tp] link_request dst=/6dee4caf17f87a1051504791002c8786/ ctx=00 hops=3
[tp] link_proof_tx dst=/6dee4caf17f87a1051504791002c8786/ link_id=/0b64d0c9ad901339c63f48c97a2f24b4/
[tp] link_data dst=/0b64d0c9ad901339c63f48c97a2f24b4/ ctx=fe len=64
[tp] link_data dst=/0b64d0c9ad901339c63f48c97a2f24b4/ ctx=fb len=192
[link] data_plain len=128 preview=165580b392d784065c59ad07cd08fc45bc816426f454e09170b261c23bb2fc72
[tp] path_request dest=/b8bbfff472fe128873c9395a3ff8b353/ iface=/d86e8112f3c4c4442126f8e9f44f1686/
[tp] link_data dst=/0b64d0c9ad901339c63f48c97a2f24b4/ ctx=fc len=80
[tp] path_request dest=/995cc3851347f138f51af73d182d5e1d/ iface=/d86e8112f3c4c4442126f8e9f44f1686/
[tp] link_request dst=/6dee4caf17f87a1051504791002c8786/ ctx=00 hops=2
[tp] link_proof_tx dst=/6dee4caf17f87a1051504791002c8786/ link_id=/8b85a11128910128c6eb5093ac9befd0/
[tp] link_data dst=/8b85a11128910128c6eb5093ac9befd0/ ctx=fe len=64
[tp] link_data dst=/8b85a11128910128c6eb5093ac9befd0/ ctx=fb len=192
[link] data_plain len=128 preview=35e65fe12a80ee3d00278ef932383927bd791670aa6a7f7a029c1a472045933f
[tp] path_request dest=/a3dfea289534e4b2d0f5730310eebd99/ iface=/d86e8112f3c4c4442126f8e9f44f1686/
[tp] path_request dest=/12cb1ed29943213839f0b0d18cd42761/ iface=/d86e8112f3c4c4442126f8e9f44f1686/
[tp] path_request dest=/e792a1b9b43cc8b95d12ecd2d1d3e8b2/ iface=/d86e8112f3c4c4442126f8e9f44f1686/
[tp] path_request dest=/540c608007597e56524853ff05e73b5d/ iface=/d86e8112f3c4c4442126f8e9f44f1686/
[tp] path_request dest=/f730f20056158e475480d32a934aa2d9/ iface=/d86e8112f3c4c4442126f8e9f44f1686/
[tp] link_request dst=/6dee4caf17f87a1051504791002c8786/ ctx=00 hops=3
[tp] link_proof_tx dst=/6dee4caf17f87a1051504791002c8786/ link_id=/3a7c30457f07a4a8e29f78558e9dd093/
[tp] link_data dst=/3a7c30457f07a4a8e29f78558e9dd093/ ctx=fe len=64
[tp] link_data dst=/3a7c30457f07a4a8e29f78558e9dd093/ ctx=fb len=192
[link] data_plain len=128 preview=165580b392d784065c59ad07cd08fc45bc816426f454e09170b261c23bb2fc72
[tp] path_request dest=/f8de3e21f2b92e8eb4bb505f1e1381c4/ iface=/d86e8112f3c4c4442126f8e9f44f1686/
[tp] path_request dest=/bd4090bc8e1eddbb7b2bf54494c64a46/ iface=/d86e8112f3c4c4442126f8e9f44f1686/
[tp] path_request dest=/b8bbfff472fe128873c9395a3ff8b353/ iface=/d86e8112f3c4c4442126f8e9f44f1686/
[tp] path_request dest=/cd6065d748509609cb92f37e43ed0576/ iface=/d86e8112f3c4c4442126f8e9f44f1686/
[tp] path_request dest=/4a890e0e7c0cc69df96c7d4db8992341/ iface=/d86e8112f3c4c4442126f8e9f44f1686/
[tp] path_request dest=/e233d8d7e9c5f61419d45138ef0d90ff/ iface=/d86e8112f3c4c4442126f8e9f44f1686/
[tp] path_request dest=/4762234229b7e0b83c68b857bdf245c3/ iface=/d86e8112f3c4c4442126f8e9f44f1686/
[tp] path_request dest=/12cb1ed29943213839f0b0d18cd42761/ iface=/d86e8112f3c4c4442126f8e9f44f1686/
[tp] link_data dst=/3a7c30457f07a4a8e29f78558e9dd093/ ctx=fc len=80
[tp] link_request dst=/6dee4caf17f87a1051504791002c8786/ ctx=00 hops=2
[tp] link_proof_tx dst=/6dee4caf17f87a1051504791002c8786/ link_id=/571b465923400df035ce7e85cd61223d/
[tp] link_data dst=/571b465923400df035ce7e85cd61223d/ ctx=fe len=64
[tp] link_data dst=/571b465923400df035ce7e85cd61223d/ ctx=fb len=192
[link] data_plain len=128 preview=c757c88946ae81f0974a33437ab209bac39469edc778f04bc7c155cdb8ea1441
[tp] path_request dest=/f8de3e21f2b92e8eb4bb505f1e1381c4/ iface=/d86e8112f3c4c4442126f8e9f44f1686/
[tp] path_request dest=/995cc3851347f138f51af73d182d5e1d/ iface=/d86e8112f3c4c4442126f8e9f44f1686/
[tp] path_request dest=/e792a1b9b43cc8b95d12ecd2d1d3e8b2/ iface=/d86e8112f3c4c4442126f8e9f44f1686/
[tp] link_data dst=/571b465923400df035ce7e85cd61223d/ ctx=fc len=80
[tp] path_request dest=/c5210cdf7fda275c7f978533ec4ece80/ iface=/d86e8112f3c4c4442126f8e9f44f1686/
[tp] path_request dest=/e233d8d7e9c5f61419d45138ef0d90ff/ iface=/d86e8112f3c4c4442126f8e9f44f1686/
[tp] link_data dst=/8b85a11128910128c6eb5093ac9befd0/ ctx=fa len=1
[tp] path_request dest=/a3dfea289534e4b2d0f5730310eebd99/ iface=/d86e8112f3c4c4442126f8e9f44f1686/
[tp] link_request dst=/6dee4caf17f87a1051504791002c8786/ ctx=00 hops=3
[tp] link_proof_tx dst=/6dee4caf17f87a1051504791002c8786/ link_id=/d8e4e7511d4331e9d0b788d1ec6349eb/
[tp] link_data dst=/d8e4e7511d4331e9d0b788d1ec6349eb/ ctx=fe len=64
[tp] link_data dst=/d8e4e7511d4331e9d0b788d1ec6349eb/ ctx=fb len=192
[link] data_plain len=128 preview=165580b392d784065c59ad07cd08fc45bc816426f454e09170b261c23bb2fc72
[tp] link_request dst=/6dee4caf17f87a1051504791002c8786/ ctx=00 hops=2
[tp] link_proof_tx dst=/6dee4caf17f87a1051504791002c8786/ link_id=/2d56302a105f6ea4156d9f142f6cc291/
[tp] link_data dst=/2d56302a105f6ea4156d9f142f6cc291/ ctx=fe len=64
[tp] link_data dst=/2d56302a105f6ea4156d9f142f6cc291/ ctx=fb len=192
[link] data_plain len=128 preview=722fe51808e9a53c865100a3d27a9490d79d892a18343cef7df37d080fa80170
[tp] path_request dest=/b8bbfff472fe128873c9395a3ff8b353/ iface=/d86e8112f3c4c4442126f8e9f44f1686/
[tp] path_request dest=/12cb1ed29943213839f0b0d18cd42761/ iface=/d86e8112f3c4c4442126f8e9f44f1686/
[tp] path_request dest=/cd6065d748509609cb92f37e43ed0576/ iface=/d86e8112f3c4c4442126f8e9f44f1686/
[tp] link_data dst=/d8e4e7511d4331e9d0b788d1ec6349eb/ ctx=fc len=80
[tp] path_request dest=/0769357259e48819ea9194b6230b2cef/ iface=/d86e8112f3c4c4442126f8e9f44f1686/
[tp] link_data dst=/8b85a11128910128c6eb5093ac9befd0/ ctx=06 len=96
[tp] link_data dst=/8b85a11128910128c6eb5093ac9befd0/ ctx=fc len=80
[tp] link_data dst=/2d56302a105f6ea4156d9f142f6cc291/ ctx=08 len=32
[tp] link_request dst=/6dee4caf17f87a1051504791002c8786/ ctx=00 hops=2
[tp] link_proof_tx dst=/6dee4caf17f87a1051504791002c8786/ link_id=/3bc3eae1ca054c1ec74044a373119c70/
[tp] link_data dst=/3bc3eae1ca054c1ec74044a373119c70/ ctx=fe len=64
[tp] link_data dst=/3bc3eae1ca054c1ec74044a373119c70/ ctx=fb len=192
[link] data_plain len=128 preview=35e65fe12a80ee3d00278ef932383927bd791670aa6a7f7a029c1a472045933f
[tp] link_request dst=/6dee4caf17f87a1051504791002c8786/ ctx=00 hops=2
[tp] link_proof_tx dst=/6dee4caf17f87a1051504791002c8786/ link_id=/f4394893623ef5eaa4d0cf9d9cd3080a/
[tp] link_data dst=/f4394893623ef5eaa4d0cf9d9cd3080a/ ctx=fe len=64
[tp] link_data dst=/f4394893623ef5eaa4d0cf9d9cd3080a/ ctx=fb len=192
[link] data_plain len=128 preview=c757c88946ae81f0974a33437ab209bac39469edc778f04bc7c155cdb8ea1441
[tp] path_request dest=/e233d8d7e9c5f61419d45138ef0d90ff/ iface=/d86e8112f3c4c4442126f8e9f44f1686/
[tp] path_request dest=/995cc3851347f138f51af73d182d5e1d/ iface=/d86e8112f3c4c4442126f8e9f44f1686/
[tp] path_request dest=/0ffa0968a18cb499c260e774cd3d9f28/ iface=/d86e8112f3c4c4442126f8e9f44f1686/
[tp] link_data dst=/f4394893623ef5eaa4d0cf9d9cd3080a/ ctx=fc len=80
[tp] path_request dest=/12cb1ed29943213839f0b0d18cd42761/ iface=/d86e8112f3c4c4442126f8e9f44f1686/
[tp] path_request dest=/b8bbfff472fe128873c9395a3ff8b353/ iface=/d86e8112f3c4c4442126f8e9f44f1686/
[tp] path_request dest=/a3dfea289534e4b2d0f5730310eebd99/ iface=/d86e8112f3c4c4442126f8e9f44f1686/
[tp] link_data dst=/2d56302a105f6ea4156d9f142f6cc291/ ctx=06 len=96
[tp] link_data dst=/2d56302a105f6ea4156d9f142f6cc291/ ctx=fc len=80
[tp] link_request dst=/6dee4caf17f87a1051504791002c8786/ ctx=00 hops=2
[tp] link_proof_tx dst=/6dee4caf17f87a1051504791002c8786/ link_id=/d55f2585374b8149d52e01ce81f20eeb/
[tp] link_data dst=/d55f2585374b8149d52e01ce81f20eeb/ ctx=fe len=64
[tp] link_data dst=/d55f2585374b8149d52e01ce81f20eeb/ ctx=fb len=192
[link] data_plain len=128 preview=cc343d204fc536882689c77cbddfe144b3cf8abc90165e8a859ee48a492f4b0c
[tp] path_request dest=/3cda761f3f3ef73319aa0721c9037cb3/ iface=/d86e8112f3c4c4442126f8e9f44f1686/
[tp] path_request dest=/540c608007597e56524853ff05e73b5d/ iface=/d86e8112f3c4c4442126f8e9f44f1686/
[tp] path_request dest=/e233d8d7e9c5f61419d45138ef0d90ff/ iface=/d86e8112f3c4c4442126f8e9f44f1686/
[tp] link_data dst=/3bc3eae1ca054c1ec74044a373119c70/ ctx=fa len=1
[tp] link_data dst=/d55f2585374b8149d52e01ce81f20eeb/ ctx=08 len=32
[tp] path_request dest=/12cb1ed29943213839f0b0d18cd42761/ iface=/d86e8112f3c4c4442126f8e9f44f1686/
[tp] link_request dst=/6dee4caf17f87a1051504791002c8786/ ctx=00 hops=2
[tp] link_proof_tx dst=/6dee4caf17f87a1051504791002c8786/ link_id=/0e063f703df869c9742184534d28f6b6/
[tp] link_data dst=/0e063f703df869c9742184534d28f6b6/ ctx=fe len=64
[tp] link_data dst=/0e063f703df869c9742184534d28f6b6/ ctx=fb len=192
[link] data_plain len=128 preview=c757c88946ae81f0974a33437ab209bac39469edc778f04bc7c155cdb8ea1441
[tp] path_request dest=/995cc3851347f138f51af73d182d5e1d/ iface=/d86e8112f3c4c4442126f8e9f44f1686/
[tp] link_request dst=/6dee4caf17f87a1051504791002c8786/ ctx=00 hops=2
[tp] link_proof_tx dst=/6dee4caf17f87a1051504791002c8786/ link_id=/7ad6ddec482f22da3aab2c5c5a926f37/
[tp] link_data dst=/7ad6ddec482f22da3aab2c5c5a926f37/ ctx=fe len=64
[tp] link_data dst=/7ad6ddec482f22da3aab2c5c5a926f37/ ctx=fb len=192
[link] data_plain len=128 preview=722fe51808e9a53c865100a3d27a9490d79d892a18343cef7df37d080fa80170
[tp] path_request dest=/b8bbfff472fe128873c9395a3ff8b353/ iface=/d86e8112f3c4c4442126f8e9f44f1686/
[tp] link_request dst=/6dee4caf17f87a1051504791002c8786/ ctx=00 hops=3
[tp] link_proof_tx dst=/6dee4caf17f87a1051504791002c8786/ link_id=/06165ec58a56e1d9dd32d3df8cf12df6/
[tp] link_data dst=/06165ec58a56e1d9dd32d3df8cf12df6/ ctx=fe len=64
[tp] link_data dst=/06165ec58a56e1d9dd32d3df8cf12df6/ ctx=fb len=192
[link] data_plain len=128 preview=165580b392d784065c59ad07cd08fc45bc816426f454e09170b261c23bb2fc72
[tp] path_request dest=/a3dfea289534e4b2d0f5730310eebd99/ iface=/d86e8112f3c4c4442126f8e9f44f1686/
[tp] link_data dst=/7ad6ddec482f22da3aab2c5c5a926f37/ ctx=08 len=32
[tp] path_request dest=/12cb1ed29943213839f0b0d18cd42761/ iface=/d86e8112f3c4c4442126f8e9f44f1686/
[tp] link_data dst=/3bc3eae1ca054c1ec74044a373119c70/ ctx=06 len=96
[tp] link_data dst=/3bc3eae1ca054c1ec74044a373119c70/ ctx=fc len=80
[tp] link_data dst=/d55f2585374b8149d52e01ce81f20eeb/ ctx=06 len=96
[tp] link_data dst=/d55f2585374b8149d52e01ce81f20eeb/ ctx=fc len=80
[tp] link_request dst=/6dee4caf17f87a1051504791002c8786/ ctx=00 hops=2
[tp] link_proof_tx dst=/6dee4caf17f87a1051504791002c8786/ link_id=/a9da8deb2e72b8dbec465f685c73981a/
[tp] link_data dst=/a9da8deb2e72b8dbec465f685c73981a/ ctx=fe len=64
[tp] link_data dst=/a9da8deb2e72b8dbec465f685c73981a/ ctx=fb len=192
[link] data_plain len=128 preview=35e65fe12a80ee3d00278ef932383927bd791670aa6a7f7a029c1a472045933f
[tp] path_request dest=/2eb90d38628f1c044e818b532f76bb0e/ iface=/d86e8112f3c4c4442126f8e9f44f1686/
[tp] link_data dst=/06165ec58a56e1d9dd32d3df8cf12df6/ ctx=fc len=80
[tp] path_request dest=/e233d8d7e9c5f61419d45138ef0d90ff/ iface=/d86e8112f3c4c4442126f8e9f44f1686/
[tp] path_request dest=/000d7f22deeec5d665f3f62bafd16ffc/ iface=/d86e8112f3c4c4442126f8e9f44f1686/
[tp] path_request dest=/48a811bf93be297afc2f9652c2ebf8c4/ iface=/d86e8112f3c4c4442126f8e9f44f1686/
[tp] link_data dst=/0e063f703df869c9742184534d28f6b6/ ctx=fc len=80
[tp] link_request dst=/6dee4caf17f87a1051504791002c8786/ ctx=00 hops=2
[tp] link_proof_tx dst=/6dee4caf17f87a1051504791002c8786/ link_id=/c0a32bfd797d6f1b8764b0e91381d0c1/
[tp] link_data dst=/c0a32bfd797d6f1b8764b0e91381d0c1/ ctx=fe len=64
[tp] link_data dst=/c0a32bfd797d6f1b8764b0e91381d0c1/ ctx=fb len=192
[link] data_plain len=128 preview=cc343d204fc536882689c77cbddfe144b3cf8abc90165e8a859ee48a492f4b0c
[tp] link_data dst=/7ad6ddec482f22da3aab2c5c5a926f37/ ctx=06 len=96
[tp] link_data dst=/7ad6ddec482f22da3aab2c5c5a926f37/ ctx=fc len=80
[tp] path_request dest=/ac31bf081f355d8ffbb73f0279341474/ iface=/d86e8112f3c4c4442126f8e9f44f1686/
[tp] path_request dest=/b8bbfff472fe128873c9395a3ff8b353/ iface=/d86e8112f3c4c4442126f8e9f44f1686/
[tp] path_request dest=/f8de3e21f2b92e8eb4bb505f1e1381c4/ iface=/d86e8112f3c4c4442126f8e9f44f1686/
[tp] path_request dest=/995cc3851347f138f51af73d182d5e1d/ iface=/d86e8112f3c4c4442126f8e9f44f1686/
[tp] link_data dst=/c0a32bfd797d6f1b8764b0e91381d0c1/ ctx=08 len=32
[tp] path_request dest=/595cc952d504591a82896317787676ca/ iface=/d86e8112f3c4c4442126f8e9f44f1686/
[tp] path_request dest=/12cb1ed29943213839f0b0d18cd42761/ iface=/d86e8112f3c4c4442126f8e9f44f1686/
[tp] link_request dst=/6dee4caf17f87a1051504791002c8786/ ctx=00 hops=3
[tp] link_proof_tx dst=/6dee4caf17f87a1051504791002c8786/ link_id=/a0d9cb14747a3346c89cfd655e37bf51/
[tp] link_data dst=/a0d9cb14747a3346c89cfd655e37bf51/ ctx=fe len=64
[tp] link_data dst=/a0d9cb14747a3346c89cfd655e37bf51/ ctx=fb len=192
[link] data_plain len=128 preview=165580b392d784065c59ad07cd08fc45bc816426f454e09170b261c23bb2fc72
[tp] path_request dest=/a3dfea289534e4b2d0f5730310eebd99/ iface=/d86e8112f3c4c4442126f8e9f44f1686/
[tp] path_request dest=/b18bb3d4ac56c99c5ee4791d79496ca2/ iface=/d86e8112f3c4c4442126f8e9f44f1686/
[tp] path_request dest=/e233d8d7e9c5f61419d45138ef0d90ff/ iface=/d86e8112f3c4c4442126f8e9f44f1686/
[tp] link_data dst=/c0a32bfd797d6f1b8764b0e91381d0c1/ ctx=06 len=96
[tp] link_data dst=/c0a32bfd797d6f1b8764b0e91381d0c1/ ctx=fc len=80
[tp] link_data dst=/a0d9cb14747a3346c89cfd655e37bf51/ ctx=fc len=80
[tp] link_data dst=/a9da8deb2e72b8dbec465f685c73981a/ ctx=fa len=1
[tp] path_request dest=/b8bbfff472fe128873c9395a3ff8b353/ iface=/d86e8112f3c4c4442126f8e9f44f1686/
[tp] path_request dest=/12cb1ed29943213839f0b0d18cd42761/ iface=/d86e8112f3c4c4442126f8e9f44f1686/
[tp] path_request dest=/bd4090bc8e1eddbb7b2bf54494c64a46/ iface=/d86e8112f3c4c4442126f8e9f44f1686/
[tp] path_request dest=/0ffa0968a18cb499c260e774cd3d9f28/ iface=/d86e8112f3c4c4442126f8e9f44f1686/
[tp] path_request dest=/6fe58e1d906d9f448b53533f0f2b7457/ iface=/d86e8112f3c4c4442126f8e9f44f1686/
[tp] link_request dst=/6dee4caf17f87a1051504791002c8786/ ctx=00 hops=2
[tp] link_proof_tx dst=/6dee4caf17f87a1051504791002c8786/ link_id=/40272e0ef31c84bcdcd43695c7b07d31/
[tp] link_data dst=/40272e0ef31c84bcdcd43695c7b07d31/ ctx=fe len=64
[tp] link_data dst=/40272e0ef31c84bcdcd43695c7b07d31/ ctx=fb len=192
[link] data_plain len=128 preview=c757c88946ae81f0974a33437ab209bac39469edc778f04bc7c155cdb8ea1441
[tp] path_request dest=/995cc3851347f138f51af73d182d5e1d/ iface=/d86e8112f3c4c4442126f8e9f44f1686/
[tp] link_data dst=/40272e0ef31c84bcdcd43695c7b07d31/ ctx=fc len=80
[tp] link_data dst=/a9da8deb2e72b8dbec465f685c73981a/ ctx=06 len=96
[tp] link_data dst=/a9da8deb2e72b8dbec465f685c73981a/ ctx=fc len=80
[tp] path_request dest=/c04ed3e589c8a6621bb166c913b0a330/ iface=/d86e8112f3c4c4442126f8e9f44f1686/
[tp] path_request dest=/58681bf71893d092811b7b97b6f767cf/ iface=/d86e8112f3c4c4442126f8e9f44f1686/
[tp] path_request dest=/a3dfea289534e4b2d0f5730310eebd99/ iface=/d86e8112f3c4c4442126f8e9f44f1686/
[tp] path_request dest=/bd4090bc8e1eddbb7b2bf54494c64a46/ iface=/d86e8112f3c4c4442126f8e9f44f1686/
[tp] path_request dest=/12cb1ed29943213839f0b0d18cd42761/ iface=/d86e8112f3c4c4442126f8e9f44f1686/
[tp] path_request dest=/b8bbfff472fe128873c9395a3ff8b353/ iface=/d86e8112f3c4c4442126f8e9f44f1686/
[tp] link_request dst=/6dee4caf17f87a1051504791002c8786/ ctx=00 hops=2
[tp] link_proof_tx dst=/6dee4caf17f87a1051504791002c8786/ link_id=/e9539c65e04858f60b70628b7197f84d/
[tp] link_data dst=/e9539c65e04858f60b70628b7197f84d/ ctx=fe len=64
[tp] link_data dst=/e9539c65e04858f60b70628b7197f84d/ ctx=fb len=192
[link] data_plain len=128 preview=722fe51808e9a53c865100a3d27a9490d79d892a18343cef7df37d080fa80170
[tp] link_request dst=/6dee4caf17f87a1051504791002c8786/ ctx=00 hops=2
[tp] link_proof_tx dst=/6dee4caf17f87a1051504791002c8786/ link_id=/abedb3121067df65580c2b2e0f8981df/
[tp] link_data dst=/abedb3121067df65580c2b2e0f8981df/ ctx=fe len=64
[tp] link_data dst=/abedb3121067df65580c2b2e0f8981df/ ctx=fb len=192
[link] data_plain len=128 preview=35e65fe12a80ee3d00278ef932383927bd791670aa6a7f7a029c1a472045933f
[tp] path_request dest=/e233d8d7e9c5f61419d45138ef0d90ff/ iface=/d86e8112f3c4c4442126f8e9f44f1686/
[tp] link_request dst=/6dee4caf17f87a1051504791002c8786/ ctx=00 hops=2
[tp] link_proof_tx dst=/6dee4caf17f87a1051504791002c8786/ link_id=/db569af9106b7351af89c1a23f6daad2/
[tp] link_data dst=/db569af9106b7351af89c1a23f6daad2/ ctx=fe len=64
[tp] link_data dst=/db569af9106b7351af89c1a23f6daad2/ ctx=fb len=192
[link] data_plain len=128 preview=c757c88946ae81f0974a33437ab209bac39469edc778f04bc7c155cdb8ea1441
[tp] link_data dst=/e9539c65e04858f60b70628b7197f84d/ ctx=08 len=32
[tp] link_data dst=/db569af9106b7351af89c1a23f6daad2/ ctx=fc len=80
[tp] path_request dest=/995cc3851347f138f51af73d182d5e1d/ iface=/d86e8112f3c4c4442126f8e9f44f1686/
[tp] path_request dest=/f8de3e21f2b92e8eb4bb505f1e1381c4/ iface=/d86e8112f3c4c4442126f8e9f44f1686/
[tp] link_request dst=/6dee4caf17f87a1051504791002c8786/ ctx=00 hops=2
[tp] link_proof_tx dst=/6dee4caf17f87a1051504791002c8786/ link_id=/a5a6071b317cf15f68ddebb4818a0ee8/
[tp] link_request dst=/6dee4caf17f87a1051504791002c8786/ ctx=00 hops=3
[tp] link_proof_tx dst=/6dee4caf17f87a1051504791002c8786/ link_id=/7e0e8083ddea87385fc8d9b8db02854b/
[tp] link_data dst=/a5a6071b317cf15f68ddebb4818a0ee8/ ctx=fe len=64
[tp] link_data dst=/a5a6071b317cf15f68ddebb4818a0ee8/ ctx=fb len=192
[link] data_plain len=128 preview=cc343d204fc536882689c77cbddfe144b3cf8abc90165e8a859ee48a492f4b0c
[tp] link_data dst=/7e0e8083ddea87385fc8d9b8db02854b/ ctx=fe len=64
[tp] link_data dst=/7e0e8083ddea87385fc8d9b8db02854b/ ctx=fb len=192
[link] data_plain len=128 preview=165580b392d784065c59ad07cd08fc45bc816426f454e09170b261c23bb2fc72
[tp] link_data dst=/e9539c65e04858f60b70628b7197f84d/ ctx=06 len=96
[tp] link_data dst=/e9539c65e04858f60b70628b7197f84d/ ctx=fc len=80
[tp] path_request dest=/12cb1ed29943213839f0b0d18cd42761/ iface=/d86e8112f3c4c4442126f8e9f44f1686/
[tp] path_request dest=/b8bbfff472fe128873c9395a3ff8b353/ iface=/d86e8112f3c4c4442126f8e9f44f1686/
[tp] link_request dst=/6dee4caf17f87a1051504791002c8786/ ctx=00 hops=2
[tp] link_proof_tx dst=/6dee4caf17f87a1051504791002c8786/ link_id=/eabd5e8710d94c1cfb9038852dd7b2a6/
[tp] link_data dst=/eabd5e8710d94c1cfb9038852dd7b2a6/ ctx=fe len=64
[tp] link_data dst=/eabd5e8710d94c1cfb9038852dd7b2a6/ ctx=fb len=192
[link] data_plain len=128 preview=c757c88946ae81f0974a33437ab209bac39469edc778f04bc7c155cdb8ea1441
[tp] path_request dest=/a3dfea289534e4b2d0f5730310eebd99/ iface=/d86e8112f3c4c4442126f8e9f44f1686/
[tp] link_data dst=/7e0e8083ddea87385fc8d9b8db02854b/ ctx=fc len=80
[tp] path_request dest=/bd4090bc8e1eddbb7b2bf54494c64a46/ iface=/d86e8112f3c4c4442126f8e9f44f1686/
[tp] link_data dst=/a5a6071b317cf15f68ddebb4818a0ee8/ ctx=08 len=32
[tp] link_data dst=/eabd5e8710d94c1cfb9038852dd7b2a6/ ctx=fc len=80
[tp] path_request dest=/f8de3e21f2b92e8eb4bb505f1e1381c4/ iface=/d86e8112f3c4c4442126f8e9f44f1686/
[tp] path_request dest=/12cb1ed29943213839f0b0d18cd42761/ iface=/d86e8112f3c4c4442126f8e9f44f1686/
[tp] link_data dst=/abedb3121067df65580c2b2e0f8981df/ ctx=fa len=1
[tp] link_request dst=/6dee4caf17f87a1051504791002c8786/ ctx=00 hops=2
[tp] link_proof_tx dst=/6dee4caf17f87a1051504791002c8786/ link_id=/369c3ea27ae31a00d1861e8affc0c1dd/
[tp] link_data dst=/369c3ea27ae31a00d1861e8affc0c1dd/ ctx=fe len=64
[tp] link_data dst=/369c3ea27ae31a00d1861e8affc0c1dd/ ctx=fb len=192
[link] data_plain len=128 preview=722fe51808e9a53c865100a3d27a9490d79d892a18343cef7df37d080fa80170
[tp] path_request dest=/9d042bb2fe148926ebeb9186bc8ffc1a/ iface=/d86e8112f3c4c4442126f8e9f44f1686/
[tp] path_request dest=/fb9aca8a82abc784d75835c1e181adde/ iface=/d86e8112f3c4c4442126f8e9f44f1686/
[tp] path_request dest=/e233d8d7e9c5f61419d45138ef0d90ff/ iface=/d86e8112f3c4c4442126f8e9f44f1686/
[tp] path_request dest=/b8bbfff472fe128873c9395a3ff8b353/ iface=/d86e8112f3c4c4442126f8e9f44f1686/
[tp] link_request dst=/6dee4caf17f87a1051504791002c8786/ ctx=00 hops=3
[tp] link_proof_tx dst=/6dee4caf17f87a1051504791002c8786/ link_id=/8bc589b154c05324738b70a6497d1930/
[tp] link_data dst=/8bc589b154c05324738b70a6497d1930/ ctx=fe len=64
[tp] link_data dst=/8bc589b154c05324738b70a6497d1930/ ctx=fb len=192
[link] data_plain len=128 preview=165580b392d784065c59ad07cd08fc45bc816426f454e09170b261c23bb2fc72
[tp] link_data dst=/a5a6071b317cf15f68ddebb4818a0ee8/ ctx=06 len=96
[tp] link_data dst=/a5a6071b317cf15f68ddebb4818a0ee8/ ctx=fc len=80
[tp] link_data dst=/369c3ea27ae31a00d1861e8affc0c1dd/ ctx=08 len=32
[tp] link_data dst=/8bc589b154c05324738b70a6497d1930/ ctx=fc len=80
[tp] path_request dest=/b8bbfff472fe128873c9395a3ff8b353/ iface=/d86e8112f3c4c4442126f8e9f44f1686/
[tp] link_data dst=/abedb3121067df65580c2b2e0f8981df/ ctx=06 len=96
[tp] link_data dst=/abedb3121067df65580c2b2e0f8981df/ ctx=fc len=80
[tp] path_request dest=/995cc3851347f138f51af73d182d5e1d/ iface=/d86e8112f3c4c4442126f8e9f44f1686/
[tp] path_request dest=/9d042bb2fe148926ebeb9186bc8ffc1a/ iface=/d86e8112f3c4c4442126f8e9f44f1686/
[tp] link_request dst=/6dee4caf17f87a1051504791002c8786/ ctx=00 hops=2
[tp] link_proof_tx dst=/6dee4caf17f87a1051504791002c8786/ link_id=/2b17ae8972a3beaa5e50c855f63fe952/
[tp] link_data dst=/2b17ae8972a3beaa5e50c855f63fe952/ ctx=fe len=64
[tp] link_data dst=/2b17ae8972a3beaa5e50c855f63fe952/ ctx=fb len=192
[link] data_plain len=128 preview=c757c88946ae81f0974a33437ab209bac39469edc778f04bc7c155cdb8ea1441
[tp] path_request dest=/a3dfea289534e4b2d0f5730310eebd99/ iface=/d86e8112f3c4c4442126f8e9f44f1686/
[tp] path_request dest=/b8bbfff472fe128873c9395a3ff8b353/ iface=/d86e8112f3c4c4442126f8e9f44f1686/
[tp] link_data dst=/369c3ea27ae31a00d1861e8affc0c1dd/ ctx=06 len=96
[tp] link_data dst=/369c3ea27ae31a00d1861e8affc0c1dd/ ctx=fc len=80
[tp] path_request dest=/12cb1ed29943213839f0b0d18cd42761/ iface=/d86e8112f3c4c4442126f8e9f44f1686/
[tp] link_data dst=/2b17ae8972a3beaa5e50c855f63fe952/ ctx=fc len=80
[tp] path_request dest=/f77a75d6882765f058146ac95b2d53ab/ iface=/d86e8112f3c4c4442126f8e9f44f1686/
[tp] path_request dest=/ac31bf081f355d8ffbb73f0279341474/ iface=/d86e8112f3c4c4442126f8e9f44f1686/
[tp] path_request dest=/fb7dfd8ce752d051a074e309814777be/ iface=/d86e8112f3c4c4442126f8e9f44f1686/
[tp] path_request dest=/0ffa0968a18cb499c260e774cd3d9f28/ iface=/d86e8112f3c4c4442126f8e9f44f1686/
[tp] path_request dest=/12cb1ed29943213839f0b0d18cd42761/ iface=/d86e8112f3c4c4442126f8e9f44f1686/
[tp] path_request dest=/b8bbfff472fe128873c9395a3ff8b353/ iface=/d86e8112f3c4c4442126f8e9f44f1686/
[tp] link_request dst=/6dee4caf17f87a1051504791002c8786/ ctx=00 hops=2
[tp] link_proof_tx dst=/6dee4caf17f87a1051504791002c8786/ link_id=/915b6f49eea06faef1c8cfc6321d1788/
[tp] link_data dst=/915b6f49eea06faef1c8cfc6321d1788/ ctx=fe len=64
[tp] link_data dst=/915b6f49eea06faef1c8cfc6321d1788/ ctx=fb len=192
[link] data_plain len=128 preview=722fe51808e9a53c865100a3d27a9490d79d892a18343cef7df37d080fa80170
[tp] link_request dst=/6dee4caf17f87a1051504791002c8786/ ctx=00 hops=2
[tp] link_proof_tx dst=/6dee4caf17f87a1051504791002c8786/ link_id=/859ff0bae775ffdc2c720bb2340482e0/
[tp] link_data dst=/859ff0bae775ffdc2c720bb2340482e0/ ctx=fe len=64
[tp] link_data dst=/859ff0bae775ffdc2c720bb2340482e0/ ctx=fb len=192
[link] data_plain len=128 preview=35e65fe12a80ee3d00278ef932383927bd791670aa6a7f7a029c1a472045933f
[tp] path_request dest=/bd4090bc8e1eddbb7b2bf54494c64a46/ iface=/d86e8112f3c4c4442126f8e9f44f1686/
[tp] path_request dest=/e233d8d7e9c5f61419d45138ef0d90ff/ iface=/d86e8112f3c4c4442126f8e9f44f1686/
[tp] path_request dest=/995cc3851347f138f51af73d182d5e1d/ iface=/d86e8112f3c4c4442126f8e9f44f1686/
[tp] link_data dst=/915b6f49eea06faef1c8cfc6321d1788/ ctx=08 len=32
[tp] path_request dest=/d5e5cdd0177690fb753fa26e04ec6de2/ iface=/d86e8112f3c4c4442126f8e9f44f1686/
[tp] path_request dest=/a3dfea289534e4b2d0f5730310eebd99/ iface=/d86e8112f3c4c4442126f8e9f44f1686/
[tp] path_request dest=/b18bb3d4ac56c99c5ee4791d79496ca2/ iface=/d86e8112f3c4c4442126f8e9f44f1686/
[tp] path_request dest=/e233d8d7e9c5f61419d45138ef0d90ff/ iface=/d86e8112f3c4c4442126f8e9f44f1686/
[tp] path_request dest=/12cb1ed29943213839f0b0d18cd42761/ iface=/d86e8112f3c4c4442126f8e9f44f1686/
[tp] link_request dst=/6dee4caf17f87a1051504791002c8786/ ctx=00 hops=2
[tp] link_proof_tx dst=/6dee4caf17f87a1051504791002c8786/ link_id=/6f43a26b458515c69916895de602f2a5/
[tp] link_data dst=/6f43a26b458515c69916895de602f2a5/ ctx=fe len=64
[tp] link_data dst=/6f43a26b458515c69916895de602f2a5/ ctx=fb len=192
[link] data_plain len=128 preview=cc343d204fc536882689c77cbddfe144b3cf8abc90165e8a859ee48a492f4b0c
[tp] path_request dest=/e792a1b9b43cc8b95d12ecd2d1d3e8b2/ iface=/d86e8112f3c4c4442126f8e9f44f1686/
[tp] link_request dst=/6dee4caf17f87a1051504791002c8786/ ctx=00 hops=2
[tp] link_proof_tx dst=/6dee4caf17f87a1051504791002c8786/ link_id=/1dddf2a3f248272ea564bda755b6302c/
[tp] link_data dst=/915b6f49eea06faef1c8cfc6321d1788/ ctx=06 len=96
[tp] link_data dst=/915b6f49eea06faef1c8cfc6321d1788/ ctx=fc len=80
[tp] link_data dst=/1dddf2a3f248272ea564bda755b6302c/ ctx=fe len=64
[tp] link_data dst=/1dddf2a3f248272ea564bda755b6302c/ ctx=fb len=192
[link] data_plain len=128 preview=586528998cc5cb6f63d677614052350359a4eaac0310a30853a9bed5643f890d
[tp] path_request dest=/b8bbfff472fe128873c9395a3ff8b353/ iface=/d86e8112f3c4c4442126f8e9f44f1686/
[tp] link_data dst=/6f43a26b458515c69916895de602f2a5/ ctx=08 len=32
[tp] link_request dst=/6dee4caf17f87a1051504791002c8786/ ctx=00 hops=3
[tp] link_proof_tx dst=/6dee4caf17f87a1051504791002c8786/ link_id=/5c2d501a3d40648864762857be3fce2e/
[tp] link_data dst=/5c2d501a3d40648864762857be3fce2e/ ctx=fe len=64
[tp] link_data dst=/5c2d501a3d40648864762857be3fce2e/ ctx=fb len=192
[link] data_plain len=128 preview=165580b392d784065c59ad07cd08fc45bc816426f454e09170b261c23bb2fc72
[tp] path_request dest=/e36c13fd857732740ed3421a512e06aa/ iface=/d86e8112f3c4c4442126f8e9f44f1686/
[tp] path_request dest=/e792a1b9b43cc8b95d12ecd2d1d3e8b2/ iface=/d86e8112f3c4c4442126f8e9f44f1686/
[tp] link_data dst=/1dddf2a3f248272ea564bda755b6302c/ ctx=08 len=32
[tp] path_request dest=/296c7607e829b29e83f2c80f02aa0db6/ iface=/d86e8112f3c4c4442126f8e9f44f1686/
[tp] path_request dest=/04b15fcd28ec8ed7fab945cc9d082dd3/ iface=/d86e8112f3c4c4442126f8e9f44f1686/
[tp] link_data dst=/5c2d501a3d40648864762857be3fce2e/ ctx=fc len=80
[tp] path_request dest=/995cc3851347f138f51af73d182d5e1d/ iface=/d86e8112f3c4c4442126f8e9f44f1686/
[tp] path_request dest=/58681bf71893d092811b7b97b6f767cf/ iface=/d86e8112f3c4c4442126f8e9f44f1686/
[tp] path_request dest=/12cb1ed29943213839f0b0d18cd42761/ iface=/d86e8112f3c4c4442126f8e9f44f1686/
[tp] path_request dest=/b18bb3d4ac56c99c5ee4791d79496ca2/ iface=/d86e8112f3c4c4442126f8e9f44f1686/
[tp] path_request dest=/e233d8d7e9c5f61419d45138ef0d90ff/ iface=/d86e8112f3c4c4442126f8e9f44f1686/
[tp] link_data dst=/6f43a26b458515c69916895de602f2a5/ ctx=06 len=96
[tp] link_data dst=/6f43a26b458515c69916895de602f2a5/ ctx=fc len=80
[tp] path_request dest=/e792a1b9b43cc8b95d12ecd2d1d3e8b2/ iface=/d86e8112f3c4c4442126f8e9f44f1686/
[tp] path_request dest=/48a811bf93be297afc2f9652c2ebf8c4/ iface=/d86e8112f3c4c4442126f8e9f44f1686/
[tp] path_request dest=/57e2d0ef3bd6127a75f53884d04418c4/ iface=/d86e8112f3c4c4442126f8e9f44f1686/
[tp] path_request dest=/a3dfea289534e4b2d0f5730310eebd99/ iface=/d86e8112f3c4c4442126f8e9f44f1686/
[tp] link_data dst=/1dddf2a3f248272ea564bda755b6302c/ ctx=06 len=96
[tp] link_data dst=/1dddf2a3f248272ea564bda755b6302c/ ctx=fc len=80
[tp] path_request dest=/b8bbfff472fe128873c9395a3ff8b353/ iface=/d86e8112f3c4c4442126f8e9f44f1686/
[tp] link_data dst=/859ff0bae775ffdc2c720bb2340482e0/ ctx=06 len=96
[tp] link_data dst=/859ff0bae775ffdc2c720bb2340482e0/ ctx=fc len=80
[tp] link_request dst=/6dee4caf17f87a1051504791002c8786/ ctx=00 hops=7
[tp] link_proof_tx dst=/6dee4caf17f87a1051504791002c8786/ link_id=/e834568bbac7c30396bd8b91fa0d4ffe/
[tp] path_request dest=/12cb1ed29943213839f0b0d18cd42761/ iface=/d86e8112f3c4c4442126f8e9f44f1686/
[tp] link_request dst=/6dee4caf17f87a1051504791002c8786/ ctx=00 hops=2
[tp] link_proof_tx dst=/6dee4caf17f87a1051504791002c8786/ link_id=/9e4343867bddb1c7e777dbf297383a50/
[tp] link_request dst=/6dee4caf17f87a1051504791002c8786/ ctx=00 hops=2
[tp] link_proof_tx dst=/6dee4caf17f87a1051504791002c8786/ link_id=/2a87dc68f1f25e717234332cbe1c9769/
[tp] link_data dst=/2a87dc68f1f25e717234332cbe1c9769/ ctx=fe len=64
[tp] link_data dst=/2a87dc68f1f25e717234332cbe1c9769/ ctx=fb len=192
[link] data_plain len=128 preview=cc343d204fc536882689c77cbddfe144b3cf8abc90165e8a859ee48a492f4b0c
[tp] link_data dst=/9e4343867bddb1c7e777dbf297383a50/ ctx=fe len=64
[tp] link_data dst=/9e4343867bddb1c7e777dbf297383a50/ ctx=fb len=192
[link] data_plain len=128 preview=35e65fe12a80ee3d00278ef932383927bd791670aa6a7f7a029c1a472045933f
[tp] path_request dest=/e792a1b9b43cc8b95d12ecd2d1d3e8b2/ iface=/d86e8112f3c4c4442126f8e9f44f1686/
[tp] path_request dest=/b18bb3d4ac56c99c5ee4791d79496ca2/ iface=/d86e8112f3c4c4442126f8e9f44f1686/
[tp] path_request dest=/995cc3851347f138f51af73d182d5e1d/ iface=/d86e8112f3c4c4442126f8e9f44f1686/
[tp] link_data dst=/2a87dc68f1f25e717234332cbe1c9769/ ctx=08 len=32
[tp] path_request dest=/58681bf71893d092811b7b97b6f767cf/ iface=/d86e8112f3c4c4442126f8e9f44f1686/
[tp] path_request dest=/b8bbfff472fe128873c9395a3ff8b353/ iface=/d86e8112f3c4c4442126f8e9f44f1686/
[tp] link_request dst=/6dee4caf17f87a1051504791002c8786/ ctx=00 hops=2
[tp] link_proof_tx dst=/6dee4caf17f87a1051504791002c8786/ link_id=/3f7f50deccf22cc664860049b8222a11/
[tp] link_data dst=/3f7f50deccf22cc664860049b8222a11/ ctx=fe len=64
[tp] link_data dst=/3f7f50deccf22cc664860049b8222a11/ ctx=fb len=192
[link] data_plain len=128 preview=c757c88946ae81f0974a33437ab209bac39469edc778f04bc7c155cdb8ea1441
[tp] path_request dest=/f8de3e21f2b92e8eb4bb505f1e1381c4/ iface=/d86e8112f3c4c4442126f8e9f44f1686/
[tp] path_request dest=/12cb1ed29943213839f0b0d18cd42761/ iface=/d86e8112f3c4c4442126f8e9f44f1686/
[tp] path_request dest=/a3dfea289534e4b2d0f5730310eebd99/ iface=/d86e8112f3c4c4442126f8e9f44f1686/
[tp] link_request dst=/6dee4caf17f87a1051504791002c8786/ ctx=00 hops=3
[tp] link_proof_tx dst=/6dee4caf17f87a1051504791002c8786/ link_id=/eac217fd738ecd5ac761b25db0d90d52/
[tp] link_data dst=/eac217fd738ecd5ac761b25db0d90d52/ ctx=fe len=64
[tp] link_data dst=/eac217fd738ecd5ac761b25db0d90d52/ ctx=fb len=192
[link] data_plain len=128 preview=caeb241290061ad1380b094471a8ab92b78aeb000a7b67d3c3af96b3825f2026
[tp] path_request dest=/e233d8d7e9c5f61419d45138ef0d90ff/ iface=/d86e8112f3c4c4442126f8e9f44f1686/
[tp] path_request dest=/44213278b52d888683e970004dc95f3c/ iface=/d86e8112f3c4c4442126f8e9f44f1686/
[tp] link_data dst=/3f7f50deccf22cc664860049b8222a11/ ctx=fc len=80
[tp] link_data dst=/2a87dc68f1f25e717234332cbe1c9769/ ctx=06 len=96
[tp] link_data dst=/2a87dc68f1f25e717234332cbe1c9769/ ctx=fc len=80
[tp] link_request dst=/6dee4caf17f87a1051504791002c8786/ ctx=00 hops=2
[tp] link_proof_tx dst=/6dee4caf17f87a1051504791002c8786/ link_id=/9c29922b8ab14c5da678078cf538de21/
[tp] link_data dst=/9c29922b8ab14c5da678078cf538de21/ ctx=fe len=64
[tp] link_data dst=/9c29922b8ab14c5da678078cf538de21/ ctx=fb len=192
[link] data_plain len=128 preview=586528998cc5cb6f63d677614052350359a4eaac0310a30853a9bed5643f890d
[tp] path_request dest=/0ffa0968a18cb499c260e774cd3d9f28/ iface=/d86e8112f3c4c4442126f8e9f44f1686/
[tp] path_request dest=/000d7f22deeec5d665f3f62bafd16ffc/ iface=/d86e8112f3c4c4442126f8e9f44f1686/
[tp] path_request dest=/38e42ae5e60e7a4d63b6e02aa7d3f738/ iface=/d86e8112f3c4c4442126f8e9f44f1686/
[tp] path_request dest=/4a890e0e7c0cc69df96c7d4db8992341/ iface=/d86e8112f3c4c4442126f8e9f44f1686/
[tp] link_data dst=/9c29922b8ab14c5da678078cf538de21/ ctx=08 len=32
[tp] path_request dest=/e233d8d7e9c5f61419d45138ef0d90ff/ iface=/d86e8112f3c4c4442126f8e9f44f1686/
[tp] link_data dst=/eac217fd738ecd5ac761b25db0d90d52/ ctx=08 len=32
[tp] path_request dest=/12cb1ed29943213839f0b0d18cd42761/ iface=/d86e8112f3c4c4442126f8e9f44f1686/
[tp] path_request dest=/04b15fcd28ec8ed7fab945cc9d082dd3/ iface=/d86e8112f3c4c4442126f8e9f44f1686/
[tp] path_request dest=/4762234229b7e0b83c68b857bdf245c3/ iface=/d86e8112f3c4c4442126f8e9f44f1686/
[tp] path_request dest=/4447b200737e3fead7d054e5fc58e081/ iface=/d86e8112f3c4c4442126f8e9f44f1686/
[tp] path_request dest=/208fe458f2080d7d1a9a545ad3106ccf/ iface=/d86e8112f3c4c4442126f8e9f44f1686/
[tp] path_request dest=/995cc3851347f138f51af73d182d5e1d/ iface=/d86e8112f3c4c4442126f8e9f44f1686/
[tp] link_data dst=/9e4343867bddb1c7e777dbf297383a50/ ctx=fa len=1
[tp] path_request dest=/b8bbfff472fe128873c9395a3ff8b353/ iface=/d86e8112f3c4c4442126f8e9f44f1686/
[tp] link_data dst=/9c29922b8ab14c5da678078cf538de21/ ctx=06 len=96
[tp] link_data dst=/9c29922b8ab14c5da678078cf538de21/ ctx=fc len=80
[tp] link_data dst=/9e4343867bddb1c7e777dbf297383a50/ ctx=06 len=96
[tp] link_data dst=/9e4343867bddb1c7e777dbf297383a50/ ctx=fc len=80
[tp] path_request dest=/a3dfea289534e4b2d0f5730310eebd99/ iface=/d86e8112f3c4c4442126f8e9f44f1686/
[tp] path_request dest=/c04ed3e589c8a6621bb166c913b0a330/ iface=/d86e8112f3c4c4442126f8e9f44f1686/
[tp] link_data dst=/eac217fd738ecd5ac761b25db0d90d52/ ctx=06 len=96
[tp] link_data dst=/eac217fd738ecd5ac761b25db0d90d52/ ctx=fc len=80
[tp] path_request dest=/f8de3e21f2b92e8eb4bb505f1e1381c4/ iface=/d86e8112f3c4c4442126f8e9f44f1686/
[tp] path_request dest=/12cb1ed29943213839f0b0d18cd42761/ iface=/d86e8112f3c4c4442126f8e9f44f1686/
[tp] link_request dst=/6dee4caf17f87a1051504791002c8786/ ctx=00 hops=3
[tp] link_proof_tx dst=/6dee4caf17f87a1051504791002c8786/ link_id=/5e708df522649faeb8fb909b28657bcb/
[tp] link_data dst=/5e708df522649faeb8fb909b28657bcb/ ctx=fe len=64
[tp] link_data dst=/5e708df522649faeb8fb909b28657bcb/ ctx=fb len=192
[link] data_plain len=128 preview=165580b392d784065c59ad07cd08fc45bc816426f454e09170b261c23bb2fc72
[tp] link_request dst=/6dee4caf17f87a1051504791002c8786/ ctx=00 hops=2
[tp] link_proof_tx dst=/6dee4caf17f87a1051504791002c8786/ link_id=/1f99d90002bd7c9a9bb9a9c08f81a173/
[tp] link_data dst=/1f99d90002bd7c9a9bb9a9c08f81a173/ ctx=fe len=64
[tp] link_data dst=/1f99d90002bd7c9a9bb9a9c08f81a173/ ctx=fb len=192
[link] data_plain len=128 preview=722fe51808e9a53c865100a3d27a9490d79d892a18343cef7df37d080fa80170
[tp] path_request dest=/bd4090bc8e1eddbb7b2bf54494c64a46/ iface=/d86e8112f3c4c4442126f8e9f44f1686/
[tp] link_data dst=/5e708df522649faeb8fb909b28657bcb/ ctx=fc len=80
[tp] path_request dest=/b8bbfff472fe128873c9395a3ff8b353/ iface=/d86e8112f3c4c4442126f8e9f44f1686/
[tp] link_request dst=/6dee4caf17f87a1051504791002c8786/ ctx=00 hops=3
[tp] link_proof_tx dst=/6dee4caf17f87a1051504791002c8786/ link_id=/e728d5bf29f694096b003c75dddefce8/
[tp] link_data dst=/e728d5bf29f694096b003c75dddefce8/ ctx=fe len=64
[tp] link_data dst=/e728d5bf29f694096b003c75dddefce8/ ctx=fb len=192
[link] data_plain len=128 preview=165580b392d784065c59ad07cd08fc45bc816426f454e09170b261c23bb2fc72
[tp] path_request dest=/379f204da5a77a6c340f6fae26097054/ iface=/d86e8112f3c4c4442126f8e9f44f1686/
[tp] link_data dst=/1f99d90002bd7c9a9bb9a9c08f81a173/ ctx=08 len=32
[tp] path_request dest=/995cc3851347f138f51af73d182d5e1d/ iface=/d86e8112f3c4c4442126f8e9f44f1686/
[tp] path_request dest=/b18bb3d4ac56c99c5ee4791d79496ca2/ iface=/d86e8112f3c4c4442126f8e9f44f1686/
[tp] path_request dest=/bd4090bc8e1eddbb7b2bf54494c64a46/ iface=/d86e8112f3c4c4442126f8e9f44f1686/
[tp] path_request dest=/e792a1b9b43cc8b95d12ecd2d1d3e8b2/ iface=/d86e8112f3c4c4442126f8e9f44f1686/
[tp] link_data dst=/e728d5bf29f694096b003c75dddefce8/ ctx=fc len=80
[tp] link_request dst=/6dee4caf17f87a1051504791002c8786/ ctx=00 hops=3
[tp] link_proof_tx dst=/6dee4caf17f87a1051504791002c8786/ link_id=/558b0dc5a457bb5868e05d5e3e4f0b45/
[tp] link_data dst=/558b0dc5a457bb5868e05d5e3e4f0b45/ ctx=fe len=64
[tp] link_data dst=/558b0dc5a457bb5868e05d5e3e4f0b45/ ctx=fb len=192
[link] data_plain len=128 preview=caeb241290061ad1380b094471a8ab92b78aeb000a7b67d3c3af96b3825f2026
[tp] path_request dest=/c5210cdf7fda275c7f978533ec4ece80/ iface=/d86e8112f3c4c4442126f8e9f44f1686/
[tp] link_request dst=/6dee4caf17f87a1051504791002c8786/ ctx=00 hops=2
[tp] link_proof_tx dst=/6dee4caf17f87a1051504791002c8786/ link_id=/bb42856e44ff7926bfc6b06724097a69/
[tp] link_data dst=/bb42856e44ff7926bfc6b06724097a69/ ctx=fe len=64
[tp] link_data dst=/bb42856e44ff7926bfc6b06724097a69/ ctx=fb len=192
[link] data_plain len=128 preview=c757c88946ae81f0974a33437ab209bac39469edc778f04bc7c155cdb8ea1441
[tp] path_request dest=/e36c13fd857732740ed3421a512e06aa/ iface=/d86e8112f3c4c4442126f8e9f44f1686/
[tp] path_request dest=/a3dfea289534e4b2d0f5730310eebd99/ iface=/d86e8112f3c4c4442126f8e9f44f1686/
[tp] path_request dest=/b18bb3d4ac56c99c5ee4791d79496ca2/ iface=/d86e8112f3c4c4442126f8e9f44f1686/
[tp] path_request dest=/f8de3e21f2b92e8eb4bb505f1e1381c4/ iface=/d86e8112f3c4c4442126f8e9f44f1686/
[tp] link_data dst=/bb42856e44ff7926bfc6b06724097a69/ ctx=fc len=80
[tp] link_data dst=/558b0dc5a457bb5868e05d5e3e4f0b45/ ctx=08 len=32
[tp] link_data dst=/1f99d90002bd7c9a9bb9a9c08f81a173/ ctx=06 len=96
[tp] link_data dst=/1f99d90002bd7c9a9bb9a9c08f81a173/ ctx=fc len=80
[tp] link_request dst=/6dee4caf17f87a1051504791002c8786/ ctx=00 hops=2
[tp] link_proof_tx dst=/6dee4caf17f87a1051504791002c8786/ link_id=/12c1ad34518c19431a51916134c3921d/
[tp] link_data dst=/12c1ad34518c19431a51916134c3921d/ ctx=fe len=64
[tp] link_data dst=/12c1ad34518c19431a51916134c3921d/ ctx=fb len=192
[link] data_plain len=128 preview=c757c88946ae81f0974a33437ab209bac39469edc778f04bc7c155cdb8ea1441
[tp] path_request dest=/b8bbfff472fe128873c9395a3ff8b353/ iface=/d86e8112f3c4c4442126f8e9f44f1686/
[tp] path_request dest=/58681bf71893d092811b7b97b6f767cf/ iface=/d86e8112f3c4c4442126f8e9f44f1686/
[tp] link_data dst=/12c1ad34518c19431a51916134c3921d/ ctx=fc len=80
[tp] path_request dest=/22c55f9002800074df29d51f43319a8a/ iface=/d86e8112f3c4c4442126f8e9f44f1686/
[tp] path_request dest=/bd4090bc8e1eddbb7b2bf54494c64a46/ iface=/d86e8112f3c4c4442126f8e9f44f1686/
[tp] link_data dst=/558b0dc5a457bb5868e05d5e3e4f0b45/ ctx=06 len=96
[tp] link_data dst=/558b0dc5a457bb5868e05d5e3e4f0b45/ ctx=fc len=80
[tp] path_request dest=/f77a75d6882765f058146ac95b2d53ab/ iface=/d86e8112f3c4c4442126f8e9f44f1686/
[tp] link_request dst=/6dee4caf17f87a1051504791002c8786/ ctx=00 hops=2
[tp] link_proof_tx dst=/6dee4caf17f87a1051504791002c8786/ link_id=/dfacfdb50b7e3db86be0fda5cbfcc02d/
[tp] link_data dst=/dfacfdb50b7e3db86be0fda5cbfcc02d/ ctx=fe len=64
[tp] link_data dst=/dfacfdb50b7e3db86be0fda5cbfcc02d/ ctx=fb len=192
[link] data_plain len=128 preview=c757c88946ae81f0974a33437ab209bac39469edc778f04bc7c155cdb8ea1441
[tp] path_request dest=/995cc3851347f138f51af73d182d5e1d/ iface=/d86e8112f3c4c4442126f8e9f44f1686/
[tp] link_request dst=/6dee4caf17f87a1051504791002c8786/ ctx=00 hops=2
[tp] link_proof_tx dst=/6dee4caf17f87a1051504791002c8786/ link_id=/3a80dd0db1e4101c001624adec493c71/
[tp] link_data dst=/3a80dd0db1e4101c001624adec493c71/ ctx=fe len=64
[tp] link_data dst=/3a80dd0db1e4101c001624adec493c71/ ctx=fb len=192
[link] data_plain len=128 preview=586528998cc5cb6f63d677614052350359a4eaac0310a30853a9bed5643f890d
[tp] link_data dst=/dfacfdb50b7e3db86be0fda5cbfcc02d/ ctx=fc len=80
[tp] path_request dest=/e233d8d7e9c5f61419d45138ef0d90ff/ iface=/d86e8112f3c4c4442126f8e9f44f1686/
[tp] path_request dest=/58681bf71893d092811b7b97b6f767cf/ iface=/d86e8112f3c4c4442126f8e9f44f1686/
[tp] link_request dst=/6dee4caf17f87a1051504791002c8786/ ctx=00 hops=2
[tp] link_proof_tx dst=/6dee4caf17f87a1051504791002c8786/ link_id=/21863941d23032cb2d7c42f4d1985257/
[tp] path_request dest=/fc359d5aabd3ebea14c35f45db89e8b6/ iface=/d86e8112f3c4c4442126f8e9f44f1686/
[tp] link_data dst=/21863941d23032cb2d7c42f4d1985257/ ctx=fe len=64
[tp] link_data dst=/21863941d23032cb2d7c42f4d1985257/ ctx=fb len=192
[link] data_plain len=128 preview=c757c88946ae81f0974a33437ab209bac39469edc778f04bc7c155cdb8ea1441
[tp] path_request dest=/a3dfea289534e4b2d0f5730310eebd99/ iface=/d86e8112f3c4c4442126f8e9f44f1686/
[tp] path_request dest=/0ffa0968a18cb499c260e774cd3d9f28/ iface=/d86e8112f3c4c4442126f8e9f44f1686/
[tp] path_request dest=/61b8ef0c7bf85702918e800a9b082657/ iface=/d86e8112f3c4c4442126f8e9f44f1686/
[tp] path_request dest=/bd4090bc8e1eddbb7b2bf54494c64a46/ iface=/d86e8112f3c4c4442126f8e9f44f1686/
[tp] link_data dst=/3a80dd0db1e4101c001624adec493c71/ ctx=08 len=32
[tp] link_data dst=/21863941d23032cb2d7c42f4d1985257/ ctx=fc len=80
[tp] path_request dest=/b8bbfff472fe128873c9395a3ff8b353/ iface=/d86e8112f3c4c4442126f8e9f44f1686/
[tp] link_request dst=/6dee4caf17f87a1051504791002c8786/ ctx=00 hops=2
[tp] link_proof_tx dst=/6dee4caf17f87a1051504791002c8786/ link_id=/1bdfd1e880901936e7bb7b7d61144030/
[tp] link_data dst=/1bdfd1e880901936e7bb7b7d61144030/ ctx=fe len=64
[tp] link_data dst=/1bdfd1e880901936e7bb7b7d61144030/ ctx=fb len=192
[link] data_plain len=128 preview=722fe51808e9a53c865100a3d27a9490d79d892a18343cef7df37d080fa80170
[tp] path_request dest=/965511769c059271e655c503e810a670/ iface=/d86e8112f3c4c4442126f8e9f44f1686/
[tp] link_request dst=/6dee4caf17f87a1051504791002c8786/ ctx=00 hops=2
[tp] link_proof_tx dst=/6dee4caf17f87a1051504791002c8786/ link_id=/3fc79872407354bd964e44caf5d4747c/
[tp] link_data dst=/3fc79872407354bd964e44caf5d4747c/ ctx=fe len=64
[tp] link_data dst=/3fc79872407354bd964e44caf5d4747c/ ctx=fb len=192
[link] data_plain len=128 preview=cc343d204fc536882689c77cbddfe144b3cf8abc90165e8a859ee48a492f4b0c
[tp] path_request dest=/0769357259e48819ea9194b6230b2cef/ iface=/d86e8112f3c4c4442126f8e9f44f1686/
[tp] link_data dst=/3a80dd0db1e4101c001624adec493c71/ ctx=06 len=96
[tp] link_data dst=/3a80dd0db1e4101c001624adec493c71/ ctx=fc len=80
[tp] link_data dst=/1bdfd1e880901936e7bb7b7d61144030/ ctx=08 len=32
[tp] link_data dst=/3fc79872407354bd964e44caf5d4747c/ ctx=08 len=32
[tp] link_request dst=/6dee4caf17f87a1051504791002c8786/ ctx=00 hops=2
[tp] link_proof_tx dst=/6dee4caf17f87a1051504791002c8786/ link_id=/ddfd7d26680ba13fb4a4f5ddd8f74e8b/
[tp] link_data dst=/ddfd7d26680ba13fb4a4f5ddd8f74e8b/ ctx=fe len=64
[tp] link_data dst=/ddfd7d26680ba13fb4a4f5ddd8f74e8b/ ctx=fb len=192
[link] data_plain len=128 preview=c757c88946ae81f0974a33437ab209bac39469edc778f04bc7c155cdb8ea1441
[tp] path_request dest=/995cc3851347f138f51af73d182d5e1d/ iface=/d86e8112f3c4c4442126f8e9f44f1686/
[tp] path_request dest=/8f396811d9d704a0237e09103ddec1eb/ iface=/d86e8112f3c4c4442126f8e9f44f1686/
[tp] path_request dest=/f8de3e21f2b92e8eb4bb505f1e1381c4/ iface=/d86e8112f3c4c4442126f8e9f44f1686/
[tp] link_data dst=/ddfd7d26680ba13fb4a4f5ddd8f74e8b/ ctx=fc len=80
[tp] path_request dest=/164c25505b1f19d8326fc0d69ca15b4d/ iface=/d86e8112f3c4c4442126f8e9f44f1686/
[tp] link_request dst=/6dee4caf17f87a1051504791002c8786/ ctx=00 hops=2
[tp] link_proof_tx dst=/6dee4caf17f87a1051504791002c8786/ link_id=/e8660d61bd690468d84ee030e2dea37c/
[tp] link_data dst=/e8660d61bd690468d84ee030e2dea37c/ ctx=fe len=64
[tp] link_data dst=/e8660d61bd690468d84ee030e2dea37c/ ctx=fb len=192
[link] data_plain len=128 preview=586528998cc5cb6f63d677614052350359a4eaac0310a30853a9bed5643f890d
[tp] path_request dest=/b8bbfff472fe128873c9395a3ff8b353/ iface=/d86e8112f3c4c4442126f8e9f44f1686/
[tp] link_request dst=/6dee4caf17f87a1051504791002c8786/ ctx=00 hops=2
[tp] link_proof_tx dst=/6dee4caf17f87a1051504791002c8786/ link_id=/eadbfa6945c46d36fea2a10ec73cea90/
[tp] link_data dst=/eadbfa6945c46d36fea2a10ec73cea90/ ctx=fe len=64
[tp] link_data dst=/eadbfa6945c46d36fea2a10ec73cea90/ ctx=fb len=192
[link] data_plain len=128 preview=c757c88946ae81f0974a33437ab209bac39469edc778f04bc7c155cdb8ea1441
[tp] path_request dest=/a3dfea289534e4b2d0f5730310eebd99/ iface=/d86e8112f3c4c4442126f8e9f44f1686/
[tp] link_data dst=/3fc79872407354bd964e44caf5d4747c/ ctx=06 len=96
[tp] link_data dst=/3fc79872407354bd964e44caf5d4747c/ ctx=fc len=80
[tp] path_request dest=/12cb1ed29943213839f0b0d18cd42761/ iface=/d86e8112f3c4c4442126f8e9f44f1686/
[tp] path_request dest=/58681bf71893d092811b7b97b6f767cf/ iface=/d86e8112f3c4c4442126f8e9f44f1686/
[tp] path_request dest=/e233d8d7e9c5f61419d45138ef0d90ff/ iface=/d86e8112f3c4c4442126f8e9f44f1686/
[tp] link_data dst=/eadbfa6945c46d36fea2a10ec73cea90/ ctx=fc len=80
[tp] path_request dest=/bd4090bc8e1eddbb7b2bf54494c64a46/ iface=/d86e8112f3c4c4442126f8e9f44f1686/
[tp] link_request dst=/6dee4caf17f87a1051504791002c8786/ ctx=00 hops=3
[tp] link_proof_tx dst=/6dee4caf17f87a1051504791002c8786/ link_id=/c34dcefa948efc7bff41e881720c9868/
[tp] link_data dst=/c34dcefa948efc7bff41e881720c9868/ ctx=fe len=64
[tp] link_data dst=/c34dcefa948efc7bff41e881720c9868/ ctx=fb len=192
[link] data_plain len=128 preview=caeb241290061ad1380b094471a8ab92b78aeb000a7b67d3c3af96b3825f2026
[tp] link_request dst=/6dee4caf17f87a1051504791002c8786/ ctx=00 hops=3
[tp] link_proof_tx dst=/6dee4caf17f87a1051504791002c8786/ link_id=/c0cfcfff2cfc15036030c2031cc5d785/
[tp] link_data dst=/c0cfcfff2cfc15036030c2031cc5d785/ ctx=fe len=64
[tp] link_data dst=/c0cfcfff2cfc15036030c2031cc5d785/ ctx=fb len=192
[link] data_plain len=128 preview=165580b392d784065c59ad07cd08fc45bc816426f454e09170b261c23bb2fc72
[tp] link_data dst=/e8660d61bd690468d84ee030e2dea37c/ ctx=08 len=32
[tp] link_data dst=/1bdfd1e880901936e7bb7b7d61144030/ ctx=06 len=96
[tp] link_data dst=/1bdfd1e880901936e7bb7b7d61144030/ ctx=fc len=80
[tp] link_request dst=/6dee4caf17f87a1051504791002c8786/ ctx=00 hops=2
[tp] link_proof_tx dst=/6dee4caf17f87a1051504791002c8786/ link_id=/f472510ceb9d76007ff82391eb2fc475/
[tp] link_data dst=/f472510ceb9d76007ff82391eb2fc475/ ctx=fe len=64
[tp] link_data dst=/f472510ceb9d76007ff82391eb2fc475/ ctx=fb len=192
[link] data_plain len=128 preview=c757c88946ae81f0974a33437ab209bac39469edc778f04bc7c155cdb8ea1441
[tp] path_request dest=/b8bbfff472fe128873c9395a3ff8b353/ iface=/d86e8112f3c4c4442126f8e9f44f1686/
[tp] link_data dst=/c0cfcfff2cfc15036030c2031cc5d785/ ctx=fc len=80
[tp] link_data dst=/c34dcefa948efc7bff41e881720c9868/ ctx=08 len=32
[tp] path_request dest=/b18bb3d4ac56c99c5ee4791d79496ca2/ iface=/d86e8112f3c4c4442126f8e9f44f1686/
[tp] link_data dst=/f472510ceb9d76007ff82391eb2fc475/ ctx=fc len=80
[tp] path_request dest=/9d042bb2fe148926ebeb9186bc8ffc1a/ iface=/d86e8112f3c4c4442126f8e9f44f1686/
[tp] link_data dst=/e8660d61bd690468d84ee030e2dea37c/ ctx=06 len=96
[tp] link_data dst=/e8660d61bd690468d84ee030e2dea37c/ ctx=fc len=80
[tp] path_request dest=/12cb1ed29943213839f0b0d18cd42761/ iface=/d86e8112f3c4c4442126f8e9f44f1686/
[tp] path_request dest=/783c1e79b2133e80050272a0a2054a79/ iface=/d86e8112f3c4c4442126f8e9f44f1686/
[tp] path_request dest=/995cc3851347f138f51af73d182d5e1d/ iface=/d86e8112f3c4c4442126f8e9f44f1686/
[tp] path_request dest=/e792a1b9b43cc8b95d12ecd2d1d3e8b2/ iface=/d86e8112f3c4c4442126f8e9f44f1686/
[tp] path_request dest=/b8bbfff472fe128873c9395a3ff8b353/ iface=/d86e8112f3c4c4442126f8e9f44f1686/
[tp] path_request dest=/41ad15a66352bf5201501fc1793aa70c/ iface=/d86e8112f3c4c4442126f8e9f44f1686/
[tp] path_request dest=/e233d8d7e9c5f61419d45138ef0d90ff/ iface=/d86e8112f3c4c4442126f8e9f44f1686/
[tp] link_data dst=/c34dcefa948efc7bff41e881720c9868/ ctx=06 len=96
[tp] link_data dst=/c34dcefa948efc7bff41e881720c9868/ ctx=fc len=80
[tp] link_request dst=/6dee4caf17f87a1051504791002c8786/ ctx=00 hops=2
[tp] link_proof_tx dst=/6dee4caf17f87a1051504791002c8786/ link_id=/dd79254b7cfedc134fa83478d4094967/
[tp] path_request dest=/58681bf71893d092811b7b97b6f767cf/ iface=/d86e8112f3c4c4442126f8e9f44f1686/
[tp] link_data dst=/dd79254b7cfedc134fa83478d4094967/ ctx=fe len=64
[tp] link_data dst=/dd79254b7cfedc134fa83478d4094967/ ctx=fb len=192
[link] data_plain len=128 preview=c757c88946ae81f0974a33437ab209bac39469edc778f04bc7c155cdb8ea1441
[tp] link_request dst=/6dee4caf17f87a1051504791002c8786/ ctx=00 hops=3
[tp] link_proof_tx dst=/6dee4caf17f87a1051504791002c8786/ link_id=/f52d686976b827d489f6f3e2d37707fb/
[tp] link_data dst=/f52d686976b827d489f6f3e2d37707fb/ ctx=fe len=64
[tp] link_data dst=/f52d686976b827d489f6f3e2d37707fb/ ctx=fb len=192
[link] data_plain len=128 preview=165580b392d784065c59ad07cd08fc45bc816426f454e09170b261c23bb2fc72
[tp] link_request dst=/6dee4caf17f87a1051504791002c8786/ ctx=00 hops=3
[tp] link_proof_tx dst=/6dee4caf17f87a1051504791002c8786/ link_id=/b6c83c06b80ac459e197d1cdd2ba1e20/
[tp] link_data dst=/b6c83c06b80ac459e197d1cdd2ba1e20/ ctx=fe len=64
[tp] link_data dst=/b6c83c06b80ac459e197d1cdd2ba1e20/ ctx=fb len=192
[link] data_plain len=128 preview=caeb241290061ad1380b094471a8ab92b78aeb000a7b67d3c3af96b3825f2026
[tp] path_request dest=/12cb1ed29943213839f0b0d18cd42761/ iface=/d86e8112f3c4c4442126f8e9f44f1686/
[tp] path_request dest=/4447b200737e3fead7d054e5fc58e081/ iface=/d86e8112f3c4c4442126f8e9f44f1686/
[tp] path_request dest=/2eb90d38628f1c044e818b532f76bb0e/ iface=/d86e8112f3c4c4442126f8e9f44f1686/
[tp] path_request dest=/e233d8d7e9c5f61419d45138ef0d90ff/ iface=/d86e8112f3c4c4442126f8e9f44f1686/
[tp] link_data dst=/f52d686976b827d489f6f3e2d37707fb/ ctx=fc len=80
[tp] link_data dst=/b6c83c06b80ac459e197d1cdd2ba1e20/ ctx=08 len=32
[tp] link_request dst=/6dee4caf17f87a1051504791002c8786/ ctx=00 hops=2
[tp] link_proof_tx dst=/6dee4caf17f87a1051504791002c8786/ link_id=/9c71ecc78483a1922420e87cb7f0a030/
[tp] link_data dst=/9c71ecc78483a1922420e87cb7f0a030/ ctx=fe len=64
[tp] link_data dst=/9c71ecc78483a1922420e87cb7f0a030/ ctx=fb len=192
[link] data_plain len=128 preview=35e65fe12a80ee3d00278ef932383927bd791670aa6a7f7a029c1a472045933f
[tp] path_request dest=/b8bbfff472fe128873c9395a3ff8b353/ iface=/d86e8112f3c4c4442126f8e9f44f1686/
[tp] link_request dst=/6dee4caf17f87a1051504791002c8786/ ctx=00 hops=2
[tp] link_proof_tx dst=/6dee4caf17f87a1051504791002c8786/ link_id=/b8e551e147f9c9a6b25667d217c0b3d9/
[tp] link_data dst=/b8e551e147f9c9a6b25667d217c0b3d9/ ctx=fe len=64
[tp] link_data dst=/b8e551e147f9c9a6b25667d217c0b3d9/ ctx=fb len=192
[link] data_plain len=128 preview=722fe51808e9a53c865100a3d27a9490d79d892a18343cef7df37d080fa80170
[tp] path_request dest=/e233d8d7e9c5f61419d45138ef0d90ff/ iface=/d86e8112f3c4c4442126f8e9f44f1686/
[tp] path_request dest=/0ffa0968a18cb499c260e774cd3d9f28/ iface=/d86e8112f3c4c4442126f8e9f44f1686/
[tp] path_request dest=/12cb1ed29943213839f0b0d18cd42761/ iface=/d86e8112f3c4c4442126f8e9f44f1686/
[tp] path_request dest=/995cc3851347f138f51af73d182d5e1d/ iface=/d86e8112f3c4c4442126f8e9f44f1686/
[tp] link_data dst=/b8e551e147f9c9a6b25667d217c0b3d9/ ctx=08 len=32
[tp] link_data dst=/dd79254b7cfedc134fa83478d4094967/ ctx=fc len=80
[tp] link_request dst=/6dee4caf17f87a1051504791002c8786/ ctx=00 hops=2
[tp] link_proof_tx dst=/6dee4caf17f87a1051504791002c8786/ link_id=/8a3d659f726b492b7eec70cc9dc6508c/
[tp] link_request dst=/6dee4caf17f87a1051504791002c8786/ ctx=00 hops=2
[tp] link_proof_tx dst=/6dee4caf17f87a1051504791002c8786/ link_id=/ada1d2a5bfb9f020e50a38e5f81803bf/
[tp] link_data dst=/8a3d659f726b492b7eec70cc9dc6508c/ ctx=fe len=64
[tp] link_data dst=/8a3d659f726b492b7eec70cc9dc6508c/ ctx=fb len=192
[link] data_plain len=128 preview=c757c88946ae81f0974a33437ab209bac39469edc778f04bc7c155cdb8ea1441
[tp] link_data dst=/ada1d2a5bfb9f020e50a38e5f81803bf/ ctx=fe len=64
[tp] link_data dst=/ada1d2a5bfb9f020e50a38e5f81803bf/ ctx=fb len=192
[link] data_plain len=128 preview=cc343d204fc536882689c77cbddfe144b3cf8abc90165e8a859ee48a492f4b0c
[tp] link_data dst=/b6c83c06b80ac459e197d1cdd2ba1e20/ ctx=06 len=96
[tp] link_data dst=/b6c83c06b80ac459e197d1cdd2ba1e20/ ctx=fc len=80
[tp] path_request dest=/a3dfea289534e4b2d0f5730310eebd99/ iface=/d86e8112f3c4c4442126f8e9f44f1686/
[tp] path_request dest=/e233d8d7e9c5f61419d45138ef0d90ff/ iface=/d86e8112f3c4c4442126f8e9f44f1686/
[tp] link_data dst=/8a3d659f726b492b7eec70cc9dc6508c/ ctx=fc len=80
[tp] link_data dst=/ada1d2a5bfb9f020e50a38e5f81803bf/ ctx=08 len=32
[tp] path_request dest=/bd4090bc8e1eddbb7b2bf54494c64a46/ iface=/d86e8112f3c4c4442126f8e9f44f1686/
[tp] link_request dst=/6dee4caf17f87a1051504791002c8786/ ctx=00 hops=2
[tp] link_proof_tx dst=/6dee4caf17f87a1051504791002c8786/ link_id=/c4187ff48983870e152c9bae09da9716/
[tp] link_data dst=/c4187ff48983870e152c9bae09da9716/ ctx=fe len=64
[tp] link_data dst=/c4187ff48983870e152c9bae09da9716/ ctx=fb len=192
[link] data_plain len=128 preview=c757c88946ae81f0974a33437ab209bac39469edc778f04bc7c155cdb8ea1441
[tp] path_request dest=/b8bbfff472fe128873c9395a3ff8b353/ iface=/d86e8112f3c4c4442126f8e9f44f1686/
[tp] path_request dest=/965511769c059271e655c503e810a670/ iface=/d86e8112f3c4c4442126f8e9f44f1686/
[tp] link_data dst=/b8e551e147f9c9a6b25667d217c0b3d9/ ctx=06 len=96
[tp] link_data dst=/b8e551e147f9c9a6b25667d217c0b3d9/ ctx=fc len=80
[tp] link_data dst=/c4187ff48983870e152c9bae09da9716/ ctx=fc len=80
[tp] path_request dest=/b18bb3d4ac56c99c5ee4791d79496ca2/ iface=/d86e8112f3c4c4442126f8e9f44f1686/
[tp] path_request dest=/12cb1ed29943213839f0b0d18cd42761/ iface=/d86e8112f3c4c4442126f8e9f44f1686/
[tp] link_request dst=/6dee4caf17f87a1051504791002c8786/ ctx=00 hops=2
[tp] link_proof_tx dst=/6dee4caf17f87a1051504791002c8786/ link_id=/8bc41cfe7e6958720f4c08f7a3f166be/
[tp] link_data dst=/9c71ecc78483a1922420e87cb7f0a030/ ctx=fa len=1
[tp] link_data dst=/8bc41cfe7e6958720f4c08f7a3f166be/ ctx=fe len=64
[tp] link_data dst=/8bc41cfe7e6958720f4c08f7a3f166be/ ctx=fb len=192
[link] data_plain len=128 preview=c757c88946ae81f0974a33437ab209bac39469edc778f04bc7c155cdb8ea1441
[tp] link_data dst=/ada1d2a5bfb9f020e50a38e5f81803bf/ ctx=06 len=96
[tp] link_data dst=/ada1d2a5bfb9f020e50a38e5f81803bf/ ctx=fc len=80
[tp] path_request dest=/995cc3851347f138f51af73d182d5e1d/ iface=/d86e8112f3c4c4442126f8e9f44f1686/
[tp] path_request dest=/58681bf71893d092811b7b97b6f767cf/ iface=/d86e8112f3c4c4442126f8e9f44f1686/
[tp] path_request dest=/74dcb56f61527c495484771b7ebebb3e/ iface=/d86e8112f3c4c4442126f8e9f44f1686/
[tp] link_request dst=/6dee4caf17f87a1051504791002c8786/ ctx=00 hops=2
[tp] link_proof_tx dst=/6dee4caf17f87a1051504791002c8786/ link_id=/23c08106e9b628a21a3ebe96fab95561/
[tp] link_data dst=/8bc41cfe7e6958720f4c08f7a3f166be/ ctx=fc len=80
[tp] link_data dst=/23c08106e9b628a21a3ebe96fab95561/ ctx=fe len=64
[tp] link_data dst=/23c08106e9b628a21a3ebe96fab95561/ ctx=fb len=192
[link] data_plain len=128 preview=722fe51808e9a53c865100a3d27a9490d79d892a18343cef7df37d080fa80170
[tp] link_request dst=/6dee4caf17f87a1051504791002c8786/ ctx=00 hops=3
[tp] link_proof_tx dst=/6dee4caf17f87a1051504791002c8786/ link_id=/39319545680aa8406946498d2e89c49f/
[tp] link_request dst=/6dee4caf17f87a1051504791002c8786/ ctx=00 hops=2
[tp] link_proof_tx dst=/6dee4caf17f87a1051504791002c8786/ link_id=/e5914584c56c5ff1872d293ce17cf8c2/
[tp] link_data dst=/39319545680aa8406946498d2e89c49f/ ctx=fe len=64
[tp] link_data dst=/39319545680aa8406946498d2e89c49f/ ctx=fb len=192
[link] data_plain len=128 preview=caeb241290061ad1380b094471a8ab92b78aeb000a7b67d3c3af96b3825f2026
[tp] link_data dst=/e5914584c56c5ff1872d293ce17cf8c2/ ctx=fe len=64
[tp] link_data dst=/e5914584c56c5ff1872d293ce17cf8c2/ ctx=fb len=192
[link] data_plain len=128 preview=cc343d204fc536882689c77cbddfe144b3cf8abc90165e8a859ee48a492f4b0c
[tp] path_request dest=/c077d6b4bf557e71faebf52aa54a74d2/ iface=/d86e8112f3c4c4442126f8e9f44f1686/
[tp] path_request dest=/a3dfea289534e4b2d0f5730310eebd99/ iface=/d86e8112f3c4c4442126f8e9f44f1686/
[tp] link_request dst=/6dee4caf17f87a1051504791002c8786/ ctx=00 hops=2
[tp] link_proof_tx dst=/6dee4caf17f87a1051504791002c8786/ link_id=/8ad8d599b95a9c0baa5ecbfe3ac7d58b/
[tp] link_data dst=/8ad8d599b95a9c0baa5ecbfe3ac7d58b/ ctx=fe len=64
[tp] link_data dst=/8ad8d599b95a9c0baa5ecbfe3ac7d58b/ ctx=fb len=192
[link] data_plain len=128 preview=586528998cc5cb6f63d677614052350359a4eaac0310a30853a9bed5643f890d
[tp] path_request dest=/540c608007597e56524853ff05e73b5d/ iface=/d86e8112f3c4c4442126f8e9f44f1686/
[tp] link_data dst=/23c08106e9b628a21a3ebe96fab95561/ ctx=08 len=32
[tp] path_request dest=/12cb1ed29943213839f0b0d18cd42761/ iface=/d86e8112f3c4c4442126f8e9f44f1686/
[tp] path_request dest=/b8bbfff472fe128873c9395a3ff8b353/ iface=/d86e8112f3c4c4442126f8e9f44f1686/
[tp] link_data dst=/9c71ecc78483a1922420e87cb7f0a030/ ctx=06 len=96
[tp] link_data dst=/9c71ecc78483a1922420e87cb7f0a030/ ctx=fc len=80
[tp] link_data dst=/e5914584c56c5ff1872d293ce17cf8c2/ ctx=08 len=32
[tp] link_request dst=/6dee4caf17f87a1051504791002c8786/ ctx=00 hops=2
[tp] link_proof_tx dst=/6dee4caf17f87a1051504791002c8786/ link_id=/eff34c7561ef3d50c59af56d18aa9484/
[tp] link_data dst=/eff34c7561ef3d50c59af56d18aa9484/ ctx=fe len=64
[tp] link_data dst=/eff34c7561ef3d50c59af56d18aa9484/ ctx=fb len=192
[link] data_plain len=128 preview=35e65fe12a80ee3d00278ef932383927bd791670aa6a7f7a029c1a472045933f
[tp] link_request dst=/6dee4caf17f87a1051504791002c8786/ ctx=00 hops=2
[tp] link_proof_tx dst=/6dee4caf17f87a1051504791002c8786/ link_id=/f0a4169282de00ea7e07e81c9f9343e5/
[tp] link_data dst=/f0a4169282de00ea7e07e81c9f9343e5/ ctx=fe len=64
[tp] link_data dst=/f0a4169282de00ea7e07e81c9f9343e5/ ctx=fb len=192
[link] data_plain len=128 preview=c757c88946ae81f0974a33437ab209bac39469edc778f04bc7c155cdb8ea1441
[tp] path_request dest=/b18bb3d4ac56c99c5ee4791d79496ca2/ iface=/d86e8112f3c4c4442126f8e9f44f1686/
[tp] link_data dst=/8ad8d599b95a9c0baa5ecbfe3ac7d58b/ ctx=08 len=32
[tp] link_request dst=/6dee4caf17f87a1051504791002c8786/ ctx=00 hops=3
[tp] link_proof_tx dst=/6dee4caf17f87a1051504791002c8786/ link_id=/f67c4573adb2909ef4316b22b4f34194/
[tp] link_data dst=/f67c4573adb2909ef4316b22b4f34194/ ctx=fe len=64
[tp] link_data dst=/f67c4573adb2909ef4316b22b4f34194/ ctx=fb len=192
[link] data_plain len=128 preview=165580b392d784065c59ad07cd08fc45bc816426f454e09170b261c23bb2fc72
[tp] link_data dst=/39319545680aa8406946498d2e89c49f/ ctx=08 len=32
[tp] link_data dst=/f0a4169282de00ea7e07e81c9f9343e5/ ctx=fc len=80
[tp] path_request dest=/b4cadf9552194c3fc6096bd42dea35f9/ iface=/d86e8112f3c4c4442126f8e9f44f1686/
[tp] link_data dst=/f67c4573adb2909ef4316b22b4f34194/ ctx=fc len=80
[tp] link_data dst=/23c08106e9b628a21a3ebe96fab95561/ ctx=06 len=96
[tp] link_data dst=/23c08106e9b628a21a3ebe96fab95561/ ctx=fc len=80
[tp] link_data dst=/39319545680aa8406946498d2e89c49f/ ctx=06 len=96
[tp] link_data dst=/39319545680aa8406946498d2e89c49f/ ctx=fc len=80
[tp] link_data dst=/e5914584c56c5ff1872d293ce17cf8c2/ ctx=06 len=96
[tp] link_data dst=/e5914584c56c5ff1872d293ce17cf8c2/ ctx=fc len=80
[tp] link_request dst=/6dee4caf17f87a1051504791002c8786/ ctx=00 hops=2
[tp] link_proof_tx dst=/6dee4caf17f87a1051504791002c8786/ link_id=/9e802b5b821635372b4745801fd24a88/
[tp] link_data dst=/9e802b5b821635372b4745801fd24a88/ ctx=fe len=64
[tp] link_data dst=/9e802b5b821635372b4745801fd24a88/ ctx=fb len=192
[link] data_plain len=128 preview=722fe51808e9a53c865100a3d27a9490d79d892a18343cef7df37d080fa80170
[tp] path_request dest=/995cc3851347f138f51af73d182d5e1d/ iface=/d86e8112f3c4c4442126f8e9f44f1686/
[tp] path_request dest=/8de366fd93abe247edbd4433275538b9/ iface=/d86e8112f3c4c4442126f8e9f44f1686/
[tp] link_request dst=/6dee4caf17f87a1051504791002c8786/ ctx=00 hops=3
[tp] link_proof_tx dst=/6dee4caf17f87a1051504791002c8786/ link_id=/1f61ba61d60ba211bb016600ba176549/
[tp] path_request dest=/12cb1ed29943213839f0b0d18cd42761/ iface=/d86e8112f3c4c4442126f8e9f44f1686/
[tp] path_request dest=/c11629bc8f0a0c4570588fd987770315/ iface=/d86e8112f3c4c4442126f8e9f44f1686/
[tp] link_data dst=/8ad8d599b95a9c0baa5ecbfe3ac7d58b/ ctx=06 len=96
[tp] link_data dst=/8ad8d599b95a9c0baa5ecbfe3ac7d58b/ ctx=fc len=80
[tp] link_request dst=/6dee4caf17f87a1051504791002c8786/ ctx=00 hops=3
[tp] link_proof_tx dst=/6dee4caf17f87a1051504791002c8786/ link_id=/500c7a3f38fbe979bd1baa8140c029c2/
[tp] link_data dst=/500c7a3f38fbe979bd1baa8140c029c2/ ctx=fe len=64
[tp] link_data dst=/500c7a3f38fbe979bd1baa8140c029c2/ ctx=fb len=192
[link] data_plain len=128 preview=caeb241290061ad1380b094471a8ab92b78aeb000a7b67d3c3af96b3825f2026
[tp] link_data dst=/9e802b5b821635372b4745801fd24a88/ ctx=08 len=32
[tp] path_request dest=/b8bbfff472fe128873c9395a3ff8b353/ iface=/d86e8112f3c4c4442126f8e9f44f1686/
[tp] path_request dest=/a3dfea289534e4b2d0f5730310eebd99/ iface=/d86e8112f3c4c4442126f8e9f44f1686/
[tp] path_request dest=/b18bb3d4ac56c99c5ee4791d79496ca2/ iface=/d86e8112f3c4c4442126f8e9f44f1686/
[tp] link_data dst=/1f61ba61d60ba211bb016600ba176549/ ctx=fe len=64
[tp] link_data dst=/1f61ba61d60ba211bb016600ba176549/ ctx=fb len=192
[tp] path_request dest=/c5210cdf7fda275c7f978533ec4ece80/ iface=/d86e8112f3c4c4442126f8e9f44f1686/
[tp] link_data dst=/500c7a3f38fbe979bd1baa8140c029c2/ ctx=08 len=32
[tp] path_request dest=/6fe58e1d906d9f448b53533f0f2b7457/ iface=/d86e8112f3c4c4442126f8e9f44f1686/
[tp] path_request dest=/12cb1ed29943213839f0b0d18cd42761/ iface=/d86e8112f3c4c4442126f8e9f44f1686/
[tp] link_data dst=/9e802b5b821635372b4745801fd24a88/ ctx=06 len=96
[tp] link_data dst=/9e802b5b821635372b4745801fd24a88/ ctx=fc len=80
[tp] path_request dest=/fe31e0d7035514e397387b92a5bc8171/ iface=/d86e8112f3c4c4442126f8e9f44f1686/
[tp] link_data dst=/eff34c7561ef3d50c59af56d18aa9484/ ctx=fa len=1
[tp] link_data dst=/500c7a3f38fbe979bd1baa8140c029c2/ ctx=06 len=96
[tp] link_data dst=/500c7a3f38fbe979bd1baa8140c029c2/ ctx=fc len=80
[tp] path_request dest=/0ffa0968a18cb499c260e774cd3d9f28/ iface=/d86e8112f3c4c4442126f8e9f44f1686/
[tp] path_request dest=/995cc3851347f138f51af73d182d5e1d/ iface=/d86e8112f3c4c4442126f8e9f44f1686/
[tp] path_request dest=/b8bbfff472fe128873c9395a3ff8b353/ iface=/d86e8112f3c4c4442126f8e9f44f1686/
[tp] path_request dest=/58681bf71893d092811b7b97b6f767cf/ iface=/d86e8112f3c4c4442126f8e9f44f1686/
[tp] path_request dest=/04b15fcd28ec8ed7fab945cc9d082dd3/ iface=/d86e8112f3c4c4442126f8e9f44f1686/
[tp] link_request dst=/6dee4caf17f87a1051504791002c8786/ ctx=00 hops=2
[tp] link_proof_tx dst=/6dee4caf17f87a1051504791002c8786/ link_id=/eb446b85c12ce59177c3de5f38a7612a/
[tp] link_data dst=/eb446b85c12ce59177c3de5f38a7612a/ ctx=fe len=64
[tp] link_data dst=/eb446b85c12ce59177c3de5f38a7612a/ ctx=fb len=192
[link] data_plain len=128 preview=cc343d204fc536882689c77cbddfe144b3cf8abc90165e8a859ee48a492f4b0c
[tp] path_request dest=/b18bb3d4ac56c99c5ee4791d79496ca2/ iface=/d86e8112f3c4c4442126f8e9f44f1686/
[tp] link_request dst=/6dee4caf17f87a1051504791002c8786/ ctx=00 hops=2
[tp] link_proof_tx dst=/6dee4caf17f87a1051504791002c8786/ link_id=/1c3f0d147af5348dd4db4f02747631d3/
[tp] link_data dst=/1c3f0d147af5348dd4db4f02747631d3/ ctx=fe len=64
[tp] link_data dst=/1c3f0d147af5348dd4db4f02747631d3/ ctx=fb len=192
[link] data_plain len=128 preview=722fe51808e9a53c865100a3d27a9490d79d892a18343cef7df37d080fa80170
[tp] link_request dst=/6dee4caf17f87a1051504791002c8786/ ctx=00 hops=3
[tp] link_proof_tx dst=/6dee4caf17f87a1051504791002c8786/ link_id=/4259ed678fda08e988ebe8e5494fb5c6/
[tp] link_data dst=/eff34c7561ef3d50c59af56d18aa9484/ ctx=06 len=96
[tp] link_data dst=/eff34c7561ef3d50c59af56d18aa9484/ ctx=fc len=80
[tp] link_data dst=/4259ed678fda08e988ebe8e5494fb5c6/ ctx=fe len=64
[tp] link_data dst=/4259ed678fda08e988ebe8e5494fb5c6/ ctx=fb len=192
[link] data_plain len=128 preview=caeb241290061ad1380b094471a8ab92b78aeb000a7b67d3c3af96b3825f2026
[tp] path_request dest=/12cb1ed29943213839f0b0d18cd42761/ iface=/d86e8112f3c4c4442126f8e9f44f1686/
[tp] path_request dest=/a3dfea289534e4b2d0f5730310eebd99/ iface=/d86e8112f3c4c4442126f8e9f44f1686/
[tp] link_data dst=/eb446b85c12ce59177c3de5f38a7612a/ ctx=08 len=32
[tp] link_data dst=/1c3f0d147af5348dd4db4f02747631d3/ ctx=08 len=32
[tp] link_data dst=/4259ed678fda08e988ebe8e5494fb5c6/ ctx=08 len=32
[tp] path_request dest=/c5210cdf7fda275c7f978533ec4ece80/ iface=/d86e8112f3c4c4442126f8e9f44f1686/
[tp] path_request dest=/2eb90d38628f1c044e818b532f76bb0e/ iface=/d86e8112f3c4c4442126f8e9f44f1686/
[tp] path_request dest=/cd6065d748509609cb92f37e43ed0576/ iface=/d86e8112f3c4c4442126f8e9f44f1686/
[tp] path_request dest=/12cb1ed29943213839f0b0d18cd42761/ iface=/d86e8112f3c4c4442126f8e9f44f1686/
[tp] path_request dest=/b8bbfff472fe128873c9395a3ff8b353/ iface=/d86e8112f3c4c4442126f8e9f44f1686/
[tp] link_data dst=/eb446b85c12ce59177c3de5f38a7612a/ ctx=06 len=96
[tp] link_data dst=/eb446b85c12ce59177c3de5f38a7612a/ ctx=fc len=80
[tp] path_request dest=/2eb90d38628f1c044e818b532f76bb0e/ iface=/d86e8112f3c4c4442126f8e9f44f1686/
[tp] path_request dest=/84e572eae7ff6533903f9e3dca613b21/ iface=/d86e8112f3c4c4442126f8e9f44f1686/
[tp] link_data dst=/1c3f0d147af5348dd4db4f02747631d3/ ctx=06 len=96
[tp] link_data dst=/1c3f0d147af5348dd4db4f02747631d3/ ctx=fc len=80
[tp] link_data dst=/4259ed678fda08e988ebe8e5494fb5c6/ ctx=06 len=96
[tp] link_data dst=/4259ed678fda08e988ebe8e5494fb5c6/ ctx=fc len=80
[tp] path_request dest=/f8de3e21f2b92e8eb4bb505f1e1381c4/ iface=/d86e8112f3c4c4442126f8e9f44f1686/
[tp] path_request dest=/b18bb3d4ac56c99c5ee4791d79496ca2/ iface=/d86e8112f3c4c4442126f8e9f44f1686/
[tp] path_request dest=/995cc3851347f138f51af73d182d5e1d/ iface=/d86e8112f3c4c4442126f8e9f44f1686/
[tp] path_request dest=/cd6065d748509609cb92f37e43ed0576/ iface=/d86e8112f3c4c4442126f8e9f44f1686/
[tp] link_request dst=/6dee4caf17f87a1051504791002c8786/ ctx=00 hops=2
[tp] link_proof_tx dst=/6dee4caf17f87a1051504791002c8786/ link_id=/8c744f5ab12089a838db7a04efd6c274/
[tp] link_data dst=/8c744f5ab12089a838db7a04efd6c274/ ctx=fe len=64
[tp] link_data dst=/8c744f5ab12089a838db7a04efd6c274/ ctx=fb len=192
[link] data_plain len=128 preview=722fe51808e9a53c865100a3d27a9490d79d892a18343cef7df37d080fa80170
[tp] path_request dest=/965511769c059271e655c503e810a670/ iface=/d86e8112f3c4c4442126f8e9f44f1686/
[tp] path_request dest=/b4508c693ae1ddc6a0d472977be93bfc/ iface=/d86e8112f3c4c4442126f8e9f44f1686/
[tp] path_request dest=/12cb1ed29943213839f0b0d18cd42761/ iface=/d86e8112f3c4c4442126f8e9f44f1686/
[tp] link_data dst=/8c744f5ab12089a838db7a04efd6c274/ ctx=08 len=32
[tp] link_request dst=/6dee4caf17f87a1051504791002c8786/ ctx=00 hops=2
[tp] link_proof_tx dst=/6dee4caf17f87a1051504791002c8786/ link_id=/cd005f5dc2c0ebcf6c775b2f893833d9/
[tp] link_data dst=/cd005f5dc2c0ebcf6c775b2f893833d9/ ctx=fe len=64
[tp] link_data dst=/cd005f5dc2c0ebcf6c775b2f893833d9/ ctx=fb len=192
[link] data_plain len=128 preview=c757c88946ae81f0974a33437ab209bac39469edc778f04bc7c155cdb8ea1441
[tp] path_request dest=/b8bbfff472fe128873c9395a3ff8b353/ iface=/d86e8112f3c4c4442126f8e9f44f1686/
[tp] path_request dest=/540c608007597e56524853ff05e73b5d/ iface=/d86e8112f3c4c4442126f8e9f44f1686/
[tp] link_data dst=/cd005f5dc2c0ebcf6c775b2f893833d9/ ctx=fc len=80
[tp] path_request dest=/f8de3e21f2b92e8eb4bb505f1e1381c4/ iface=/d86e8112f3c4c4442126f8e9f44f1686/
[tp] link_data dst=/1f61ba61d60ba211bb016600ba176549/ ctx=fc len=80
[tp] path_request dest=/bd4090bc8e1eddbb7b2bf54494c64a46/ iface=/d86e8112f3c4c4442126f8e9f44f1686/
[tp] path_request dest=/995cc3851347f138f51af73d182d5e1d/ iface=/d86e8112f3c4c4442126f8e9f44f1686/
[tp] link_data dst=/8c744f5ab12089a838db7a04efd6c274/ ctx=06 len=96
[tp] link_data dst=/8c744f5ab12089a838db7a04efd6c274/ ctx=fc len=80
[tp] path_request dest=/d9a4296c02b1208fad2b4ac5c08af067/ iface=/d86e8112f3c4c4442126f8e9f44f1686/
[tp] link_request dst=/6dee4caf17f87a1051504791002c8786/ ctx=00 hops=2
[tp] link_proof_tx dst=/6dee4caf17f87a1051504791002c8786/ link_id=/4e489a0d4547f69260f8bb853288e090/
[tp] link_data dst=/4e489a0d4547f69260f8bb853288e090/ ctx=fe len=64
[tp] link_data dst=/4e489a0d4547f69260f8bb853288e090/ ctx=fb len=192
[link] data_plain len=128 preview=cc343d204fc536882689c77cbddfe144b3cf8abc90165e8a859ee48a492f4b0c
[tp] path_request dest=/12cb1ed29943213839f0b0d18cd42761/ iface=/d86e8112f3c4c4442126f8e9f44f1686/
[tp] link_request dst=/6dee4caf17f87a1051504791002c8786/ ctx=00 hops=2
[tp] link_proof_tx dst=/6dee4caf17f87a1051504791002c8786/ link_id=/f865db0f36c1b17cd80136e97a1b9288/
[tp] link_data dst=/f865db0f36c1b17cd80136e97a1b9288/ ctx=fe len=64
[tp] link_data dst=/f865db0f36c1b17cd80136e97a1b9288/ ctx=fb len=192
[link] data_plain len=128 preview=722fe51808e9a53c865100a3d27a9490d79d892a18343cef7df37d080fa80170
[tp] path_request dest=/a3dfea289534e4b2d0f5730310eebd99/ iface=/d86e8112f3c4c4442126f8e9f44f1686/
[tp] path_request dest=/bd4090bc8e1eddbb7b2bf54494c64a46/ iface=/d86e8112f3c4c4442126f8e9f44f1686/
[tp] link_data dst=/4e489a0d4547f69260f8bb853288e090/ ctx=08 len=32
[tp] path_request dest=/b8bbfff472fe128873c9395a3ff8b353/ iface=/d86e8112f3c4c4442126f8e9f44f1686/
[tp] link_data dst=/f865db0f36c1b17cd80136e97a1b9288/ ctx=08 len=32
[tp] link_request dst=/6dee4caf17f87a1051504791002c8786/ ctx=00 hops=3
[tp] link_proof_tx dst=/6dee4caf17f87a1051504791002c8786/ link_id=/5dba9817c4df2fe38a02245e4b7ab9fe/
[tp] link_data dst=/5dba9817c4df2fe38a02245e4b7ab9fe/ ctx=fe len=64
[tp] link_data dst=/5dba9817c4df2fe38a02245e4b7ab9fe/ ctx=fb len=192
[link] data_plain len=128 preview=165580b392d784065c59ad07cd08fc45bc816426f454e09170b261c23bb2fc72
[tp] path_request dest=/b18bb3d4ac56c99c5ee4791d79496ca2/ iface=/d86e8112f3c4c4442126f8e9f44f1686/
[tp] path_request dest=/e233d8d7e9c5f61419d45138ef0d90ff/ iface=/d86e8112f3c4c4442126f8e9f44f1686/
[tp] link_request dst=/6dee4caf17f87a1051504791002c8786/ ctx=00 hops=2
[tp] link_proof_tx dst=/6dee4caf17f87a1051504791002c8786/ link_id=/b2124837259121f79de65dfca0cf97b5/
[tp] link_data dst=/b2124837259121f79de65dfca0cf97b5/ ctx=fe len=64
[tp] link_data dst=/b2124837259121f79de65dfca0cf97b5/ ctx=fb len=192
[link] data_plain len=128 preview=35e65fe12a80ee3d00278ef932383927bd791670aa6a7f7a029c1a472045933f
[tp] path_request dest=/0ffa0968a18cb499c260e774cd3d9f28/ iface=/d86e8112f3c4c4442126f8e9f44f1686/
[tp] link_data dst=/5dba9817c4df2fe38a02245e4b7ab9fe/ ctx=fc len=80
[tp] path_request dest=/12cb1ed29943213839f0b0d18cd42761/ iface=/d86e8112f3c4c4442126f8e9f44f1686/
[tp] path_request dest=/e792a1b9b43cc8b95d12ecd2d1d3e8b2/ iface=/d86e8112f3c4c4442126f8e9f44f1686/
[tp] link_data dst=/4e489a0d4547f69260f8bb853288e090/ ctx=06 len=96
[tp] link_data dst=/4e489a0d4547f69260f8bb853288e090/ ctx=fc len=80
[tp] link_data dst=/f865db0f36c1b17cd80136e97a1b9288/ ctx=06 len=96
[tp] link_data dst=/f865db0f36c1b17cd80136e97a1b9288/ ctx=fc len=80
[tp] path_request dest=/995cc3851347f138f51af73d182d5e1d/ iface=/d86e8112f3c4c4442126f8e9f44f1686/
[tp] path_request dest=/58681bf71893d092811b7b97b6f767cf/ iface=/d86e8112f3c4c4442126f8e9f44f1686/
[tp] path_request dest=/0ffa0968a18cb499c260e774cd3d9f28/ iface=/d86e8112f3c4c4442126f8e9f44f1686/
[tp] path_request dest=/b8bbfff472fe128873c9395a3ff8b353/ iface=/d86e8112f3c4c4442126f8e9f44f1686/
[tp] path_request dest=/a3dfea289534e4b2d0f5730310eebd99/ iface=/d86e8112f3c4c4442126f8e9f44f1686/
[tp] link_request dst=/6dee4caf17f87a1051504791002c8786/ ctx=00 hops=3
[tp] link_proof_tx dst=/6dee4caf17f87a1051504791002c8786/ link_id=/2daa2423ba6e225984222f20229c9d42/
[tp] link_data dst=/2daa2423ba6e225984222f20229c9d42/ ctx=fe len=64
[tp] link_data dst=/2daa2423ba6e225984222f20229c9d42/ ctx=fb len=192
[link] data_plain len=128 preview=caeb241290061ad1380b094471a8ab92b78aeb000a7b67d3c3af96b3825f2026
[tp] path_request dest=/12cb1ed29943213839f0b0d18cd42761/ iface=/d86e8112f3c4c4442126f8e9f44f1686/
[tp] path_request dest=/e233d8d7e9c5f61419d45138ef0d90ff/ iface=/d86e8112f3c4c4442126f8e9f44f1686/
[tp] path_request dest=/e792a1b9b43cc8b95d12ecd2d1d3e8b2/ iface=/d86e8112f3c4c4442126f8e9f44f1686/
[tp] link_request dst=/6dee4caf17f87a1051504791002c8786/ ctx=00 hops=2
[tp] link_proof_tx dst=/6dee4caf17f87a1051504791002c8786/ link_id=/c2e7920a02d5ab8161169be22ed2aa41/
[tp] link_data dst=/c2e7920a02d5ab8161169be22ed2aa41/ ctx=fe len=64
[tp] link_data dst=/c2e7920a02d5ab8161169be22ed2aa41/ ctx=fb len=192
[link] data_plain len=128 preview=c757c88946ae81f0974a33437ab209bac39469edc778f04bc7c155cdb8ea1441
[tp] link_data dst=/2daa2423ba6e225984222f20229c9d42/ ctx=08 len=32
[tp] path_request dest=/fb9aca8a82abc784d75835c1e181adde/ iface=/d86e8112f3c4c4442126f8e9f44f1686/
[tp] link_data dst=/b2124837259121f79de65dfca0cf97b5/ ctx=fa len=1
[tp] link_data dst=/c2e7920a02d5ab8161169be22ed2aa41/ ctx=fc len=80
[tp] path_request dest=/f8de3e21f2b92e8eb4bb505f1e1381c4/ iface=/d86e8112f3c4c4442126f8e9f44f1686/
[tp] link_request dst=/6dee4caf17f87a1051504791002c8786/ ctx=00 hops=3
[tp] link_proof_tx dst=/6dee4caf17f87a1051504791002c8786/ link_id=/60ba58bba55e54575fafa4e49d21138b/
[tp] link_data dst=/60ba58bba55e54575fafa4e49d21138b/ ctx=fe len=64
[tp] link_data dst=/60ba58bba55e54575fafa4e49d21138b/ ctx=fb len=192
[link] data_plain len=128 preview=165580b392d784065c59ad07cd08fc45bc816426f454e09170b261c23bb2fc72
[tp] path_request dest=/e792a1b9b43cc8b95d12ecd2d1d3e8b2/ iface=/d86e8112f3c4c4442126f8e9f44f1686/
[tp] link_request dst=/6dee4caf17f87a1051504791002c8786/ ctx=00 hops=2
[tp] link_proof_tx dst=/6dee4caf17f87a1051504791002c8786/ link_id=/0ed06638c14e977491c6f3e1499d9ddf/
[tp] link_data dst=/0ed06638c14e977491c6f3e1499d9ddf/ ctx=fe len=64
[tp] link_data dst=/0ed06638c14e977491c6f3e1499d9ddf/ ctx=fb len=192
[link] data_plain len=128 preview=c757c88946ae81f0974a33437ab209bac39469edc778f04bc7c155cdb8ea1441
[tp] path_request dest=/995cc3851347f138f51af73d182d5e1d/ iface=/d86e8112f3c4c4442126f8e9f44f1686/
[tp] link_data dst=/60ba58bba55e54575fafa4e49d21138b/ ctx=fc len=80
[tp] path_request dest=/12cb1ed29943213839f0b0d18cd42761/ iface=/d86e8112f3c4c4442126f8e9f44f1686/
[tp] link_data dst=/2daa2423ba6e225984222f20229c9d42/ ctx=06 len=96
[tp] link_data dst=/2daa2423ba6e225984222f20229c9d42/ ctx=fc len=80
[tp] path_request dest=/b8bbfff472fe128873c9395a3ff8b353/ iface=/d86e8112f3c4c4442126f8e9f44f1686/
[tp] link_data dst=/0ed06638c14e977491c6f3e1499d9ddf/ ctx=fc len=80
[tp] link_request dst=/6dee4caf17f87a1051504791002c8786/ ctx=00 hops=3
[tp] link_proof_tx dst=/6dee4caf17f87a1051504791002c8786/ link_id=/fa877d3527cfa10a48ae99c84c54928e/
[tp] link_data dst=/fa877d3527cfa10a48ae99c84c54928e/ ctx=fe len=64
[tp] link_data dst=/fa877d3527cfa10a48ae99c84c54928e/ ctx=fb len=192
[link] data_plain len=128 preview=165580b392d784065c59ad07cd08fc45bc816426f454e09170b261c23bb2fc72
[tp] path_request dest=/e792a1b9b43cc8b95d12ecd2d1d3e8b2/ iface=/d86e8112f3c4c4442126f8e9f44f1686/
[tp] link_data dst=/b2124837259121f79de65dfca0cf97b5/ ctx=06 len=96
[tp] link_data dst=/b2124837259121f79de65dfca0cf97b5/ ctx=fc len=80
[tp] path_request dest=/58681bf71893d092811b7b97b6f767cf/ iface=/d86e8112f3c4c4442126f8e9f44f1686/
[tp] path_request dest=/e3c6c8b0f7b1f8a0a0b0c0d0e0f0a1b1/ iface=/d86e8112f3c4c4442126f8e9f44f1686/
[tp] link_request dst=/6dee4caf17f87a1051504791002c8786/ ctx=00 hops=2
[tp] link_proof_tx dst=/6dee4caf17f87a1051504791002c8786/ link_id=/5cd2642498ad346720a181f3ea24e1f2/
[tp] path_request dest=/a3dfea289534e4b2d0f5730310eebd99/ iface=/d86e8112f3c4c4442126f8e9f44f1686/
[tp] link_data dst=/5cd2642498ad346720a181f3ea24e1f2/ ctx=fe len=64
[tp] link_data dst=/5cd2642498ad346720a181f3ea24e1f2/ ctx=fb len=192
[link] data_plain len=128 preview=35e65fe12a80ee3d00278ef932383927bd791670aa6a7f7a029c1a472045933f
[tp] link_request dst=/6dee4caf17f87a1051504791002c8786/ ctx=00 hops=2
[tp] link_proof_tx dst=/6dee4caf17f87a1051504791002c8786/ link_id=/f18055364a5b2b23a54e57b8daa482f1/
[tp] link_data dst=/f18055364a5b2b23a54e57b8daa482f1/ ctx=fe len=64
[tp] link_data dst=/f18055364a5b2b23a54e57b8daa482f1/ ctx=fb len=192
[link] data_plain len=128 preview=586528998cc5cb6f63d677614052350359a4eaac0310a30853a9bed5643f890d
[tp] link_data dst=/fa877d3527cfa10a48ae99c84c54928e/ ctx=fc len=80
[tp] link_request dst=/6dee4caf17f87a1051504791002c8786/ ctx=00 hops=2
[tp] link_proof_tx dst=/6dee4caf17f87a1051504791002c8786/ link_id=/456ce9a121714a3470b4821c5477c5a6/
[tp] link_data dst=/456ce9a121714a3470b4821c5477c5a6/ ctx=fe len=64
[tp] link_data dst=/456ce9a121714a3470b4821c5477c5a6/ ctx=fb len=192
[link] data_plain len=128 preview=cc343d204fc536882689c77cbddfe144b3cf8abc90165e8a859ee48a492f4b0c
[tp] link_request dst=/6dee4caf17f87a1051504791002c8786/ ctx=00 hops=3
[tp] link_proof_tx dst=/6dee4caf17f87a1051504791002c8786/ link_id=/7089aed81f97127f632b2ac2751bc37c/
[tp] link_data dst=/7089aed81f97127f632b2ac2751bc37c/ ctx=fe len=64
[tp] link_data dst=/7089aed81f97127f632b2ac2751bc37c/ ctx=fb len=192
[link] data_plain len=128 preview=165580b392d784065c59ad07cd08fc45bc816426f454e09170b261c23bb2fc72
[tp] link_data dst=/456ce9a121714a3470b4821c5477c5a6/ ctx=08 len=32
[tp] link_data dst=/f18055364a5b2b23a54e57b8daa482f1/ ctx=08 len=32
[tp] link_data dst=/7089aed81f97127f632b2ac2751bc37c/ ctx=fc len=80
[tp] path_request dest=/12cb1ed29943213839f0b0d18cd42761/ iface=/d86e8112f3c4c4442126f8e9f44f1686/
[tp] path_request dest=/04b15fcd28ec8ed7fab945cc9d082dd3/ iface=/d86e8112f3c4c4442126f8e9f44f1686/
[tp] path_request dest=/e792a1b9b43cc8b95d12ecd2d1d3e8b2/ iface=/d86e8112f3c4c4442126f8e9f44f1686/
[tp] path_request dest=/b8bbfff472fe128873c9395a3ff8b353/ iface=/d86e8112f3c4c4442126f8e9f44f1686/
[tp] path_request dest=/995cc3851347f138f51af73d182d5e1d/ iface=/d86e8112f3c4c4442126f8e9f44f1686/
[tp] link_data dst=/f18055364a5b2b23a54e57b8daa482f1/ ctx=06 len=96
[tp] link_data dst=/f18055364a5b2b23a54e57b8daa482f1/ ctx=fc len=80
[tp] link_data dst=/456ce9a121714a3470b4821c5477c5a6/ ctx=06 len=96
[tp] link_data dst=/456ce9a121714a3470b4821c5477c5a6/ ctx=fc len=80
[tp] path_request dest=/e792a1b9b43cc8b95d12ecd2d1d3e8b2/ iface=/d86e8112f3c4c4442126f8e9f44f1686/
[tp] path_request dest=/12cb1ed29943213839f0b0d18cd42761/ iface=/d86e8112f3c4c4442126f8e9f44f1686/
[tp] path_request dest=/a3dfea289534e4b2d0f5730310eebd99/ iface=/d86e8112f3c4c4442126f8e9f44f1686/
[tp] path_request dest=/b4508c693ae1ddc6a0d472977be93bfc/ iface=/d86e8112f3c4c4442126f8e9f44f1686/
[tp] link_request dst=/6dee4caf17f87a1051504791002c8786/ ctx=00 hops=2
[tp] link_proof_tx dst=/6dee4caf17f87a1051504791002c8786/ link_id=/74629880036d312e64d5689faaa03c35/
[tp] link_data dst=/74629880036d312e64d5689faaa03c35/ ctx=fe len=64
[tp] link_data dst=/74629880036d312e64d5689faaa03c35/ ctx=fb len=192
[link] data_plain len=128 preview=cc343d204fc536882689c77cbddfe144b3cf8abc90165e8a859ee48a492f4b0c
[tp] path_request dest=/e233d8d7e9c5f61419d45138ef0d90ff/ iface=/d86e8112f3c4c4442126f8e9f44f1686/
[tp] path_request dest=/0ffa0968a18cb499c260e774cd3d9f28/ iface=/d86e8112f3c4c4442126f8e9f44f1686/
[tp] link_request dst=/6dee4caf17f87a1051504791002c8786/ ctx=00 hops=2
[tp] link_proof_tx dst=/6dee4caf17f87a1051504791002c8786/ link_id=/36d17d6081cf176de471100e5ac5aaa6/
[tp] link_data dst=/36d17d6081cf176de471100e5ac5aaa6/ ctx=fe len=64
[tp] link_data dst=/36d17d6081cf176de471100e5ac5aaa6/ ctx=fb len=192
[link] data_plain len=128 preview=586528998cc5cb6f63d677614052350359a4eaac0310a30853a9bed5643f890d
[tp] path_request dest=/f8de3e21f2b92e8eb4bb505f1e1381c4/ iface=/d86e8112f3c4c4442126f8e9f44f1686/
[tp] path_request dest=/540c608007597e56524853ff05e73b5d/ iface=/d86e8112f3c4c4442126f8e9f44f1686/
[tp] link_data dst=/74629880036d312e64d5689faaa03c35/ ctx=08 len=32
[tp] path_request dest=/b8bbfff472fe128873c9395a3ff8b353/ iface=/d86e8112f3c4c4442126f8e9f44f1686/
[tp] link_request dst=/6dee4caf17f87a1051504791002c8786/ ctx=00 hops=3
[tp] link_proof_tx dst=/6dee4caf17f87a1051504791002c8786/ link_id=/4402ddcecc30a18fa559e9f629680bab/
[tp] link_data dst=/4402ddcecc30a18fa559e9f629680bab/ ctx=fe len=64
[tp] link_data dst=/4402ddcecc30a18fa559e9f629680bab/ ctx=fb len=192
[link] data_plain len=128 preview=165580b392d784065c59ad07cd08fc45bc816426f454e09170b261c23bb2fc72
[tp] path_request dest=/4762234229b7e0b83c68b857bdf245c3/ iface=/d86e8112f3c4c4442126f8e9f44f1686/
[tp] link_data dst=/36d17d6081cf176de471100e5ac5aaa6/ ctx=08 len=32
[tp] path_request dest=/12cb1ed29943213839f0b0d18cd42761/ iface=/d86e8112f3c4c4442126f8e9f44f1686/
[tp] path_request dest=/627c60c9a9df4e50c15f5c104661c096/ iface=/d86e8112f3c4c4442126f8e9f44f1686/
[tp] path_request dest=/e792a1b9b43cc8b95d12ecd2d1d3e8b2/ iface=/d86e8112f3c4c4442126f8e9f44f1686/
[tp] link_request dst=/6dee4caf17f87a1051504791002c8786/ ctx=00 hops=3
[tp] link_proof_tx dst=/6dee4caf17f87a1051504791002c8786/ link_id=/51f68b15b699f14e38ac1ca724648b9e/
[tp] link_data dst=/51f68b15b699f14e38ac1ca724648b9e/ ctx=fe len=64
[tp] link_data dst=/51f68b15b699f14e38ac1ca724648b9e/ ctx=fb len=192
[link] data_plain len=128 preview=f2c9bd4249b7c06f6dfb44308ae83b899f236db5a48682e6a7b105302ce9f470
[tp] link_data dst=/5cd2642498ad346720a181f3ea24e1f2/ ctx=06 len=96
[tp] link_data dst=/5cd2642498ad346720a181f3ea24e1f2/ ctx=fc len=80
[tp] link_data dst=/4402ddcecc30a18fa559e9f629680bab/ ctx=fc len=80
[tp] path_request dest=/04b15fcd28ec8ed7fab945cc9d082dd3/ iface=/d86e8112f3c4c4442126f8e9f44f1686/
[tp] link_request dst=/6dee4caf17f87a1051504791002c8786/ ctx=00 hops=2
[tp] link_proof_tx dst=/6dee4caf17f87a1051504791002c8786/ link_id=/a2f70052c59eab19e227cc725265e1f2/
[tp] link_data dst=/a2f70052c59eab19e227cc725265e1f2/ ctx=fe len=64
[tp] link_data dst=/a2f70052c59eab19e227cc725265e1f2/ ctx=fb len=192
[link] data_plain len=128 preview=35e65fe12a80ee3d00278ef932383927bd791670aa6a7f7a029c1a472045933f
[tp] path_request dest=/58681bf71893d092811b7b97b6f767cf/ iface=/d86e8112f3c4c4442126f8e9f44f1686/
[tp] path_request dest=/0ffa0968a18cb499c260e774cd3d9f28/ iface=/d86e8112f3c4c4442126f8e9f44f1686/
[tp] path_request dest=/995cc3851347f138f51af73d182d5e1d/ iface=/d86e8112f3c4c4442126f8e9f44f1686/
[tp] link_data dst=/74629880036d312e64d5689faaa03c35/ ctx=06 len=96
[tp] link_data dst=/74629880036d312e64d5689faaa03c35/ ctx=fc len=80
[tp] link_data dst=/36d17d6081cf176de471100e5ac5aaa6/ ctx=06 len=96
[tp] link_data dst=/36d17d6081cf176de471100e5ac5aaa6/ ctx=fc len=80
[tp] path_request dest=/a3dfea289534e4b2d0f5730310eebd99/ iface=/d86e8112f3c4c4442126f8e9f44f1686/
[tp] link_request dst=/6dee4caf17f87a1051504791002c8786/ ctx=00 hops=3
[tp] link_proof_tx dst=/6dee4caf17f87a1051504791002c8786/ link_id=/c6a18e379629291e943a58d348a45598/
[tp] link_data dst=/c6a18e379629291e943a58d348a45598/ ctx=fe len=64
[tp] link_data dst=/c6a18e379629291e943a58d348a45598/ ctx=fb len=192
[link] data_plain len=128 preview=caeb241290061ad1380b094471a8ab92b78aeb000a7b67d3c3af96b3825f2026
[tp] link_request dst=/6dee4caf17f87a1051504791002c8786/ ctx=00 hops=3
[tp] link_proof_tx dst=/6dee4caf17f87a1051504791002c8786/ link_id=/174277a7098b8bd4d8b9582e823b43aa/
[tp] link_data dst=/174277a7098b8bd4d8b9582e823b43aa/ ctx=fe len=64
[tp] link_data dst=/174277a7098b8bd4d8b9582e823b43aa/ ctx=fb len=192
[link] data_plain len=128 preview=165580b392d784065c59ad07cd08fc45bc816426f454e09170b261c23bb2fc72
[tp] path_request dest=/b8bbfff472fe128873c9395a3ff8b353/ iface=/d86e8112f3c4c4442126f8e9f44f1686/
[tp] path_request dest=/5cb70134b74cddab58607ec482fd78b1/ iface=/d86e8112f3c4c4442126f8e9f44f1686/
[tp] path_request dest=/19ce57024a6953d31d4218a9f8d05913/ iface=/d86e8112f3c4c4442126f8e9f44f1686/
[tp] path_request dest=/822d06f7a6936cef50350183c02c7ba5/ iface=/d86e8112f3c4c4442126f8e9f44f1686/
[tp] path_request dest=/0e180ad4cf4bf142db0c5142ca9a1794/ iface=/d86e8112f3c4c4442126f8e9f44f1686/
[tp] path_request dest=/dc4e1caae838d1929bed8e1e4a895a21/ iface=/d86e8112f3c4c4442126f8e9f44f1686/
[tp] path_request dest=/cd4c66bed161ecb1a493dd6025792b68/ iface=/d86e8112f3c4c4442126f8e9f44f1686/
[tp] path_request dest=/ffa9304e05f0f55f5af51898869800b7/ iface=/d86e8112f3c4c4442126f8e9f44f1686/
[tp] path_request dest=/23883f65a149502aabcd60493cc2921b/ iface=/d86e8112f3c4c4442126f8e9f44f1686/
[tp] path_request dest=/7db09a73fc489e389ddb04203c01fcef/ iface=/d86e8112f3c4c4442126f8e9f44f1686/
[tp] path_request dest=/448239fd63f28d8f8fa43858faf05685/ iface=/d86e8112f3c4c4442126f8e9f44f1686/
[tp] path_request dest=/0d4ef912a46bed87078ed9a2d383b10d/ iface=/d86e8112f3c4c4442126f8e9f44f1686/
[tp] path_request dest=/9c5bc893389bf8c85aea9b510f1ffb91/ iface=/d86e8112f3c4c4442126f8e9f44f1686/
[tp] path_request dest=/c11629bc8f0a0c4570588fd987770315/ iface=/d86e8112f3c4c4442126f8e9f44f1686/
[tp] path_request dest=/e36c13fd857732740ed3421a512e06aa/ iface=/d86e8112f3c4c4442126f8e9f44f1686/
[tp] link_data dst=/174277a7098b8bd4d8b9582e823b43aa/ ctx=fc len=80
[tp] path_request dest=/b18bb3d4ac56c99c5ee4791d79496ca2/ iface=/d86e8112f3c4c4442126f8e9f44f1686/
[tp] path_request dest=/12cb1ed29943213839f0b0d18cd42761/ iface=/d86e8112f3c4c4442126f8e9f44f1686/
[tp] link_data dst=/c6a18e379629291e943a58d348a45598/ ctx=08 len=32
[tp] path_request dest=/58681bf71893d092811b7b97b6f767cf/ iface=/d86e8112f3c4c4442126f8e9f44f1686/
[tp] path_request dest=/0769357259e48819ea9194b6230b2cef/ iface=/d86e8112f3c4c4442126f8e9f44f1686/
[tp] link_request dst=/6dee4caf17f87a1051504791002c8786/ ctx=00 hops=2
[tp] link_proof_tx dst=/6dee4caf17f87a1051504791002c8786/ link_id=/27cf2c80ed917a5acb3a60deabd681fa/
[tp] link_data dst=/27cf2c80ed917a5acb3a60deabd681fa/ ctx=fe len=64
[tp] link_data dst=/27cf2c80ed917a5acb3a60deabd681fa/ ctx=fb len=192
[link] data_plain len=128 preview=586528998cc5cb6f63d677614052350359a4eaac0310a30853a9bed5643f890d
[tp] path_request dest=/0d4ef912a46bed87078ed9a2d383b10d/ iface=/d86e8112f3c4c4442126f8e9f44f1686/
[tp] path_request dest=/5cb70134b74cddab58607ec482fd78b1/ iface=/d86e8112f3c4c4442126f8e9f44f1686/
[tp] path_request dest=/19ce57024a6953d31d4218a9f8d05913/ iface=/d86e8112f3c4c4442126f8e9f44f1686/
[tp] path_request dest=/822d06f7a6936cef50350183c02c7ba5/ iface=/d86e8112f3c4c4442126f8e9f44f1686/
[tp] path_request dest=/0e180ad4cf4bf142db0c5142ca9a1794/ iface=/d86e8112f3c4c4442126f8e9f44f1686/
[tp] path_request dest=/dc4e1caae838d1929bed8e1e4a895a21/ iface=/d86e8112f3c4c4442126f8e9f44f1686/
[tp] path_request dest=/cd4c66bed161ecb1a493dd6025792b68/ iface=/d86e8112f3c4c4442126f8e9f44f1686/
[tp] path_request dest=/ffa9304e05f0f55f5af51898869800b7/ iface=/d86e8112f3c4c4442126f8e9f44f1686/
[tp] path_request dest=/23883f65a149502aabcd60493cc2921b/ iface=/d86e8112f3c4c4442126f8e9f44f1686/
[tp] path_request dest=/7db09a73fc489e389ddb04203c01fcef/ iface=/d86e8112f3c4c4442126f8e9f44f1686/
[tp] path_request dest=/448239fd63f28d8f8fa43858faf05685/ iface=/d86e8112f3c4c4442126f8e9f44f1686/
[tp] link_request dst=/6dee4caf17f87a1051504791002c8786/ ctx=00 hops=2
[tp] link_proof_tx dst=/6dee4caf17f87a1051504791002c8786/ link_id=/ee13dc72a3aeeb540d9dde923bbf198a/
[tp] path_request dest=/9c5bc893389bf8c85aea9b510f1ffb91/ iface=/d86e8112f3c4c4442126f8e9f44f1686/
[tp] link_data dst=/ee13dc72a3aeeb540d9dde923bbf198a/ ctx=fe len=64
[tp] link_data dst=/ee13dc72a3aeeb540d9dde923bbf198a/ ctx=fb len=192
[link] data_plain len=128 preview=722fe51808e9a53c865100a3d27a9490d79d892a18343cef7df37d080fa80170
[tp] path_request dest=/b18bb3d4ac56c99c5ee4791d79496ca2/ iface=/d86e8112f3c4c4442126f8e9f44f1686/
[tp] path_request dest=/995cc3851347f138f51af73d182d5e1d/ iface=/d86e8112f3c4c4442126f8e9f44f1686/
[tp] path_request dest=/e233d8d7e9c5f61419d45138ef0d90ff/ iface=/d86e8112f3c4c4442126f8e9f44f1686/
[tp] link_data dst=/a2f70052c59eab19e227cc725265e1f2/ ctx=fa len=1
[tp] link_data dst=/c6a18e379629291e943a58d348a45598/ ctx=06 len=96
[tp] link_data dst=/c6a18e379629291e943a58d348a45598/ ctx=fc len=80
[tp] link_data dst=/51f68b15b699f14e38ac1ca724648b9e/ ctx=fa len=1
[tp] path_request dest=/48a811bf93be297afc2f9652c2ebf8c4/ iface=/d86e8112f3c4c4442126f8e9f44f1686/
[tp] path_request dest=/41ad15a66352bf5201501fc1793aa70c/ iface=/d86e8112f3c4c4442126f8e9f44f1686/
[tp] link_data dst=/27cf2c80ed917a5acb3a60deabd681fa/ ctx=08 len=32
[tp] link_data dst=/ee13dc72a3aeeb540d9dde923bbf198a/ ctx=08 len=32
[tp] path_request dest=/12cb1ed29943213839f0b0d18cd42761/ iface=/d86e8112f3c4c4442126f8e9f44f1686/
[tp] path_request dest=/b8bbfff472fe128873c9395a3ff8b353/ iface=/d86e8112f3c4c4442126f8e9f44f1686/
[tp] path_request dest=/a3dfea289534e4b2d0f5730310eebd99/ iface=/d86e8112f3c4c4442126f8e9f44f1686/
[tp] path_request dest=/e233d8d7e9c5f61419d45138ef0d90ff/ iface=/d86e8112f3c4c4442126f8e9f44f1686/
[tp] path_request dest=/bd4090bc8e1eddbb7b2bf54494c64a46/ iface=/d86e8112f3c4c4442126f8e9f44f1686/
[tp] path_request dest=/ebc612c32003c7a77534cbeafd795438/ iface=/d86e8112f3c4c4442126f8e9f44f1686/
[tp] path_request dest=/f8de3e21f2b92e8eb4bb505f1e1381c4/ iface=/d86e8112f3c4c4442126f8e9f44f1686/
[tp] link_data dst=/a2f70052c59eab19e227cc725265e1f2/ ctx=06 len=96
[tp] link_data dst=/a2f70052c59eab19e227cc725265e1f2/ ctx=fc len=80
[tp] link_request dst=/6dee4caf17f87a1051504791002c8786/ ctx=00 hops=3
[tp] link_proof_tx dst=/6dee4caf17f87a1051504791002c8786/ link_id=/9fcbb0fc74c26d9c8dffda78606b717a/
[tp] link_data dst=/9fcbb0fc74c26d9c8dffda78606b717a/ ctx=fe len=64
[tp] link_data dst=/9fcbb0fc74c26d9c8dffda78606b717a/ ctx=fb len=192
[link] data_plain len=128 preview=165580b392d784065c59ad07cd08fc45bc816426f454e09170b261c23bb2fc72
[tp] link_data dst=/ee13dc72a3aeeb540d9dde923bbf198a/ ctx=06 len=96
[tp] link_data dst=/ee13dc72a3aeeb540d9dde923bbf198a/ ctx=fc len=80
[tp] path_request dest=/58681bf71893d092811b7b97b6f767cf/ iface=/d86e8112f3c4c4442126f8e9f44f1686/
[tp] path_request dest=/12cb1ed29943213839f0b0d18cd42761/ iface=/d86e8112f3c4c4442126f8e9f44f1686/
[tp] link_data dst=/27cf2c80ed917a5acb3a60deabd681fa/ ctx=06 len=96
[tp] link_data dst=/27cf2c80ed917a5acb3a60deabd681fa/ ctx=fc len=80
[tp] path_request dest=/f8de3e21f2b92e8eb4bb505f1e1381c4/ iface=/d86e8112f3c4c4442126f8e9f44f1686/
[tp] path_request dest=/bd4090bc8e1eddbb7b2bf54494c64a46/ iface=/d86e8112f3c4c4442126f8e9f44f1686/
[tp] path_request dest=/995cc3851347f138f51af73d182d5e1d/ iface=/d86e8112f3c4c4442126f8e9f44f1686/
[tp] path_request dest=/f730f20056158e475480d32a934aa2d9/ iface=/d86e8112f3c4c4442126f8e9f44f1686/
[tp] path_request dest=/b8bbfff472fe128873c9395a3ff8b353/ iface=/d86e8112f3c4c4442126f8e9f44f1686/
[tp] link_data dst=/9fcbb0fc74c26d9c8dffda78606b717a/ ctx=fc len=80
[tp] path_request dest=/12cb1ed29943213839f0b0d18cd42761/ iface=/d86e8112f3c4c4442126f8e9f44f1686/
[tp] path_request dest=/bd4090bc8e1eddbb7b2bf54494c64a46/ iface=/d86e8112f3c4c4442126f8e9f44f1686/
[tp] path_request dest=/a3dfea289534e4b2d0f5730310eebd99/ iface=/d86e8112f3c4c4442126f8e9f44f1686/
[tp] path_request dest=/fc359d5aabd3ebea14c35f45db89e8b6/ iface=/d86e8112f3c4c4442126f8e9f44f1686/
[tp] link_data dst=/51f68b15b699f14e38ac1ca724648b9e/ ctx=fa len=1
[tp] link_data dst=/51f68b15b699f14e38ac1ca724648b9e/ ctx=fc len=80
[tp] path_request dest=/e792a1b9b43cc8b95d12ecd2d1d3e8b2/ iface=/d86e8112f3c4c4442126f8e9f44f1686/
[tp] path_request dest=/e233d8d7e9c5f61419d45138ef0d90ff/ iface=/d86e8112f3c4c4442126f8e9f44f1686/
[tp] path_request dest=/f8de3e21f2b92e8eb4bb505f1e1381c4/ iface=/d86e8112f3c4c4442126f8e9f44f1686/
[tp] link_request dst=/6dee4caf17f87a1051504791002c8786/ ctx=00 hops=3
[tp] link_proof_tx dst=/6dee4caf17f87a1051504791002c8786/ link_id=/127e07ca4938923521cfb404622b6499/
[tp] link_request dst=/6dee4caf17f87a1051504791002c8786/ ctx=00 hops=2
[tp] link_proof_tx dst=/6dee4caf17f87a1051504791002c8786/ link_id=/c9c01ab273d678ec90dea30fe41b6c03/
[tp] link_data dst=/c9c01ab273d678ec90dea30fe41b6c03/ ctx=fe len=64
[tp] link_data dst=/c9c01ab273d678ec90dea30fe41b6c03/ ctx=fb len=192
[link] data_plain len=128 preview=35e65fe12a80ee3d00278ef932383927bd791670aa6a7f7a029c1a472045933f
[tp] link_data dst=/127e07ca4938923521cfb404622b6499/ ctx=fe len=64
[tp] link_data dst=/127e07ca4938923521cfb404622b6499/ ctx=fb len=192
[link] data_plain len=128 preview=caeb241290061ad1380b094471a8ab92b78aeb000a7b67d3c3af96b3825f2026
[tp] link_request dst=/6dee4caf17f87a1051504791002c8786/ ctx=00 hops=3
[tp] link_proof_tx dst=/6dee4caf17f87a1051504791002c8786/ link_id=/3596e39649afabffe807903585876aa3/
[tp] link_data dst=/3596e39649afabffe807903585876aa3/ ctx=fe len=64
[tp] link_data dst=/3596e39649afabffe807903585876aa3/ ctx=fb len=192
[link] data_plain len=128 preview=f2c9bd4249b7c06f6dfb44308ae83b899f236db5a48682e6a7b105302ce9f470
[tp] link_request dst=/6dee4caf17f87a1051504791002c8786/ ctx=00 hops=2
[tp] link_proof_tx dst=/6dee4caf17f87a1051504791002c8786/ link_id=/708df2acd22d64b7d9fef76e7338d6ad/
[tp] link_data dst=/708df2acd22d64b7d9fef76e7338d6ad/ ctx=fe len=64
[tp] link_data dst=/708df2acd22d64b7d9fef76e7338d6ad/ ctx=fb len=192
[link] data_plain len=128 preview=cc343d204fc536882689c77cbddfe144b3cf8abc90165e8a859ee48a492f4b0c
[tp] path_request dest=/b8bbfff472fe128873c9395a3ff8b353/ iface=/d86e8112f3c4c4442126f8e9f44f1686/
[tp] path_request dest=/0ffa0968a18cb499c260e774cd3d9f28/ iface=/d86e8112f3c4c4442126f8e9f44f1686/
[tp] path_request dest=/995cc3851347f138f51af73d182d5e1d/ iface=/d86e8112f3c4c4442126f8e9f44f1686/
[tp] path_request dest=/12cb1ed29943213839f0b0d18cd42761/ iface=/d86e8112f3c4c4442126f8e9f44f1686/
[tp] link_data dst=/127e07ca4938923521cfb404622b6499/ ctx=08 len=32
[tp] link_data dst=/3596e39649afabffe807903585876aa3/ ctx=08 len=32
[tp] link_data dst=/708df2acd22d64b7d9fef76e7338d6ad/ ctx=08 len=32
[tp] path_request dest=/a3dfea289534e4b2d0f5730310eebd99/ iface=/d86e8112f3c4c4442126f8e9f44f1686/
[tp] path_request dest=/e792a1b9b43cc8b95d12ecd2d1d3e8b2/ iface=/d86e8112f3c4c4442126f8e9f44f1686/
[tp] link_data dst=/3596e39649afabffe807903585876aa3/ ctx=06 len=96
[tp] link_data dst=/3596e39649afabffe807903585876aa3/ ctx=fc len=80
[tp] link_data dst=/127e07ca4938923521cfb404622b6499/ ctx=06 len=96
[tp] link_data dst=/127e07ca4938923521cfb404622b6499/ ctx=fc len=80
[tp] path_request dest=/b8bbfff472fe128873c9395a3ff8b353/ iface=/d86e8112f3c4c4442126f8e9f44f1686/
[tp] link_data dst=/708df2acd22d64b7d9fef76e7338d6ad/ ctx=06 len=96
[tp] link_data dst=/708df2acd22d64b7d9fef76e7338d6ad/ ctx=fc len=80
[tp] path_request dest=/12cb1ed29943213839f0b0d18cd42761/ iface=/d86e8112f3c4c4442126f8e9f44f1686/
[tp] link_request dst=/6dee4caf17f87a1051504791002c8786/ ctx=00 hops=3
[tp] link_proof_tx dst=/6dee4caf17f87a1051504791002c8786/ link_id=/930f520eb9be69c27a59d71a41f7658c/
[tp] link_data dst=/930f520eb9be69c27a59d71a41f7658c/ ctx=fe len=64
[tp] link_data dst=/930f520eb9be69c27a59d71a41f7658c/ ctx=fb len=192
[link] data_plain len=128 preview=165580b392d784065c59ad07cd08fc45bc816426f454e09170b261c23bb2fc72
[tp] link_request dst=/6dee4caf17f87a1051504791002c8786/ ctx=00 hops=2
[tp] link_proof_tx dst=/6dee4caf17f87a1051504791002c8786/ link_id=/50a37686e09c62c865d6de63f3d006ed/
[tp] link_data dst=/50a37686e09c62c865d6de63f3d006ed/ ctx=fe len=64
[tp] link_data dst=/50a37686e09c62c865d6de63f3d006ed/ ctx=fb len=192
[link] data_plain len=128 preview=586528998cc5cb6f63d677614052350359a4eaac0310a30853a9bed5643f890d
[tp] link_data dst=/c9c01ab273d678ec90dea30fe41b6c03/ ctx=fa len=1
[tp] path_request dest=/0e972735a4c446f160d0966299dc4888/ iface=/d86e8112f3c4c4442126f8e9f44f1686/
[tp] path_request dest=/995cc3851347f138f51af73d182d5e1d/ iface=/d86e8112f3c4c4442126f8e9f44f1686/
[tp] link_request dst=/6dee4caf17f87a1051504791002c8786/ ctx=00 hops=3
[tp] link_proof_tx dst=/6dee4caf17f87a1051504791002c8786/ link_id=/be22d7b01f6028afbe9278d5c4a70e28/
[tp] link_data dst=/be22d7b01f6028afbe9278d5c4a70e28/ ctx=fe len=64
[tp] link_data dst=/be22d7b01f6028afbe9278d5c4a70e28/ ctx=fb len=192
[link] data_plain len=128 preview=caeb241290061ad1380b094471a8ab92b78aeb000a7b67d3c3af96b3825f2026
[tp] link_request dst=/6dee4caf17f87a1051504791002c8786/ ctx=00 hops=2
[tp] link_proof_tx dst=/6dee4caf17f87a1051504791002c8786/ link_id=/432222c134fd1ea81575628f7ec29fc0/
[tp] path_request dest=/58681bf71893d092811b7b97b6f767cf/ iface=/d86e8112f3c4c4442126f8e9f44f1686/
[tp] link_data dst=/432222c134fd1ea81575628f7ec29fc0/ ctx=fe len=64
[tp] link_data dst=/432222c134fd1ea81575628f7ec29fc0/ ctx=fb len=192
[link] data_plain len=128 preview=722fe51808e9a53c865100a3d27a9490d79d892a18343cef7df37d080fa80170
[tp] path_request dest=/965511769c059271e655c503e810a670/ iface=/d86e8112f3c4c4442126f8e9f44f1686/
[tp] link_data dst=/930f520eb9be69c27a59d71a41f7658c/ ctx=fc len=80
[tp] path_request dest=/e233d8d7e9c5f61419d45138ef0d90ff/ iface=/d86e8112f3c4c4442126f8e9f44f1686/
[tp] link_data dst=/50a37686e09c62c865d6de63f3d006ed/ ctx=08 len=32
[tp] path_request dest=/a3dfea289534e4b2d0f5730310eebd99/ iface=/d86e8112f3c4c4442126f8e9f44f1686/
[tp] link_data dst=/be22d7b01f6028afbe9278d5c4a70e28/ ctx=08 len=32
[tp] link_data dst=/432222c134fd1ea81575628f7ec29fc0/ ctx=08 len=32
[tp] path_request dest=/fc359d5aabd3ebea14c35f45db89e8b6/ iface=/d86e8112f3c4c4442126f8e9f44f1686/
[tp] link_data dst=/c9c01ab273d678ec90dea30fe41b6c03/ ctx=06 len=96
[tp] link_data dst=/c9c01ab273d678ec90dea30fe41b6c03/ ctx=fc len=80
[tp] path_request dest=/12cb1ed29943213839f0b0d18cd42761/ iface=/d86e8112f3c4c4442126f8e9f44f1686/
[tp] path_request dest=/b8bbfff472fe128873c9395a3ff8b353/ iface=/d86e8112f3c4c4442126f8e9f44f1686/
[tp] path_request dest=/965511769c059271e655c503e810a670/ iface=/d86e8112f3c4c4442126f8e9f44f1686/
[tp] link_request dst=/6dee4caf17f87a1051504791002c8786/ ctx=00 hops=2
[tp] link_proof_tx dst=/6dee4caf17f87a1051504791002c8786/ link_id=/1d6504dd9372757a8e1c2ed916067902/
[tp] link_data dst=/1d6504dd9372757a8e1c2ed916067902/ ctx=fe len=64
[tp] link_data dst=/1d6504dd9372757a8e1c2ed916067902/ ctx=fb len=192
[link] data_plain len=128 preview=cc343d204fc536882689c77cbddfe144b3cf8abc90165e8a859ee48a492f4b0c
[tp] path_request dest=/eaf9f0686d095ba84df81f2b91701a16/ iface=/d86e8112f3c4c4442126f8e9f44f1686/
[tp] path_request dest=/04b15fcd28ec8ed7fab945cc9d082dd3/ iface=/d86e8112f3c4c4442126f8e9f44f1686/
[tp] link_data dst=/50a37686e09c62c865d6de63f3d006ed/ ctx=06 len=96
[tp] link_data dst=/50a37686e09c62c865d6de63f3d006ed/ ctx=fc len=80
[tp] link_data dst=/432222c134fd1ea81575628f7ec29fc0/ ctx=06 len=96
[tp] link_data dst=/432222c134fd1ea81575628f7ec29fc0/ ctx=fc len=80
[tp] link_data dst=/1d6504dd9372757a8e1c2ed916067902/ ctx=08 len=32
[tp] link_request dst=/6dee4caf17f87a1051504791002c8786/ ctx=00 hops=2
[tp] link_proof_tx dst=/6dee4caf17f87a1051504791002c8786/ link_id=/0c01bedbfeb5e05ff855809571441215/
[tp] link_data dst=/0c01bedbfeb5e05ff855809571441215/ ctx=fe len=64
[tp] link_data dst=/0c01bedbfeb5e05ff855809571441215/ ctx=fb len=192
[link] data_plain len=128 preview=35e65fe12a80ee3d00278ef932383927bd791670aa6a7f7a029c1a472045933f
[tp] link_request dst=/6dee4caf17f87a1051504791002c8786/ ctx=00 hops=3
[tp] link_proof_tx dst=/6dee4caf17f87a1051504791002c8786/ link_id=/49a875b1d5e177a8977bfcf4b77b46bf/
[tp] link_data dst=/be22d7b01f6028afbe9278d5c4a70e28/ ctx=06 len=96
[tp] link_data dst=/be22d7b01f6028afbe9278d5c4a70e28/ ctx=fc len=80
[tp] link_data dst=/49a875b1d5e177a8977bfcf4b77b46bf/ ctx=fe len=64
[tp] link_data dst=/49a875b1d5e177a8977bfcf4b77b46bf/ ctx=fb len=192
[link] data_plain len=128 preview=165580b392d784065c59ad07cd08fc45bc816426f454e09170b261c23bb2fc72
[tp] path_request dest=/995cc3851347f138f51af73d182d5e1d/ iface=/d86e8112f3c4c4442126f8e9f44f1686/
[tp] path_request dest=/12cb1ed29943213839f0b0d18cd42761/ iface=/d86e8112f3c4c4442126f8e9f44f1686/
[tp] link_data dst=/49a875b1d5e177a8977bfcf4b77b46bf/ ctx=fc len=80
[tp] link_data dst=/1d6504dd9372757a8e1c2ed916067902/ ctx=06 len=96
[tp] link_data dst=/1d6504dd9372757a8e1c2ed916067902/ ctx=fc len=80
[tp] path_request dest=/cd6065d748509609cb92f37e43ed0576/ iface=/d86e8112f3c4c4442126f8e9f44f1686/
[tp] path_request dest=/a3dfea289534e4b2d0f5730310eebd99/ iface=/d86e8112f3c4c4442126f8e9f44f1686/
[tp] path_request dest=/b8bbfff472fe128873c9395a3ff8b353/ iface=/d86e8112f3c4c4442126f8e9f44f1686/
[tp] path_request dest=/f8de3e21f2b92e8eb4bb505f1e1381c4/ iface=/d86e8112f3c4c4442126f8e9f44f1686/
[tp] path_request dest=/e233d8d7e9c5f61419d45138ef0d90ff/ iface=/d86e8112f3c4c4442126f8e9f44f1686/
[tp] path_request dest=/208fe458f2080d7d1a9a545ad3106ccf/ iface=/d86e8112f3c4c4442126f8e9f44f1686/
[tp] link_request dst=/6dee4caf17f87a1051504791002c8786/ ctx=00 hops=7
[tp] link_proof_tx dst=/6dee4caf17f87a1051504791002c8786/ link_id=/4e8400f2c265441d7060a4c2b24478db/
[tp] path_request dest=/04b15fcd28ec8ed7fab945cc9d082dd3/ iface=/d86e8112f3c4c4442126f8e9f44f1686/
[tp] path_request dest=/0ffa0968a18cb499c260e774cd3d9f28/ iface=/d86e8112f3c4c4442126f8e9f44f1686/
[tp] path_request dest=/e233d8d7e9c5f61419d45138ef0d90ff/ iface=/d86e8112f3c4c4442126f8e9f44f1686/
[tp] path_request dest=/d9a4296c02b1208fad2b4ac5c08af067/ iface=/d86e8112f3c4c4442126f8e9f44f1686/
[tp] link_data dst=/0c01bedbfeb5e05ff855809571441215/ ctx=fa len=1
[tp] path_request dest=/58681bf71893d092811b7b97b6f767cf/ iface=/d86e8112f3c4c4442126f8e9f44f1686/
[tp] path_request dest=/995cc3851347f138f51af73d182d5e1d/ iface=/d86e8112f3c4c4442126f8e9f44f1686/
[tp] path_request dest=/b8bbfff472fe128873c9395a3ff8b353/ iface=/d86e8112f3c4c4442126f8e9f44f1686/
[tp] path_request dest=/04b15fcd28ec8ed7fab945cc9d082dd3/ iface=/d86e8112f3c4c4442126f8e9f44f1686/
[tp] path_request dest=/e233d8d7e9c5f61419d45138ef0d90ff/ iface=/d86e8112f3c4c4442126f8e9f44f1686/
[tp] path_request dest=/a3dfea289534e4b2d0f5730310eebd99/ iface=/d86e8112f3c4c4442126f8e9f44f1686/
[tp] path_request dest=/12cb1ed29943213839f0b0d18cd42761/ iface=/d86e8112f3c4c4442126f8e9f44f1686/
[tp] link_data dst=/0c01bedbfeb5e05ff855809571441215/ ctx=06 len=96
[tp] link_data dst=/0c01bedbfeb5e05ff855809571441215/ ctx=fc len=80
[tp] link_request dst=/6dee4caf17f87a1051504791002c8786/ ctx=00 hops=2
[tp] link_proof_tx dst=/6dee4caf17f87a1051504791002c8786/ link_id=/389d75dfe4bea835d6c49853c56962da/
[tp] link_data dst=/389d75dfe4bea835d6c49853c56962da/ ctx=fe len=64
[tp] link_data dst=/389d75dfe4bea835d6c49853c56962da/ ctx=fb len=192
[link] data_plain len=128 preview=586528998cc5cb6f63d677614052350359a4eaac0310a30853a9bed5643f890d
[tp] path_request dest=/e36c13fd857732740ed3421a512e06aa/ iface=/d86e8112f3c4c4442126f8e9f44f1686/
[tp] link_data dst=/389d75dfe4bea835d6c49853c56962da/ ctx=08 len=32
[tp] link_request dst=/6dee4caf17f87a1051504791002c8786/ ctx=00 hops=2
[tp] link_proof_tx dst=/6dee4caf17f87a1051504791002c8786/ link_id=/2e45a86a58c14d42ca46f2d99713a5b8/
[tp] path_request dest=/b8bbfff472fe128873c9395a3ff8b353/ iface=/d86e8112f3c4c4442126f8e9f44f1686/
[tp] link_data dst=/2e45a86a58c14d42ca46f2d99713a5b8/ ctx=fe len=64
[tp] link_data dst=/2e45a86a58c14d42ca46f2d99713a5b8/ ctx=fb len=192
[link] data_plain len=128 preview=35e65fe12a80ee3d00278ef932383927bd791670aa6a7f7a029c1a472045933f
[tp] path_request dest=/995cc3851347f138f51af73d182d5e1d/ iface=/d86e8112f3c4c4442126f8e9f44f1686/
[tp] path_request dest=/b18bb3d4ac56c99c5ee4791d79496ca2/ iface=/d86e8112f3c4c4442126f8e9f44f1686/
[tp] path_request dest=/12cb1ed29943213839f0b0d18cd42761/ iface=/d86e8112f3c4c4442126f8e9f44f1686/
[tp] path_request dest=/379f204da5a77a6c340f6fae26097054/ iface=/d86e8112f3c4c4442126f8e9f44f1686/
[tp] path_request dest=/e792a1b9b43cc8b95d12ecd2d1d3e8b2/ iface=/d86e8112f3c4c4442126f8e9f44f1686/
[tp] link_data dst=/389d75dfe4bea835d6c49853c56962da/ ctx=06 len=96
[tp] link_data dst=/389d75dfe4bea835d6c49853c56962da/ ctx=fc len=80
[tp] path_request dest=/a3dfea289534e4b2d0f5730310eebd99/ iface=/d86e8112f3c4c4442126f8e9f44f1686/
[tp] path_request dest=/177ab81a7ff8259290bd886b64360ead/ iface=/d86e8112f3c4c4442126f8e9f44f1686/
[tp] path_request dest=/f8de3e21f2b92e8eb4bb505f1e1381c4/ iface=/d86e8112f3c4c4442126f8e9f44f1686/
[tp] link_request dst=/6dee4caf17f87a1051504791002c8786/ ctx=00 hops=2
[tp] link_proof_tx dst=/6dee4caf17f87a1051504791002c8786/ link_id=/78761f7229f1b1197357bc483d2ea276/
[tp] link_data dst=/78761f7229f1b1197357bc483d2ea276/ ctx=fe len=64
[tp] link_data dst=/78761f7229f1b1197357bc483d2ea276/ ctx=fb len=192
[link] data_plain len=128 preview=586528998cc5cb6f63d677614052350359a4eaac0310a30853a9bed5643f890d
[tp] path_request dest=/b8bbfff472fe128873c9395a3ff8b353/ iface=/d86e8112f3c4c4442126f8e9f44f1686/
[tp] link_request dst=/6dee4caf17f87a1051504791002c8786/ ctx=00 hops=3
[tp] link_proof_tx dst=/6dee4caf17f87a1051504791002c8786/ link_id=/75b4c63efd180fe9dded9c4e18b3d600/
[tp] link_data dst=/75b4c63efd180fe9dded9c4e18b3d600/ ctx=fe len=64
[tp] link_data dst=/75b4c63efd180fe9dded9c4e18b3d600/ ctx=fb len=192
[link] data_plain len=128 preview=f2c9bd4249b7c06f6dfb44308ae83b899f236db5a48682e6a7b105302ce9f470
[tp] path_request dest=/12cb1ed29943213839f0b0d18cd42761/ iface=/d86e8112f3c4c4442126f8e9f44f1686/
[tp] link_request dst=/6dee4caf17f87a1051504791002c8786/ ctx=00 hops=2
[tp] link_proof_tx dst=/6dee4caf17f87a1051504791002c8786/ link_id=/6dc0cbf09228ee1a19ec353c123ac17e/
[tp] link_data dst=/6dc0cbf09228ee1a19ec353c123ac17e/ ctx=fe len=64
[tp] link_data dst=/6dc0cbf09228ee1a19ec353c123ac17e/ ctx=fb len=192
[link] data_plain len=128 preview=722fe51808e9a53c865100a3d27a9490d79d892a18343cef7df37d080fa80170
[tp] path_request dest=/58681bf71893d092811b7b97b6f767cf/ iface=/d86e8112f3c4c4442126f8e9f44f1686/
[tp] path_request dest=/bd4090bc8e1eddbb7b2bf54494c64a46/ iface=/d86e8112f3c4c4442126f8e9f44f1686/
[tp] path_request dest=/cd6065d748509609cb92f37e43ed0576/ iface=/d86e8112f3c4c4442126f8e9f44f1686/
[tp] path_request dest=/e792a1b9b43cc8b95d12ecd2d1d3e8b2/ iface=/d86e8112f3c4c4442126f8e9f44f1686/
[tp] link_data dst=/78761f7229f1b1197357bc483d2ea276/ ctx=08 len=32
[tp] path_request dest=/995cc3851347f138f51af73d182d5e1d/ iface=/d86e8112f3c4c4442126f8e9f44f1686/
[tp] link_data dst=/6dc0cbf09228ee1a19ec353c123ac17e/ ctx=08 len=32
[tp] link_data dst=/75b4c63efd180fe9dded9c4e18b3d600/ ctx=02 len=192
[tp] link_request dst=/6dee4caf17f87a1051504791002c8786/ ctx=00 hops=3
[tp] link_proof_tx dst=/6dee4caf17f87a1051504791002c8786/ link_id=/050ccd5ee5a43864c8ff00c78c4f2283/
[tp] link_data dst=/050ccd5ee5a43864c8ff00c78c4f2283/ ctx=fe len=64
[tp] link_data dst=/050ccd5ee5a43864c8ff00c78c4f2283/ ctx=fb len=192
[link] data_plain len=128 preview=165580b392d784065c59ad07cd08fc45bc816426f454e09170b261c23bb2fc72
[tp] link_data dst=/050ccd5ee5a43864c8ff00c78c4f2283/ ctx=fc len=80
[tp] path_request dest=/12cb1ed29943213839f0b0d18cd42761/ iface=/d86e8112f3c4c4442126f8e9f44f1686/
[tp] path_request dest=/a3dfea289534e4b2d0f5730310eebd99/ iface=/d86e8112f3c4c4442126f8e9f44f1686/
[tp] link_request dst=/6dee4caf17f87a1051504791002c8786/ ctx=00 hops=2
[tp] link_proof_tx dst=/6dee4caf17f87a1051504791002c8786/ link_id=/6494d59968862b51d69ba05dc4ca23c4/
[tp] link_data dst=/6494d59968862b51d69ba05dc4ca23c4/ ctx=fe len=64
[tp] link_data dst=/6494d59968862b51d69ba05dc4ca23c4/ ctx=fb len=192
[link] data_plain len=128 preview=cc343d204fc536882689c77cbddfe144b3cf8abc90165e8a859ee48a492f4b0c
[tp] path_request dest=/b8bbfff472fe128873c9395a3ff8b353/ iface=/d86e8112f3c4c4442126f8e9f44f1686/
[tp] link_data dst=/78761f7229f1b1197357bc483d2ea276/ ctx=06 len=96
[tp] link_data dst=/78761f7229f1b1197357bc483d2ea276/ ctx=fc len=80
[tp] link_data dst=/6dc0cbf09228ee1a19ec353c123ac17e/ ctx=06 len=96
[tp] link_data dst=/6dc0cbf09228ee1a19ec353c123ac17e/ ctx=fc len=80
[tp] path_request dest=/0ffa0968a18cb499c260e774cd3d9f28/ iface=/d86e8112f3c4c4442126f8e9f44f1686/
[tp] path_request dest=/e792a1b9b43cc8b95d12ecd2d1d3e8b2/ iface=/d86e8112f3c4c4442126f8e9f44f1686/
[tp] link_data dst=/2e45a86a58c14d42ca46f2d99713a5b8/ ctx=06 len=96
[tp] link_data dst=/2e45a86a58c14d42ca46f2d99713a5b8/ ctx=fc len=80
[tp] path_request dest=/58681bf71893d092811b7b97b6f767cf/ iface=/d86e8112f3c4c4442126f8e9f44f1686/
[tp] link_request dst=/6dee4caf17f87a1051504791002c8786/ ctx=00 hops=3
[tp] link_proof_tx dst=/6dee4caf17f87a1051504791002c8786/ link_id=/e1cd58f05219530db3dfba91d2822ed7/
[tp] link_data dst=/6494d59968862b51d69ba05dc4ca23c4/ ctx=08 len=32
[tp] link_data dst=/e1cd58f05219530db3dfba91d2822ed7/ ctx=fe len=64
[tp] link_data dst=/e1cd58f05219530db3dfba91d2822ed7/ ctx=fb len=192
[link] data_plain len=128 preview=165580b392d784065c59ad07cd08fc45bc816426f454e09170b261c23bb2fc72
[tp] link_request dst=/6dee4caf17f87a1051504791002c8786/ ctx=00 hops=3
[tp] link_proof_tx dst=/6dee4caf17f87a1051504791002c8786/ link_id=/1289914acce0bb10e6859ebe907cc398/
[tp] link_data dst=/1289914acce0bb10e6859ebe907cc398/ ctx=fe len=64
[tp] link_data dst=/1289914acce0bb10e6859ebe907cc398/ ctx=fb len=192
[link] data_plain len=128 preview=caeb241290061ad1380b094471a8ab92b78aeb000a7b67d3c3af96b3825f2026
[tp] link_data dst=/e1cd58f05219530db3dfba91d2822ed7/ ctx=fc len=80
[tp] path_request dest=/12cb1ed29943213839f0b0d18cd42761/ iface=/d86e8112f3c4c4442126f8e9f44f1686/
[tp] link_request dst=/6dee4caf17f87a1051504791002c8786/ ctx=00 hops=2
[tp] link_proof_tx dst=/6dee4caf17f87a1051504791002c8786/ link_id=/f99ca5d7dd12ae276a7289b087b6b131/
[tp] link_data dst=/f99ca5d7dd12ae276a7289b087b6b131/ ctx=fe len=64
[tp] link_data dst=/f99ca5d7dd12ae276a7289b087b6b131/ ctx=fb len=192
[link] data_plain len=128 preview=586528998cc5cb6f63d677614052350359a4eaac0310a30853a9bed5643f890d
[tp] path_request dest=/e36c13fd857732740ed3421a512e06aa/ iface=/d86e8112f3c4c4442126f8e9f44f1686/
[tp] link_data dst=/1289914acce0bb10e6859ebe907cc398/ ctx=08 len=32
[tp] link_data dst=/6494d59968862b51d69ba05dc4ca23c4/ ctx=06 len=96
[tp] link_data dst=/6494d59968862b51d69ba05dc4ca23c4/ ctx=fc len=80
[tp] path_request dest=/bd4090bc8e1eddbb7b2bf54494c64a46/ iface=/d86e8112f3c4c4442126f8e9f44f1686/
[tp] link_data dst=/f99ca5d7dd12ae276a7289b087b6b131/ ctx=08 len=32
[tp] path_request dest=/995cc3851347f138f51af73d182d5e1d/ iface=/d86e8112f3c4c4442126f8e9f44f1686/
[tp] path_request dest=/e792a1b9b43cc8b95d12ecd2d1d3e8b2/ iface=/d86e8112f3c4c4442126f8e9f44f1686/
[tp] path_request dest=/a3dfea289534e4b2d0f5730310eebd99/ iface=/d86e8112f3c4c4442126f8e9f44f1686/
[tp] path_request dest=/b8bbfff472fe128873c9395a3ff8b353/ iface=/d86e8112f3c4c4442126f8e9f44f1686/
[tp] link_request dst=/6dee4caf17f87a1051504791002c8786/ ctx=00 hops=2
[tp] link_proof_tx dst=/6dee4caf17f87a1051504791002c8786/ link_id=/89c75581425d4fb5bab8c37f35c6d9e1/
[tp] link_data dst=/89c75581425d4fb5bab8c37f35c6d9e1/ ctx=fe len=64
[tp] link_data dst=/89c75581425d4fb5bab8c37f35c6d9e1/ ctx=fb len=192
[link] data_plain len=128 preview=35e65fe12a80ee3d00278ef932383927bd791670aa6a7f7a029c1a472045933f
[tp] link_data dst=/1289914acce0bb10e6859ebe907cc398/ ctx=06 len=96
[tp] link_data dst=/1289914acce0bb10e6859ebe907cc398/ ctx=fc len=80
[tp] path_request dest=/5e07e4230bdc1663f9f8b5e24b923a09/ iface=/d86e8112f3c4c4442126f8e9f44f1686/
[tp] path_request dest=/12cb1ed29943213839f0b0d18cd42761/ iface=/d86e8112f3c4c4442126f8e9f44f1686/
[tp] path_request dest=/e36c13fd857732740ed3421a512e06aa/ iface=/d86e8112f3c4c4442126f8e9f44f1686/
[tp] path_request dest=/4593e597986fc5b58cc81dc14f422320/ iface=/d86e8112f3c4c4442126f8e9f44f1686/
[tp] link_data dst=/f99ca5d7dd12ae276a7289b087b6b131/ ctx=06 len=96
[tp] link_data dst=/f99ca5d7dd12ae276a7289b087b6b131/ ctx=fc len=80
[tp] path_request dest=/f8de3e21f2b92e8eb4bb505f1e1381c4/ iface=/d86e8112f3c4c4442126f8e9f44f1686/
[tp] link_request dst=/6dee4caf17f87a1051504791002c8786/ ctx=00 hops=2
[tp] link_proof_tx dst=/6dee4caf17f87a1051504791002c8786/ link_id=/0bba522f4b0c6c340dbbf0f055b0d51b/
[tp] link_data dst=/0bba522f4b0c6c340dbbf0f055b0d51b/ ctx=fe len=64
[tp] link_data dst=/0bba522f4b0c6c340dbbf0f055b0d51b/ ctx=fb len=192
[link] data_plain len=128 preview=cc343d204fc536882689c77cbddfe144b3cf8abc90165e8a859ee48a492f4b0c
[tp] link_request dst=/6dee4caf17f87a1051504791002c8786/ ctx=00 hops=3
[tp] link_proof_tx dst=/6dee4caf17f87a1051504791002c8786/ link_id=/cd4316b22c9dc0d217f15cd1b1a507fd/
[tp] link_data dst=/cd4316b22c9dc0d217f15cd1b1a507fd/ ctx=fe len=64
[tp] link_data dst=/cd4316b22c9dc0d217f15cd1b1a507fd/ ctx=fb len=192
[link] data_plain len=128 preview=caeb241290061ad1380b094471a8ab92b78aeb000a7b67d3c3af96b3825f2026
[tp] path_request dest=/540c608007597e56524853ff05e73b5d/ iface=/d86e8112f3c4c4442126f8e9f44f1686/
[tp] path_request dest=/bd4090bc8e1eddbb7b2bf54494c64a46/ iface=/d86e8112f3c4c4442126f8e9f44f1686/
[tp] link_data dst=/0bba522f4b0c6c340dbbf0f055b0d51b/ ctx=08 len=32
[tp] path_request dest=/995cc3851347f138f51af73d182d5e1d/ iface=/d86e8112f3c4c4442126f8e9f44f1686/
[tp] link_data dst=/cd4316b22c9dc0d217f15cd1b1a507fd/ ctx=08 len=32
[tp] path_request dest=/b8bbfff472fe128873c9395a3ff8b353/ iface=/d86e8112f3c4c4442126f8e9f44f1686/
[tp] path_request dest=/12cb1ed29943213839f0b0d18cd42761/ iface=/d86e8112f3c4c4442126f8e9f44f1686/
[tp] path_request dest=/04b15fcd28ec8ed7fab945cc9d082dd3/ iface=/d86e8112f3c4c4442126f8e9f44f1686/
[tp] path_request dest=/e36c13fd857732740ed3421a512e06aa/ iface=/d86e8112f3c4c4442126f8e9f44f1686/
[tp] path_request dest=/b18bb3d4ac56c99c5ee4791d79496ca2/ iface=/d86e8112f3c4c4442126f8e9f44f1686/
[tp] path_request dest=/e3c6c8b0f7b1f8a0a0b0c0d0e0f0a1b1/ iface=/d86e8112f3c4c4442126f8e9f44f1686/
[tp] path_request dest=/a3dfea289534e4b2d0f5730310eebd99/ iface=/d86e8112f3c4c4442126f8e9f44f1686/
[tp] link_request dst=/6dee4caf17f87a1051504791002c8786/ ctx=00 hops=3
[tp] link_proof_tx dst=/6dee4caf17f87a1051504791002c8786/ link_id=/b7514531eba0e1c85d35642c2593f414/
[tp] link_data dst=/b7514531eba0e1c85d35642c2593f414/ ctx=fe len=64
[tp] link_data dst=/b7514531eba0e1c85d35642c2593f414/ ctx=fb len=192
[link] data_plain len=128 preview=165580b392d784065c59ad07cd08fc45bc816426f454e09170b261c23bb2fc72
[tp] path_request dest=/e792a1b9b43cc8b95d12ecd2d1d3e8b2/ iface=/d86e8112f3c4c4442126f8e9f44f1686/
[tp] link_data dst=/0bba522f4b0c6c340dbbf0f055b0d51b/ ctx=06 len=96
[tp] link_data dst=/0bba522f4b0c6c340dbbf0f055b0d51b/ ctx=fc len=80
[tp] path_request dest=/ec79c0ef9d714da59be0a3b3d1aed90c/ iface=/d86e8112f3c4c4442126f8e9f44f1686/
[tp] link_data dst=/cd4316b22c9dc0d217f15cd1b1a507fd/ ctx=06 len=96
[tp] link_data dst=/cd4316b22c9dc0d217f15cd1b1a507fd/ ctx=fc len=80
[tp] link_data dst=/b7514531eba0e1c85d35642c2593f414/ ctx=fc len=80
[tp] path_request dest=/58681bf71893d092811b7b97b6f767cf/ iface=/d86e8112f3c4c4442126f8e9f44f1686/
[tp] path_request dest=/b18bb3d4ac56c99c5ee4791d79496ca2/ iface=/d86e8112f3c4c4442126f8e9f44f1686/
[tp] link_data dst=/89c75581425d4fb5bab8c37f35c6d9e1/ ctx=fa len=1
[tp] link_request dst=/6dee4caf17f87a1051504791002c8786/ ctx=00 hops=3
[tp] link_proof_tx dst=/6dee4caf17f87a1051504791002c8786/ link_id=/f38a220142fafe8cbd50dccdff9c6577/
[tp] path_request dest=/12cb1ed29943213839f0b0d18cd42761/ iface=/d86e8112f3c4c4442126f8e9f44f1686/
[tp] link_data dst=/f38a220142fafe8cbd50dccdff9c6577/ ctx=fe len=64
[tp] link_data dst=/f38a220142fafe8cbd50dccdff9c6577/ ctx=fb len=192
[link] data_plain len=128 preview=caeb241290061ad1380b094471a8ab92b78aeb000a7b67d3c3af96b3825f2026
[tp] path_request dest=/b8bbfff472fe128873c9395a3ff8b353/ iface=/d86e8112f3c4c4442126f8e9f44f1686/
[tp] link_request dst=/6dee4caf17f87a1051504791002c8786/ ctx=00 hops=3
[tp] link_proof_tx dst=/6dee4caf17f87a1051504791002c8786/ link_id=/048ec9a2a62cb3b6fb30d222bf332ccb/
[tp] link_data dst=/048ec9a2a62cb3b6fb30d222bf332ccb/ ctx=fe len=64
[tp] link_data dst=/048ec9a2a62cb3b6fb30d222bf332ccb/ ctx=fb len=192
[link] data_plain len=128 preview=165580b392d784065c59ad07cd08fc45bc816426f454e09170b261c23bb2fc72
[tp] link_data dst=/89c75581425d4fb5bab8c37f35c6d9e1/ ctx=06 len=96
[tp] link_data dst=/89c75581425d4fb5bab8c37f35c6d9e1/ ctx=fc len=80
[tp] link_data dst=/f38a220142fafe8cbd50dccdff9c6577/ ctx=08 len=32
[tp] link_data dst=/048ec9a2a62cb3b6fb30d222bf332ccb/ ctx=fc len=80
[tp] link_request dst=/6dee4caf17f87a1051504791002c8786/ ctx=00 hops=3
[tp] link_proof_tx dst=/6dee4caf17f87a1051504791002c8786/ link_id=/4bb71378efe9347a721a45c5918e152a/
[tp] link_data dst=/4bb71378efe9347a721a45c5918e152a/ ctx=fe len=64
[tp] link_data dst=/4bb71378efe9347a721a45c5918e152a/ ctx=fb len=192
[link] data_plain len=128 preview=165580b392d784065c59ad07cd08fc45bc816426f454e09170b261c23bb2fc72
[tp] path_request dest=/a3dfea289534e4b2d0f5730310eebd99/ iface=/d86e8112f3c4c4442126f8e9f44f1686/
[tp] path_request dest=/b4508c693ae1ddc6a0d472977be93bfc/ iface=/d86e8112f3c4c4442126f8e9f44f1686/
[tp] path_request dest=/12cb1ed29943213839f0b0d18cd42761/ iface=/d86e8112f3c4c4442126f8e9f44f1686/
[tp] path_request dest=/0ffa0968a18cb499c260e774cd3d9f28/ iface=/d86e8112f3c4c4442126f8e9f44f1686/
[tp] path_request dest=/e233d8d7e9c5f61419d45138ef0d90ff/ iface=/d86e8112f3c4c4442126f8e9f44f1686/
[tp] link_data dst=/4bb71378efe9347a721a45c5918e152a/ ctx=fc len=80
[tp] link_data dst=/f38a220142fafe8cbd50dccdff9c6577/ ctx=06 len=96
[tp] link_data dst=/f38a220142fafe8cbd50dccdff9c6577/ ctx=fc len=80
[tp] link_request dst=/6dee4caf17f87a1051504791002c8786/ ctx=00 hops=3
[tp] link_proof_tx dst=/6dee4caf17f87a1051504791002c8786/ link_id=/a990827d0f3edafffbdca1e452324f58/
[tp] link_data dst=/a990827d0f3edafffbdca1e452324f58/ ctx=fe len=64
[tp] link_data dst=/a990827d0f3edafffbdca1e452324f58/ ctx=fb len=192
[link] data_plain len=128 preview=165580b392d784065c59ad07cd08fc45bc816426f454e09170b261c23bb2fc72
[tp] path_request dest=/b8bbfff472fe128873c9395a3ff8b353/ iface=/d86e8112f3c4c4442126f8e9f44f1686/
[tp] link_request dst=/6dee4caf17f87a1051504791002c8786/ ctx=00 hops=2
[tp] link_proof_tx dst=/6dee4caf17f87a1051504791002c8786/ link_id=/7de568577e7607ba546c0af3da6a6e50/
[tp] link_data dst=/7de568577e7607ba546c0af3da6a6e50/ ctx=fe len=64
[tp] link_data dst=/7de568577e7607ba546c0af3da6a6e50/ ctx=fb len=192
[link] data_plain len=128 preview=35e65fe12a80ee3d00278ef932383927bd791670aa6a7f7a029c1a472045933f
[tp] link_data dst=/a990827d0f3edafffbdca1e452324f58/ ctx=fc len=80
[tp] path_request dest=/b18bb3d4ac56c99c5ee4791d79496ca2/ iface=/d86e8112f3c4c4442126f8e9f44f1686/
[tp] path_request dest=/bd4090bc8e1eddbb7b2bf54494c64a46/ iface=/d86e8112f3c4c4442126f8e9f44f1686/
[tp] path_request dest=/12cb1ed29943213839f0b0d18cd42761/ iface=/d86e8112f3c4c4442126f8e9f44f1686/
[tp] path_request dest=/995cc3851347f138f51af73d182d5e1d/ iface=/d86e8112f3c4c4442126f8e9f44f1686/
[tp] path_request dest=/965511769c059271e655c503e810a670/ iface=/d86e8112f3c4c4442126f8e9f44f1686/
[tp] path_request dest=/e233d8d7e9c5f61419d45138ef0d90ff/ iface=/d86e8112f3c4c4442126f8e9f44f1686/
[tp] path_request dest=/a3dfea289534e4b2d0f5730310eebd99/ iface=/d86e8112f3c4c4442126f8e9f44f1686/
[tp] path_request dest=/b8bbfff472fe128873c9395a3ff8b353/ iface=/d86e8112f3c4c4442126f8e9f44f1686/
[tp] path_request dest=/fb9aca8a82abc784d75835c1e181adde/ iface=/d86e8112f3c4c4442126f8e9f44f1686/
[tp] path_request dest=/12cb1ed29943213839f0b0d18cd42761/ iface=/d86e8112f3c4c4442126f8e9f44f1686/
[tp] link_request dst=/6dee4caf17f87a1051504791002c8786/ ctx=00 hops=2
[tp] link_proof_tx dst=/6dee4caf17f87a1051504791002c8786/ link_id=/4ee368d178555a121efac0a0afcea133/
[tp] link_data dst=/4ee368d178555a121efac0a0afcea133/ ctx=fe len=64
[tp] link_data dst=/4ee368d178555a121efac0a0afcea133/ ctx=fb len=192
[link] data_plain len=128 preview=586528998cc5cb6f63d677614052350359a4eaac0310a30853a9bed5643f890d
[tp] link_request dst=/6dee4caf17f87a1051504791002c8786/ ctx=00 hops=2
[tp] link_proof_tx dst=/6dee4caf17f87a1051504791002c8786/ link_id=/2edb79cea22d325d2a233d265b351867/
[tp] link_data dst=/2edb79cea22d325d2a233d265b351867/ ctx=fe len=64
[tp] link_data dst=/2edb79cea22d325d2a233d265b351867/ ctx=fb len=192
[link] data_plain len=128 preview=cc343d204fc536882689c77cbddfe144b3cf8abc90165e8a859ee48a492f4b0c
[tp] path_request dest=/053db2ffc4105a601f6ac5f23cc356d6/ iface=/d86e8112f3c4c4442126f8e9f44f1686/
[tp] path_request dest=/bd4090bc8e1eddbb7b2bf54494c64a46/ iface=/d86e8112f3c4c4442126f8e9f44f1686/
[tp] path_request dest=/0769357259e48819ea9194b6230b2cef/ iface=/d86e8112f3c4c4442126f8e9f44f1686/
[tp] link_data dst=/7de568577e7607ba546c0af3da6a6e50/ ctx=fa len=1
[tp] link_data dst=/4ee368d178555a121efac0a0afcea133/ ctx=08 len=32
[tp] link_data dst=/2edb79cea22d325d2a233d265b351867/ ctx=08 len=32
[tp] path_request dest=/995cc3851347f138f51af73d182d5e1d/ iface=/d86e8112f3c4c4442126f8e9f44f1686/
[tp] path_request dest=/58681bf71893d092811b7b97b6f767cf/ iface=/d86e8112f3c4c4442126f8e9f44f1686/
[tp] path_request dest=/12cb1ed29943213839f0b0d18cd42761/ iface=/d86e8112f3c4c4442126f8e9f44f1686/
[tp] path_request dest=/b8bbfff472fe128873c9395a3ff8b353/ iface=/d86e8112f3c4c4442126f8e9f44f1686/
[tp] path_request dest=/a3dfea289534e4b2d0f5730310eebd99/ iface=/d86e8112f3c4c4442126f8e9f44f1686/
[tp] link_data dst=/7de568577e7607ba546c0af3da6a6e50/ ctx=06 len=96
[tp] link_data dst=/7de568577e7607ba546c0af3da6a6e50/ ctx=fc len=80
[tp] link_data dst=/2edb79cea22d325d2a233d265b351867/ ctx=06 len=96
[tp] link_data dst=/2edb79cea22d325d2a233d265b351867/ ctx=fc len=80
[tp] link_data dst=/4ee368d178555a121efac0a0afcea133/ ctx=06 len=96
[tp] link_data dst=/4ee368d178555a121efac0a0afcea133/ ctx=fc len=80
[tp] link_request dst=/6dee4caf17f87a1051504791002c8786/ ctx=00 hops=2
[tp] link_proof_tx dst=/6dee4caf17f87a1051504791002c8786/ link_id=/df87553d31465207ae28e6f68ff46f76/
[tp] link_data dst=/df87553d31465207ae28e6f68ff46f76/ ctx=fe len=64
[tp] link_data dst=/df87553d31465207ae28e6f68ff46f76/ ctx=fb len=192
[link] data_plain len=128 preview=35e65fe12a80ee3d00278ef932383927bd791670aa6a7f7a029c1a472045933f
[tp] link_request dst=/6dee4caf17f87a1051504791002c8786/ ctx=00 hops=3
[tp] link_proof_tx dst=/6dee4caf17f87a1051504791002c8786/ link_id=/93d0251631776fdc0e1242d7712b7228/
[tp] link_data dst=/93d0251631776fdc0e1242d7712b7228/ ctx=fe len=64
[tp] link_data dst=/93d0251631776fdc0e1242d7712b7228/ ctx=fb len=192
[link] data_plain len=128 preview=165580b392d784065c59ad07cd08fc45bc816426f454e09170b261c23bb2fc72
[tp] link_request dst=/6dee4caf17f87a1051504791002c8786/ ctx=00 hops=1
[tp] link_proof_tx dst=/6dee4caf17f87a1051504791002c8786/ link_id=/20b4bae322ce086d927cccd93a458fbe/
[tp] link_data dst=/20b4bae322ce086d927cccd93a458fbe/ ctx=fe len=64
[tp] link_data dst=/20b4bae322ce086d927cccd93a458fbe/ ctx=fb len=192
[link] data_plain len=128 preview=48239eb3ae793e1da445b9b6068893bd1378929c015a521651146fb7e3d25320
[tp] path_request dest=/4762234229b7e0b83c68b857bdf245c3/ iface=/d86e8112f3c4c4442126f8e9f44f1686/
[tp] path_request dest=/e792a1b9b43cc8b95d12ecd2d1d3e8b2/ iface=/d86e8112f3c4c4442126f8e9f44f1686/
[tp] link_data dst=/93d0251631776fdc0e1242d7712b7228/ ctx=fc len=80
[tp] path_request dest=/04b15fcd28ec8ed7fab945cc9d082dd3/ iface=/d86e8112f3c4c4442126f8e9f44f1686/
[tp] path_request dest=/e233d8d7e9c5f61419d45138ef0d90ff/ iface=/d86e8112f3c4c4442126f8e9f44f1686/
[tp] link_data dst=/20b4bae322ce086d927cccd93a458fbe/ ctx=08 len=32
[tp] path_request dest=/12cb1ed29943213839f0b0d18cd42761/ iface=/d86e8112f3c4c4442126f8e9f44f1686/
[tp] path_request dest=/c04ed3e589c8a6621bb166c913b0a330/ iface=/d86e8112f3c4c4442126f8e9f44f1686/
[tp] link_request dst=/6dee4caf17f87a1051504791002c8786/ ctx=00 hops=2
[tp] link_proof_tx dst=/6dee4caf17f87a1051504791002c8786/ link_id=/df003bf84bf40b79368dcd4919f29d9c/
[tp] link_data dst=/df003bf84bf40b79368dcd4919f29d9c/ ctx=fe len=64
[tp] link_data dst=/df003bf84bf40b79368dcd4919f29d9c/ ctx=fb len=192
[link] data_plain len=128 preview=cc343d204fc536882689c77cbddfe144b3cf8abc90165e8a859ee48a492f4b0c
[tp] path_request dest=/995cc3851347f138f51af73d182d5e1d/ iface=/d86e8112f3c4c4442126f8e9f44f1686/
[tp] path_request dest=/b8bbfff472fe128873c9395a3ff8b353/ iface=/d86e8112f3c4c4442126f8e9f44f1686/
[tp] path_request dest=/6fd9c56a0d375ee60023aaedc1b03377/ iface=/d86e8112f3c4c4442126f8e9f44f1686/
[tp] link_request dst=/6dee4caf17f87a1051504791002c8786/ ctx=00 hops=3
[tp] link_proof_tx dst=/6dee4caf17f87a1051504791002c8786/ link_id=/5dee4494c60f9ec5ca846bb10238d9b1/
[tp] link_data dst=/5dee4494c60f9ec5ca846bb10238d9b1/ ctx=fe len=64
[tp] link_data dst=/5dee4494c60f9ec5ca846bb10238d9b1/ ctx=fb len=192
[link] data_plain len=128 preview=caeb241290061ad1380b094471a8ab92b78aeb000a7b67d3c3af96b3825f2026
[tp] path_request dest=/0ffa0968a18cb499c260e774cd3d9f28/ iface=/d86e8112f3c4c4442126f8e9f44f1686/
[tp] link_data dst=/df003bf84bf40b79368dcd4919f29d9c/ ctx=08 len=32
[tp] path_request dest=/e233d8d7e9c5f61419d45138ef0d90ff/ iface=/d86e8112f3c4c4442126f8e9f44f1686/
[tp] link_data dst=/20b4bae322ce086d927cccd93a458fbe/ ctx=06 len=96
[tp] link_data dst=/20b4bae322ce086d927cccd93a458fbe/ ctx=fc len=80
[tp] path_request dest=/a3dfea289534e4b2d0f5730310eebd99/ iface=/d86e8112f3c4c4442126f8e9f44f1686/
[tp] path_request dest=/4c4df9bd8d9d50fbab20e0d47880da95/ iface=/d86e8112f3c4c4442126f8e9f44f1686/
[tp] path_request dest=/04b15fcd28ec8ed7fab945cc9d082dd3/ iface=/d86e8112f3c4c4442126f8e9f44f1686/
[tp] link_data dst=/5dee4494c60f9ec5ca846bb10238d9b1/ ctx=08 len=32
[tp] path_request dest=/12cb1ed29943213839f0b0d18cd42761/ iface=/d86e8112f3c4c4442126f8e9f44f1686/
[tp] link_data dst=/df87553d31465207ae28e6f68ff46f76/ ctx=fa len=1
[tp] path_request dest=/f8de3e21f2b92e8eb4bb505f1e1381c4/ iface=/d86e8112f3c4c4442126f8e9f44f1686/
[tp] link_data dst=/df003bf84bf40b79368dcd4919f29d9c/ ctx=06 len=96
[tp] link_data dst=/df003bf84bf40b79368dcd4919f29d9c/ ctx=fc len=80
[tp] path_request dest=/58681bf71893d092811b7b97b6f767cf/ iface=/d86e8112f3c4c4442126f8e9f44f1686/
[tp] path_request dest=/b8bbfff472fe128873c9395a3ff8b353/ iface=/d86e8112f3c4c4442126f8e9f44f1686/
[tp] link_data dst=/5dee4494c60f9ec5ca846bb10238d9b1/ ctx=06 len=96
[tp] link_data dst=/5dee4494c60f9ec5ca846bb10238d9b1/ ctx=fc len=80
[tp] link_data dst=/df87553d31465207ae28e6f68ff46f76/ ctx=06 len=96
[tp] link_data dst=/df87553d31465207ae28e6f68ff46f76/ ctx=fc len=80
[tp] path_request dest=/12cb1ed29943213839f0b0d18cd42761/ iface=/d86e8112f3c4c4442126f8e9f44f1686/
[tp] path_request dest=/995cc3851347f138f51af73d182d5e1d/ iface=/d86e8112f3c4c4442126f8e9f44f1686/
[tp] link_request dst=/6dee4caf17f87a1051504791002c8786/ ctx=00 hops=2
[tp] link_proof_tx dst=/6dee4caf17f87a1051504791002c8786/ link_id=/ae1f9035aa75baae090640eef2335318/
[tp] link_data dst=/ae1f9035aa75baae090640eef2335318/ ctx=fe len=64
[tp] link_data dst=/ae1f9035aa75baae090640eef2335318/ ctx=fb len=192
[link] data_plain len=128 preview=35e65fe12a80ee3d00278ef932383927bd791670aa6a7f7a029c1a472045933f
[tp] link_request dst=/6dee4caf17f87a1051504791002c8786/ ctx=00 hops=2
[tp] link_proof_tx dst=/6dee4caf17f87a1051504791002c8786/ link_id=/10d819c2369fd4e6d049c9593750b0e2/
[tp] path_request dest=/f8de3e21f2b92e8eb4bb505f1e1381c4/ iface=/d86e8112f3c4c4442126f8e9f44f1686/
[tp] link_data dst=/10d819c2369fd4e6d049c9593750b0e2/ ctx=fe len=64
[tp] link_data dst=/10d819c2369fd4e6d049c9593750b0e2/ ctx=fb len=192
[link] data_plain len=128 preview=cc343d204fc536882689c77cbddfe144b3cf8abc90165e8a859ee48a492f4b0c
[tp] path_request dest=/a3dfea289534e4b2d0f5730310eebd99/ iface=/d86e8112f3c4c4442126f8e9f44f1686/
[tp] path_request dest=/b18bb3d4ac56c99c5ee4791d79496ca2/ iface=/d86e8112f3c4c4442126f8e9f44f1686/
[tp] link_request dst=/6dee4caf17f87a1051504791002c8786/ ctx=00 hops=3
[tp] link_proof_tx dst=/6dee4caf17f87a1051504791002c8786/ link_id=/6032ce7f5430cbef6de16d99222fd1ae/
[tp] link_data dst=/6032ce7f5430cbef6de16d99222fd1ae/ ctx=fe len=64
[tp] link_data dst=/6032ce7f5430cbef6de16d99222fd1ae/ ctx=fb len=192
[link] data_plain len=128 preview=165580b392d784065c59ad07cd08fc45bc816426f454e09170b261c23bb2fc72
[tp] path_request dest=/965511769c059271e655c503e810a670/ iface=/d86e8112f3c4c4442126f8e9f44f1686/
[tp] path_request dest=/b87d16a2ead83fd1c567cf8a45c83df4/ iface=/d86e8112f3c4c4442126f8e9f44f1686/
[tp] link_data dst=/10d819c2369fd4e6d049c9593750b0e2/ ctx=08 len=32
[tp] path_request dest=/6fe58e1d906d9f448b53533f0f2b7457/ iface=/d86e8112f3c4c4442126f8e9f44f1686/
[tp] link_data dst=/6032ce7f5430cbef6de16d99222fd1ae/ ctx=fc len=80
[tp] path_request dest=/b8bbfff472fe128873c9395a3ff8b353/ iface=/d86e8112f3c4c4442126f8e9f44f1686/
[tp] path_request dest=/12cb1ed29943213839f0b0d18cd42761/ iface=/d86e8112f3c4c4442126f8e9f44f1686/
[tp] link_request dst=/6dee4caf17f87a1051504791002c8786/ ctx=00 hops=3
[tp] link_proof_tx dst=/6dee4caf17f87a1051504791002c8786/ link_id=/2c527dc71f6ef74b6a7059bb72f4f3fa/
[tp] link_data dst=/2c527dc71f6ef74b6a7059bb72f4f3fa/ ctx=fe len=64
[tp] link_data dst=/2c527dc71f6ef74b6a7059bb72f4f3fa/ ctx=fb len=192
[link] data_plain len=128 preview=caeb241290061ad1380b094471a8ab92b78aeb000a7b67d3c3af96b3825f2026
[tp] path_request dest=/74dcb56f61527c495484771b7ebebb3e/ iface=/d86e8112f3c4c4442126f8e9f44f1686/
[tp] link_data dst=/10d819c2369fd4e6d049c9593750b0e2/ ctx=06 len=96
[tp] link_data dst=/10d819c2369fd4e6d049c9593750b0e2/ ctx=fc len=80
[tp] path_request dest=/995cc3851347f138f51af73d182d5e1d/ iface=/d86e8112f3c4c4442126f8e9f44f1686/
[tp] link_data dst=/2c527dc71f6ef74b6a7059bb72f4f3fa/ ctx=08 len=32
[tp] link_data dst=/ae1f9035aa75baae090640eef2335318/ ctx=fa len=1
[tp] path_request dest=/e233d8d7e9c5f61419d45138ef0d90ff/ iface=/d86e8112f3c4c4442126f8e9f44f1686/
[tp] path_request dest=/12cb1ed29943213839f0b0d18cd42761/ iface=/d86e8112f3c4c4442126f8e9f44f1686/
[tp] link_request dst=/6dee4caf17f87a1051504791002c8786/ ctx=00 hops=2
[tp] link_proof_tx dst=/6dee4caf17f87a1051504791002c8786/ link_id=/5eb9a0ba55fe5a6cdd3f620b1e450378/
[tp] link_data dst=/5eb9a0ba55fe5a6cdd3f620b1e450378/ ctx=fe len=64
[tp] link_data dst=/5eb9a0ba55fe5a6cdd3f620b1e450378/ ctx=fb len=192
[link] data_plain len=128 preview=586528998cc5cb6f63d677614052350359a4eaac0310a30853a9bed5643f890d
[tp] path_request dest=/b8bbfff472fe128873c9395a3ff8b353/ iface=/d86e8112f3c4c4442126f8e9f44f1686/
[tp] link_data dst=/2c527dc71f6ef74b6a7059bb72f4f3fa/ ctx=06 len=96
[tp] link_data dst=/2c527dc71f6ef74b6a7059bb72f4f3fa/ ctx=fc len=80
[tp] path_request dest=/e233d8d7e9c5f61419d45138ef0d90ff/ iface=/d86e8112f3c4c4442126f8e9f44f1686/
[tp] link_data dst=/5eb9a0ba55fe5a6cdd3f620b1e450378/ ctx=08 len=32
[tp] link_data dst=/ae1f9035aa75baae090640eef2335318/ ctx=06 len=96
[tp] link_data dst=/ae1f9035aa75baae090640eef2335318/ ctx=fc len=80
[tp] link_request dst=/6dee4caf17f87a1051504791002c8786/ ctx=00 hops=2
[tp] link_proof_tx dst=/6dee4caf17f87a1051504791002c8786/ link_id=/c72ea0ddc5f76ca75fc315692e52320a/
[tp] link_data dst=/c72ea0ddc5f76ca75fc315692e52320a/ ctx=fe len=64
[tp] link_data dst=/c72ea0ddc5f76ca75fc315692e52320a/ ctx=fb len=192
[link] data_plain len=128 preview=35e65fe12a80ee3d00278ef932383927bd791670aa6a7f7a029c1a472045933f
[tp] link_request dst=/6dee4caf17f87a1051504791002c8786/ ctx=00 hops=2
[tp] link_proof_tx dst=/6dee4caf17f87a1051504791002c8786/ link_id=/e1b8c3d9005d49511e0bba9e30de05f2/
[tp] link_data dst=/e1b8c3d9005d49511e0bba9e30de05f2/ ctx=fe len=64
[tp] link_data dst=/e1b8c3d9005d49511e0bba9e30de05f2/ ctx=fb len=192
[link] data_plain len=128 preview=cc343d204fc536882689c77cbddfe144b3cf8abc90165e8a859ee48a492f4b0c
[tp] path_request dest=/12cb1ed29943213839f0b0d18cd42761/ iface=/d86e8112f3c4c4442126f8e9f44f1686/
[tp] path_request dest=/0ffa0968a18cb499c260e774cd3d9f28/ iface=/d86e8112f3c4c4442126f8e9f44f1686/
[tp] path_request dest=/995cc3851347f138f51af73d182d5e1d/ iface=/d86e8112f3c4c4442126f8e9f44f1686/
[tp] link_request dst=/6dee4caf17f87a1051504791002c8786/ ctx=00 hops=3
[tp] link_proof_tx dst=/6dee4caf17f87a1051504791002c8786/ link_id=/bcd8e9b0f82f827d24b741b4dfa97463/
[tp] path_request dest=/b18bb3d4ac56c99c5ee4791d79496ca2/ iface=/d86e8112f3c4c4442126f8e9f44f1686/
[tp] link_data dst=/bcd8e9b0f82f827d24b741b4dfa97463/ ctx=fe len=64
[tp] link_data dst=/bcd8e9b0f82f827d24b741b4dfa97463/ ctx=fb len=192
[link] data_plain len=128 preview=165580b392d784065c59ad07cd08fc45bc816426f454e09170b261c23bb2fc72
[tp] path_request dest=/e233d8d7e9c5f61419d45138ef0d90ff/ iface=/d86e8112f3c4c4442126f8e9f44f1686/
[tp] link_data dst=/5eb9a0ba55fe5a6cdd3f620b1e450378/ ctx=06 len=96
[tp] link_data dst=/5eb9a0ba55fe5a6cdd3f620b1e450378/ ctx=fc len=80
[tp] link_data dst=/e1b8c3d9005d49511e0bba9e30de05f2/ ctx=08 len=32
[tp] link_request dst=/6dee4caf17f87a1051504791002c8786/ ctx=00 hops=3
[tp] link_proof_tx dst=/6dee4caf17f87a1051504791002c8786/ link_id=/ebe3c8007d394e3626f0a28bd6f07354/
[tp] link_data dst=/ebe3c8007d394e3626f0a28bd6f07354/ ctx=fe len=64
[tp] link_data dst=/ebe3c8007d394e3626f0a28bd6f07354/ ctx=fb len=192
[link] data_plain len=128 preview=caeb241290061ad1380b094471a8ab92b78aeb000a7b67d3c3af96b3825f2026
[tp] path_request dest=/540c608007597e56524853ff05e73b5d/ iface=/d86e8112f3c4c4442126f8e9f44f1686/
[tp] link_data dst=/bcd8e9b0f82f827d24b741b4dfa97463/ ctx=fc len=80
[tp] path_request dest=/b8bbfff472fe128873c9395a3ff8b353/ iface=/d86e8112f3c4c4442126f8e9f44f1686/
[tp] path_request dest=/a3dfea289534e4b2d0f5730310eebd99/ iface=/d86e8112f3c4c4442126f8e9f44f1686/
[tp] link_request dst=/6dee4caf17f87a1051504791002c8786/ ctx=00 hops=3
[tp] link_proof_tx dst=/6dee4caf17f87a1051504791002c8786/ link_id=/b01f6cbae5e6aa99c016b9114d27ccfe/
[tp] link_data dst=/b01f6cbae5e6aa99c016b9114d27ccfe/ ctx=fe len=64
[tp] link_data dst=/b01f6cbae5e6aa99c016b9114d27ccfe/ ctx=fb len=192
[link] data_plain len=128 preview=165580b392d784065c59ad07cd08fc45bc816426f454e09170b261c23bb2fc72
[tp] path_request dest=/b18bb3d4ac56c99c5ee4791d79496ca2/ iface=/d86e8112f3c4c4442126f8e9f44f1686/
[tp] path_request dest=/e233d8d7e9c5f61419d45138ef0d90ff/ iface=/d86e8112f3c4c4442126f8e9f44f1686/
[tp] link_data dst=/ebe3c8007d394e3626f0a28bd6f07354/ ctx=08 len=32
[tp] path_request dest=/12cb1ed29943213839f0b0d18cd42761/ iface=/d86e8112f3c4c4442126f8e9f44f1686/
[tp] link_data dst=/b01f6cbae5e6aa99c016b9114d27ccfe/ ctx=fc len=80
[tp] path_request dest=/cd6065d748509609cb92f37e43ed0576/ iface=/d86e8112f3c4c4442126f8e9f44f1686/
[tp] path_request dest=/0ffa0968a18cb499c260e774cd3d9f28/ iface=/d86e8112f3c4c4442126f8e9f44f1686/
[tp] link_data dst=/e1b8c3d9005d49511e0bba9e30de05f2/ ctx=06 len=96
[tp] link_data dst=/e1b8c3d9005d49511e0bba9e30de05f2/ ctx=fc len=80
[tp] link_data dst=/c72ea0ddc5f76ca75fc315692e52320a/ ctx=fa len=1
[tp] link_data dst=/ebe3c8007d394e3626f0a28bd6f07354/ ctx=06 len=96
[tp] link_data dst=/ebe3c8007d394e3626f0a28bd6f07354/ ctx=fc len=80
[tp] announce_tx dst=/f2e29f00e8ddda9f81d1845a7224793e/ app_data_len=0
[tp] announce_tx dst=/6dee4caf17f87a1051504791002c8786/ app_data_len=36
[tp] path_request dest=/d9a4296c02b1208fad2b4ac5c08af067/ iface=/d86e8112f3c4c4442126f8e9f44f1686/
[tp] path_request dest=/b8bbfff472fe128873c9395a3ff8b353/ iface=/d86e8112f3c4c4442126f8e9f44f1686/
[tp] path_request dest=/12cb1ed29943213839f0b0d18cd42761/ iface=/d86e8112f3c4c4442126f8e9f44f1686/
[tp] path_request dest=/995cc3851347f138f51af73d182d5e1d/ iface=/d86e8112f3c4c4442126f8e9f44f1686/
[tp] link_data dst=/c72ea0ddc5f76ca75fc315692e52320a/ ctx=06 len=96
[tp] link_data dst=/c72ea0ddc5f76ca75fc315692e52320a/ ctx=fc len=80
[tp] link_request dst=/6dee4caf17f87a1051504791002c8786/ ctx=00 hops=2
[tp] link_proof_tx dst=/6dee4caf17f87a1051504791002c8786/ link_id=/08a1f132638fa15006aac34a2a69b8d9/
[tp] link_data dst=/08a1f132638fa15006aac34a2a69b8d9/ ctx=fe len=64
[tp] link_data dst=/08a1f132638fa15006aac34a2a69b8d9/ ctx=fb len=192
[link] data_plain len=128 preview=35e65fe12a80ee3d00278ef932383927bd791670aa6a7f7a029c1a472045933f
[tp] path_request dest=/e233d8d7e9c5f61419d45138ef0d90ff/ iface=/d86e8112f3c4c4442126f8e9f44f1686/
[tp] link_request dst=/6dee4caf17f87a1051504791002c8786/ ctx=00 hops=1
[tp] link_proof_tx dst=/6dee4caf17f87a1051504791002c8786/ link_id=/ec4ea9e2a635ccdf617913c1a40132ab/
[tp] link_data dst=/ec4ea9e2a635ccdf617913c1a40132ab/ ctx=fe len=64
[tp] link_data dst=/ec4ea9e2a635ccdf617913c1a40132ab/ ctx=fb len=192
[link] data_plain len=128 preview=722fe51808e9a53c865100a3d27a9490d79d892a18343cef7df37d080fa80170
[tp] path_request dest=/12cb1ed29943213839f0b0d18cd42761/ iface=/d86e8112f3c4c4442126f8e9f44f1686/
[tp] path_request dest=/7c51838d667176f42be7758ef7722667/ iface=/d86e8112f3c4c4442126f8e9f44f1686/
[tp] path_request dest=/b8bbfff472fe128873c9395a3ff8b353/ iface=/d86e8112f3c4c4442126f8e9f44f1686/
[tp] link_request dst=/6dee4caf17f87a1051504791002c8786/ ctx=00 hops=2
[tp] link_proof_tx dst=/6dee4caf17f87a1051504791002c8786/ link_id=/3f374af8d7a13f0ba699644eecb02b2e/
[tp] link_data dst=/3f374af8d7a13f0ba699644eecb02b2e/ ctx=fe len=64
[tp] link_data dst=/3f374af8d7a13f0ba699644eecb02b2e/ ctx=fb len=192
[link] data_plain len=128 preview=caeb241290061ad1380b094471a8ab92b78aeb000a7b67d3c3af96b3825f2026
[tp] link_data dst=/ec4ea9e2a635ccdf617913c1a40132ab/ ctx=08 len=32
[tp] path_request dest=/f8de3e21f2b92e8eb4bb505f1e1381c4/ iface=/d86e8112f3c4c4442126f8e9f44f1686/
[tp] path_request dest=/995cc3851347f138f51af73d182d5e1d/ iface=/d86e8112f3c4c4442126f8e9f44f1686/
[tp] link_data dst=/3f374af8d7a13f0ba699644eecb02b2e/ ctx=08 len=32
[tp] path_request dest=/7c51838d667176f42be7758ef7722667/ iface=/d86e8112f3c4c4442126f8e9f44f1686/
[tp] path_request dest=/b4508c693ae1ddc6a0d472977be93bfc/ iface=/d86e8112f3c4c4442126f8e9f44f1686/
[tp] path_request dest=/f8de3e21f2b92e8eb4bb505f1e1381c4/ iface=/d86e8112f3c4c4442126f8e9f44f1686/
[tp] link_data dst=/ec4ea9e2a635ccdf617913c1a40132ab/ ctx=06 len=96
[tp] link_data dst=/ec4ea9e2a635ccdf617913c1a40132ab/ ctx=fc len=80
[tp] link_request dst=/6dee4caf17f87a1051504791002c8786/ ctx=00 hops=2
[tp] link_proof_tx dst=/6dee4caf17f87a1051504791002c8786/ link_id=/c32609f7d19a6b7f43034dea9009f742/
[tp] path_request dest=/e233d8d7e9c5f61419d45138ef0d90ff/ iface=/d86e8112f3c4c4442126f8e9f44f1686/
[tp] path_request dest=/12cb1ed29943213839f0b0d18cd42761/ iface=/d86e8112f3c4c4442126f8e9f44f1686/
[tp] link_data dst=/c32609f7d19a6b7f43034dea9009f742/ ctx=fe len=64
[tp] link_data dst=/c32609f7d19a6b7f43034dea9009f742/ ctx=fb len=192
[link] data_plain len=128 preview=586528998cc5cb6f63d677614052350359a4eaac0310a30853a9bed5643f890d
[tp] link_data dst=/08a1f132638fa15006aac34a2a69b8d9/ ctx=fa len=1
[tp] link_data dst=/3f374af8d7a13f0ba699644eecb02b2e/ ctx=06 len=96
[tp] link_data dst=/3f374af8d7a13f0ba699644eecb02b2e/ ctx=fc len=80
[tp] path_request dest=/b8bbfff472fe128873c9395a3ff8b353/ iface=/d86e8112f3c4c4442126f8e9f44f1686/
[tp] path_request dest=/fc359d5aabd3ebea14c35f45db89e8b6/ iface=/d86e8112f3c4c4442126f8e9f44f1686/
[tp] path_request dest=/58681bf71893d092811b7b97b6f767cf/ iface=/d86e8112f3c4c4442126f8e9f44f1686/
[tp] link_data dst=/c32609f7d19a6b7f43034dea9009f742/ ctx=08 len=32
[tp] path_request dest=/b18bb3d4ac56c99c5ee4791d79496ca2/ iface=/d86e8112f3c4c4442126f8e9f44f1686/
[tp] path_request dest=/e233d8d7e9c5f61419d45138ef0d90ff/ iface=/d86e8112f3c4c4442126f8e9f44f1686/
[tp] path_request dest=/12cb1ed29943213839f0b0d18cd42761/ iface=/d86e8112f3c4c4442126f8e9f44f1686/
[tp] path_request dest=/6fd9c56a0d375ee60023aaedc1b03377/ iface=/d86e8112f3c4c4442126f8e9f44f1686/
[tp] path_request dest=/995cc3851347f138f51af73d182d5e1d/ iface=/d86e8112f3c4c4442126f8e9f44f1686/
[tp] link_data dst=/08a1f132638fa15006aac34a2a69b8d9/ ctx=06 len=96
[tp] link_data dst=/08a1f132638fa15006aac34a2a69b8d9/ ctx=fc len=80
[tp] link_request dst=/6dee4caf17f87a1051504791002c8786/ ctx=00 hops=2
[tp] link_proof_tx dst=/6dee4caf17f87a1051504791002c8786/ link_id=/8e82435c4fa000e9de437fbe24f92862/
[tp] link_data dst=/8e82435c4fa000e9de437fbe24f92862/ ctx=fe len=64
[tp] link_data dst=/8e82435c4fa000e9de437fbe24f92862/ ctx=fb len=192
[link] data_plain len=128 preview=35e65fe12a80ee3d00278ef932383927bd791670aa6a7f7a029c1a472045933f
[tp] path_request dest=/b18bb3d4ac56c99c5ee4791d79496ca2/ iface=/d86e8112f3c4c4442126f8e9f44f1686/
[tp] path_request dest=/e233d8d7e9c5f61419d45138ef0d90ff/ iface=/d86e8112f3c4c4442126f8e9f44f1686/
[tp] link_request dst=/6dee4caf17f87a1051504791002c8786/ ctx=00 hops=1
[tp] link_proof_tx dst=/6dee4caf17f87a1051504791002c8786/ link_id=/b529e77a12951f64b16e956f389f8d51/
[tp] link_data dst=/b529e77a12951f64b16e956f389f8d51/ ctx=fe len=64
[tp] link_data dst=/b529e77a12951f64b16e956f389f8d51/ ctx=fb len=192
[link] data_plain len=128 preview=722fe51808e9a53c865100a3d27a9490d79d892a18343cef7df37d080fa80170
[tp] path_request dest=/a3dfea289534e4b2d0f5730310eebd99/ iface=/d86e8112f3c4c4442126f8e9f44f1686/
[tp] path_request dest=/58681bf71893d092811b7b97b6f767cf/ iface=/d86e8112f3c4c4442126f8e9f44f1686/
[tp] path_request dest=/0ffa0968a18cb499c260e774cd3d9f28/ iface=/d86e8112f3c4c4442126f8e9f44f1686/
[tp] link_data dst=/c32609f7d19a6b7f43034dea9009f742/ ctx=06 len=96
[tp] link_data dst=/c32609f7d19a6b7f43034dea9009f742/ ctx=fc len=80
[tp] path_request dest=/b8bbfff472fe128873c9395a3ff8b353/ iface=/d86e8112f3c4c4442126f8e9f44f1686/
[tp] link_request dst=/6dee4caf17f87a1051504791002c8786/ ctx=00 hops=2
[tp] link_proof_tx dst=/6dee4caf17f87a1051504791002c8786/ link_id=/6d20c3d9df9afdb7627bb30b3dad2cf0/
[tp] link_data dst=/6d20c3d9df9afdb7627bb30b3dad2cf0/ ctx=fe len=64
[tp] link_data dst=/6d20c3d9df9afdb7627bb30b3dad2cf0/ ctx=fb len=192
[link] data_plain len=128 preview=caeb241290061ad1380b094471a8ab92b78aeb000a7b67d3c3af96b3825f2026
[tp] link_data dst=/b529e77a12951f64b16e956f389f8d51/ ctx=08 len=32
[tp] path_request dest=/12cb1ed29943213839f0b0d18cd42761/ iface=/d86e8112f3c4c4442126f8e9f44f1686/
[tp] link_request dst=/6dee4caf17f87a1051504791002c8786/ ctx=00 hops=2
[tp] link_proof_tx dst=/6dee4caf17f87a1051504791002c8786/ link_id=/b71bed22d30febdebca36bd487befa1f/
[tp] path_request dest=/b18bb3d4ac56c99c5ee4791d79496ca2/ iface=/d86e8112f3c4c4442126f8e9f44f1686/
[tp] link_data dst=/b71bed22d30febdebca36bd487befa1f/ ctx=fe len=64
[tp] link_data dst=/b71bed22d30febdebca36bd487befa1f/ ctx=fb len=192
[link] data_plain len=128 preview=586528998cc5cb6f63d677614052350359a4eaac0310a30853a9bed5643f890d
[tp] path_request dest=/58681bf71893d092811b7b97b6f767cf/ iface=/d86e8112f3c4c4442126f8e9f44f1686/
[tp] link_data dst=/6d20c3d9df9afdb7627bb30b3dad2cf0/ ctx=08 len=32
[tp] link_request dst=/6dee4caf17f87a1051504791002c8786/ ctx=00 hops=2
[tp] link_proof_tx dst=/6dee4caf17f87a1051504791002c8786/ link_id=/a0866899c6a7439b59d234136298b4b6/
[tp] link_data dst=/a0866899c6a7439b59d234136298b4b6/ ctx=fe len=64
[tp] link_data dst=/a0866899c6a7439b59d234136298b4b6/ ctx=fb len=192
[link] data_plain len=128 preview=c757c88946ae81f0974a33437ab209bac39469edc778f04bc7c155cdb8ea1441
[tp] path_request dest=/e36c13fd857732740ed3421a512e06aa/ iface=/d86e8112f3c4c4442126f8e9f44f1686/
[tp] link_data dst=/b529e77a12951f64b16e956f389f8d51/ ctx=06 len=96
[tp] link_data dst=/b529e77a12951f64b16e956f389f8d51/ ctx=fc len=80
[tp] path_request dest=/995cc3851347f138f51af73d182d5e1d/ iface=/d86e8112f3c4c4442126f8e9f44f1686/
[tp] path_request dest=/e233d8d7e9c5f61419d45138ef0d90ff/ iface=/d86e8112f3c4c4442126f8e9f44f1686/
[tp] link_data dst=/a0866899c6a7439b59d234136298b4b6/ ctx=fc len=80
[tp] path_request dest=/f8de3e21f2b92e8eb4bb505f1e1381c4/ iface=/d86e8112f3c4c4442126f8e9f44f1686/
[tp] link_data dst=/b71bed22d30febdebca36bd487befa1f/ ctx=08 len=32
[tp] path_request dest=/58681bf71893d092811b7b97b6f767cf/ iface=/d86e8112f3c4c4442126f8e9f44f1686/
[tp] link_data dst=/8e82435c4fa000e9de437fbe24f92862/ ctx=fa len=1
[tp] path_request dest=/12cb1ed29943213839f0b0d18cd42761/ iface=/d86e8112f3c4c4442126f8e9f44f1686/
[tp] path_request dest=/b8bbfff472fe128873c9395a3ff8b353/ iface=/d86e8112f3c4c4442126f8e9f44f1686/
[tp] link_data dst=/6d20c3d9df9afdb7627bb30b3dad2cf0/ ctx=06 len=96
[tp] link_data dst=/6d20c3d9df9afdb7627bb30b3dad2cf0/ ctx=fc len=80
[tp] path_request dest=/0ffa0968a18cb499c260e774cd3d9f28/ iface=/d86e8112f3c4c4442126f8e9f44f1686/
[tp] path_request dest=/a3dfea289534e4b2d0f5730310eebd99/ iface=/d86e8112f3c4c4442126f8e9f44f1686/
[tp] path_request dest=/b18bb3d4ac56c99c5ee4791d79496ca2/ iface=/d86e8112f3c4c4442126f8e9f44f1686/
[tp] path_request dest=/e36c13fd857732740ed3421a512e06aa/ iface=/d86e8112f3c4c4442126f8e9f44f1686/
[tp] link_request dst=/6dee4caf17f87a1051504791002c8786/ ctx=00 hops=2
[tp] link_proof_tx dst=/6dee4caf17f87a1051504791002c8786/ link_id=/07a111e1666d4d17aebdec55911b0172/
[tp] link_data dst=/07a111e1666d4d17aebdec55911b0172/ ctx=fe len=64
[tp] link_data dst=/07a111e1666d4d17aebdec55911b0172/ ctx=fb len=192
[link] data_plain len=128 preview=c757c88946ae81f0974a33437ab209bac39469edc778f04bc7c155cdb8ea1441
[tp] path_request dest=/e792a1b9b43cc8b95d12ecd2d1d3e8b2/ iface=/d86e8112f3c4c4442126f8e9f44f1686/
[tp] path_request dest=/965511769c059271e655c503e810a670/ iface=/d86e8112f3c4c4442126f8e9f44f1686/
[tp] link_data dst=/07a111e1666d4d17aebdec55911b0172/ ctx=fc len=80
[tp] link_data dst=/8e82435c4fa000e9de437fbe24f92862/ ctx=06 len=96
[tp] link_data dst=/8e82435c4fa000e9de437fbe24f92862/ ctx=fc len=80
[tp] path_request dest=/12cb1ed29943213839f0b0d18cd42761/ iface=/d86e8112f3c4c4442126f8e9f44f1686/
[tp] path_request dest=/b18bb3d4ac56c99c5ee4791d79496ca2/ iface=/d86e8112f3c4c4442126f8e9f44f1686/
[tp] path_request dest=/e233d8d7e9c5f61419d45138ef0d90ff/ iface=/d86e8112f3c4c4442126f8e9f44f1686/
[tp] path_request dest=/e792a1b9b43cc8b95d12ecd2d1d3e8b2/ iface=/d86e8112f3c4c4442126f8e9f44f1686/
[tp] link_request dst=/6dee4caf17f87a1051504791002c8786/ ctx=00 hops=1
[tp] link_proof_tx dst=/6dee4caf17f87a1051504791002c8786/ link_id=/013088f1ea6e8cbfff0954b9f9b20f8a/
[tp] link_data dst=/013088f1ea6e8cbfff0954b9f9b20f8a/ ctx=fe len=64
[tp] link_data dst=/013088f1ea6e8cbfff0954b9f9b20f8a/ ctx=fb len=192
[link] data_plain len=128 preview=69d501e6cc31a4301060838e059a83ad1222dee5383b88a2a87c3d837c447343
[tp] link_data dst=/013088f1ea6e8cbfff0954b9f9b20f8a/ ctx=09 len=352
[link] data_plain len=302 preview=93cb41da6cc15d1a3580c41094fd9fd7b04a5caae5882616446bb9ef92c42065
[tp] path_request dest=/b8bbfff472fe128873c9395a3ff8b353/ iface=/d86e8112f3c4c4442126f8e9f44f1686/
[tp] path_request dest=/995cc3851347f138f51af73d182d5e1d/ iface=/d86e8112f3c4c4442126f8e9f44f1686/
[tp] link_data dst=/b71bed22d30febdebca36bd487befa1f/ ctx=fa len=1
[tp] link_data dst=/b71bed22d30febdebca36bd487befa1f/ ctx=06 len=96
[tp] link_data dst=/b71bed22d30febdebca36bd487befa1f/ ctx=fc len=80
[tp] path_request dest=/b18bb3d4ac56c99c5ee4791d79496ca2/ iface=/d86e8112f3c4c4442126f8e9f44f1686/
[tp] link_request dst=/6dee4caf17f87a1051504791002c8786/ ctx=00 hops=2
[tp] link_proof_tx dst=/6dee4caf17f87a1051504791002c8786/ link_id=/cca886b4a0a558584ecfeb44be0c20d2/
[tp] path_request dest=/e233d8d7e9c5f61419d45138ef0d90ff/ iface=/d86e8112f3c4c4442126f8e9f44f1686/
[tp] link_data dst=/cca886b4a0a558584ecfeb44be0c20d2/ ctx=fe len=64
[tp] link_data dst=/cca886b4a0a558584ecfeb44be0c20d2/ ctx=fb len=192
[link] data_plain len=128 preview=35e65fe12a80ee3d00278ef932383927bd791670aa6a7f7a029c1a472045933f
[tp] path_request dest=/e36c13fd857732740ed3421a512e06aa/ iface=/d86e8112f3c4c4442126f8e9f44f1686/
[tp] path_request dest=/a3dfea289534e4b2d0f5730310eebd99/ iface=/d86e8112f3c4c4442126f8e9f44f1686/
[tp] path_request dest=/12cb1ed29943213839f0b0d18cd42761/ iface=/d86e8112f3c4c4442126f8e9f44f1686/
[tp] path_request dest=/57e2d0ef3bd6127a75f53884d04418c4/ iface=/d86e8112f3c4c4442126f8e9f44f1686/
[tp] link_request dst=/6dee4caf17f87a1051504791002c8786/ ctx=00 hops=1
[tp] link_proof_tx dst=/6dee4caf17f87a1051504791002c8786/ link_id=/6df8ea15c686b523b5eaacf830c60ccc/
[tp] link_data dst=/6df8ea15c686b523b5eaacf830c60ccc/ ctx=fe len=64
[tp] link_data dst=/6df8ea15c686b523b5eaacf830c60ccc/ ctx=fb len=192
[link] data_plain len=128 preview=722fe51808e9a53c865100a3d27a9490d79d892a18343cef7df37d080fa80170
[tp] link_data dst=/6df8ea15c686b523b5eaacf830c60ccc/ ctx=08 len=32
[tp] link_data dst=/013088f1ea6e8cbfff0954b9f9b20f8a/ ctx=fa len=1
[tp] path_request dest=/b8bbfff472fe128873c9395a3ff8b353/ iface=/d86e8112f3c4c4442126f8e9f44f1686/
[tp] path_request dest=/c69f216ed33d3834e67391b99aaa32f1/ iface=/d86e8112f3c4c4442126f8e9f44f1686/
[tp] link_request dst=/6dee4caf17f87a1051504791002c8786/ ctx=00 hops=2
[tp] link_proof_tx dst=/6dee4caf17f87a1051504791002c8786/ link_id=/a4e62231642dd27187e77595de6ffcdd/
[tp] link_data dst=/a4e62231642dd27187e77595de6ffcdd/ ctx=fe len=64
[tp] link_data dst=/a4e62231642dd27187e77595de6ffcdd/ ctx=fb len=192
[link] data_plain len=128 preview=caeb241290061ad1380b094471a8ab92b78aeb000a7b67d3c3af96b3825f2026
[tp] path_request dest=/12cb1ed29943213839f0b0d18cd42761/ iface=/d86e8112f3c4c4442126f8e9f44f1686/
[tp] path_request dest=/8e06a3cdeebdf1ad4f2f4a05886027fe/ iface=/d86e8112f3c4c4442126f8e9f44f1686/
[tp] path_request dest=/e233d8d7e9c5f61419d45138ef0d90ff/ iface=/d86e8112f3c4c4442126f8e9f44f1686/
[tp] path_request dest=/995cc3851347f138f51af73d182d5e1d/ iface=/d86e8112f3c4c4442126f8e9f44f1686/
[tp] link_data dst=/6df8ea15c686b523b5eaacf830c60ccc/ ctx=06 len=96
[tp] link_data dst=/6df8ea15c686b523b5eaacf830c60ccc/ ctx=fc len=80
[tp] path_request dest=/60dcab5ef4e2a7fdd1154128a826c00b/ iface=/d86e8112f3c4c4442126f8e9f44f1686/
[tp] link_data dst=/a4e62231642dd27187e77595de6ffcdd/ ctx=08 len=32
[tp] path_request dest=/0ffa0968a18cb499c260e774cd3d9f28/ iface=/d86e8112f3c4c4442126f8e9f44f1686/
[tp] path_request dest=/a3dfea289534e4b2d0f5730310eebd99/ iface=/d86e8112f3c4c4442126f8e9f44f1686/
[tp] path_request dest=/e36c13fd857732740ed3421a512e06aa/ iface=/d86e8112f3c4c4442126f8e9f44f1686/
[tp] path_request dest=/34b2d5e6e88abd17de1616d24ab7a66f/ iface=/d86e8112f3c4c4442126f8e9f44f1686/
[tp] link_data dst=/cca886b4a0a558584ecfeb44be0c20d2/ ctx=fa len=1
[tp] path_request dest=/e233d8d7e9c5f61419d45138ef0d90ff/ iface=/d86e8112f3c4c4442126f8e9f44f1686/
[tp] link_data dst=/013088f1ea6e8cbfff0954b9f9b20f8a/ ctx=fa len=1
[tp] link_request dst=/6dee4caf17f87a1051504791002c8786/ ctx=00 hops=2
[tp] link_proof_tx dst=/6dee4caf17f87a1051504791002c8786/ link_id=/3d8627ad2186a313226a8a31d966f1b0/
[tp] link_request dst=/6dee4caf17f87a1051504791002c8786/ ctx=00 hops=3
[tp] link_proof_tx dst=/6dee4caf17f87a1051504791002c8786/ link_id=/50a460bb143173d422e2d99d9212817c/
[tp] link_request dst=/6dee4caf17f87a1051504791002c8786/ ctx=00 hops=1
[tp] link_proof_tx dst=/6dee4caf17f87a1051504791002c8786/ link_id=/4ff821784ec2c67306e543d0ab8cac78/
[tp] link_request dst=/6dee4caf17f87a1051504791002c8786/ ctx=00 hops=2
[tp] link_proof_tx dst=/6dee4caf17f87a1051504791002c8786/ link_id=/5c53ebdeb24af7f4a86732b826811b89/
[tp] link_data dst=/3d8627ad2186a313226a8a31d966f1b0/ ctx=fe len=64
[tp] link_data dst=/3d8627ad2186a313226a8a31d966f1b0/ ctx=fb len=192
[link] data_plain len=128 preview=c757c88946ae81f0974a33437ab209bac39469edc778f04bc7c155cdb8ea1441
[tp] link_data dst=/013088f1ea6e8cbfff0954b9f9b20f8a/ ctx=fc len=80
[tp] link_data dst=/4ff821784ec2c67306e543d0ab8cac78/ ctx=fe len=64
[tp] link_data dst=/4ff821784ec2c67306e543d0ab8cac78/ ctx=fb len=192
[link] data_plain len=128 preview=722fe51808e9a53c865100a3d27a9490d79d892a18343cef7df37d080fa80170
[tp] link_data dst=/50a460bb143173d422e2d99d9212817c/ ctx=fe len=64
[tp] link_data dst=/50a460bb143173d422e2d99d9212817c/ ctx=fb len=192
[link] data_plain len=128 preview=037a7857dfd539123ae67b4b07ff332d2bc3c151d0c8db5361e9cbbcf8519300
[tp] link_data dst=/5c53ebdeb24af7f4a86732b826811b89/ ctx=fe len=64
[tp] link_data dst=/5c53ebdeb24af7f4a86732b826811b89/ ctx=fb len=192
[link] data_plain len=128 preview=586528998cc5cb6f63d677614052350359a4eaac0310a30853a9bed5643f890d
[tp] path_request dest=/12cb1ed29943213839f0b0d18cd42761/ iface=/d86e8112f3c4c4442126f8e9f44f1686/
[tp] link_data dst=/a4e62231642dd27187e77595de6ffcdd/ ctx=06 len=96
[tp] link_data dst=/a4e62231642dd27187e77595de6ffcdd/ ctx=fc len=80
[tp] path_request dest=/b8bbfff472fe128873c9395a3ff8b353/ iface=/d86e8112f3c4c4442126f8e9f44f1686/
[tp] path_request dest=/34b2d5e6e88abd17de1616d24ab7a66f/ iface=/d86e8112f3c4c4442126f8e9f44f1686/
[tp] path_request dest=/0ffa0968a18cb499c260e774cd3d9f28/ iface=/d86e8112f3c4c4442126f8e9f44f1686/
[tp] path_request dest=/e792a1b9b43cc8b95d12ecd2d1d3e8b2/ iface=/d86e8112f3c4c4442126f8e9f44f1686/
[tp] path_request dest=/e233d8d7e9c5f61419d45138ef0d90ff/ iface=/d86e8112f3c4c4442126f8e9f44f1686/
[tp] link_data dst=/cca886b4a0a558584ecfeb44be0c20d2/ ctx=06 len=96
[tp] link_data dst=/cca886b4a0a558584ecfeb44be0c20d2/ ctx=fc len=80
[tp] link_data dst=/4ff821784ec2c67306e543d0ab8cac78/ ctx=08 len=32
[tp] link_data dst=/5c53ebdeb24af7f4a86732b826811b89/ ctx=08 len=32
[tp] link_request dst=/6dee4caf17f87a1051504791002c8786/ ctx=00 hops=1
[tp] link_proof_tx dst=/6dee4caf17f87a1051504791002c8786/ link_id=/890cc51ea2f068c82358ecc4f5faa63e/
[tp] link_request dst=/6dee4caf17f87a1051504791002c8786/ ctx=00 hops=2
[tp] link_proof_tx dst=/6dee4caf17f87a1051504791002c8786/ link_id=/66396da44fc5cd0af7522962082f193f/
[tp] link_data dst=/890cc51ea2f068c82358ecc4f5faa63e/ ctx=fe len=64
[tp] link_data dst=/890cc51ea2f068c82358ecc4f5faa63e/ ctx=fb len=192
[link] data_plain len=128 preview=69d501e6cc31a4301060838e059a83ad1222dee5383b88a2a87c3d837c447343
[tp] path_request dest=/379f204da5a77a6c340f6fae26097054/ iface=/d86e8112f3c4c4442126f8e9f44f1686/
[tp] link_data dst=/66396da44fc5cd0af7522962082f193f/ ctx=fe len=64
[tp] link_data dst=/66396da44fc5cd0af7522962082f193f/ ctx=fb len=192
[link] data_plain len=128 preview=35e65fe12a80ee3d00278ef932383927bd791670aa6a7f7a029c1a472045933f
[tp] link_request dst=/6dee4caf17f87a1051504791002c8786/ ctx=00 hops=2
[tp] link_proof_tx dst=/6dee4caf17f87a1051504791002c8786/ link_id=/8b0b699d7be3f682f4b106055ebe7a67/
[tp] link_data dst=/8b0b699d7be3f682f4b106055ebe7a67/ ctx=fe len=64
[tp] link_data dst=/8b0b699d7be3f682f4b106055ebe7a67/ ctx=fb len=192
[link] data_plain len=128 preview=caeb241290061ad1380b094471a8ab92b78aeb000a7b67d3c3af96b3825f2026
[tp] path_request dest=/995cc3851347f138f51af73d182d5e1d/ iface=/d86e8112f3c4c4442126f8e9f44f1686/
[tp] link_data dst=/3d8627ad2186a313226a8a31d966f1b0/ ctx=fc len=80
[tp] link_request dst=/6dee4caf17f87a1051504791002c8786/ ctx=00 hops=2
[tp] link_proof_tx dst=/6dee4caf17f87a1051504791002c8786/ link_id=/a6b0e3da1f86472ea04975f93be2c7b9/
[tp] link_data dst=/a6b0e3da1f86472ea04975f93be2c7b9/ ctx=fe len=64
[tp] link_data dst=/a6b0e3da1f86472ea04975f93be2c7b9/ ctx=fb len=192
[link] data_plain len=128 preview=c757c88946ae81f0974a33437ab209bac39469edc778f04bc7c155cdb8ea1441
[tp] link_data dst=/8b0b699d7be3f682f4b106055ebe7a67/ ctx=08 len=32
[tp] path_request dest=/12cb1ed29943213839f0b0d18cd42761/ iface=/d86e8112f3c4c4442126f8e9f44f1686/
[tp] path_request dest=/e233d8d7e9c5f61419d45138ef0d90ff/ iface=/d86e8112f3c4c4442126f8e9f44f1686/
[tp] path_request dest=/c5210cdf7fda275c7f978533ec4ece80/ iface=/d86e8112f3c4c4442126f8e9f44f1686/
[tp] link_data dst=/4ff821784ec2c67306e543d0ab8cac78/ ctx=06 len=96
[tp] link_data dst=/4ff821784ec2c67306e543d0ab8cac78/ ctx=fc len=80
[tp] link_data dst=/5c53ebdeb24af7f4a86732b826811b89/ ctx=06 len=96
[tp] link_data dst=/5c53ebdeb24af7f4a86732b826811b89/ ctx=fc len=80
[tp] link_data dst=/a6b0e3da1f86472ea04975f93be2c7b9/ ctx=fc len=80
[tp] path_request dest=/f8de3e21f2b92e8eb4bb505f1e1381c4/ iface=/d86e8112f3c4c4442126f8e9f44f1686/
[tp] path_request dest=/b8bbfff472fe128873c9395a3ff8b353/ iface=/d86e8112f3c4c4442126f8e9f44f1686/
[tp] path_request dest=/48a811bf93be297afc2f9652c2ebf8c4/ iface=/d86e8112f3c4c4442126f8e9f44f1686/
[tp] link_data dst=/8b0b699d7be3f682f4b106055ebe7a67/ ctx=06 len=96
[tp] link_data dst=/8b0b699d7be3f682f4b106055ebe7a67/ ctx=fc len=80
[tp] link_request dst=/6dee4caf17f87a1051504791002c8786/ ctx=00 hops=2
[tp] link_proof_tx dst=/6dee4caf17f87a1051504791002c8786/ link_id=/6548fb0797f74b82d009034cf455835c/
[tp] link_data dst=/6548fb0797f74b82d009034cf455835c/ ctx=fe len=64
[tp] link_data dst=/6548fb0797f74b82d009034cf455835c/ ctx=fb len=192
[link] data_plain len=128 preview=c757c88946ae81f0974a33437ab209bac39469edc778f04bc7c155cdb8ea1441
[tp] path_request dest=/e233d8d7e9c5f61419d45138ef0d90ff/ iface=/d86e8112f3c4c4442126f8e9f44f1686/
[tp] link_data dst=/890cc51ea2f068c82358ecc4f5faa63e/ ctx=fa len=1
[tp] path_request dest=/0769357259e48819ea9194b6230b2cef/ iface=/d86e8112f3c4c4442126f8e9f44f1686/
[tp] path_request dest=/12cb1ed29943213839f0b0d18cd42761/ iface=/d86e8112f3c4c4442126f8e9f44f1686/
[tp] path_request dest=/f8de3e21f2b92e8eb4bb505f1e1381c4/ iface=/d86e8112f3c4c4442126f8e9f44f1686/
[tp] link_request dst=/6dee4caf17f87a1051504791002c8786/ ctx=00 hops=2
[tp] link_proof_tx dst=/6dee4caf17f87a1051504791002c8786/ link_id=/16f375a0fcfdc8faa28b41999e7e1d38/
[tp] link_data dst=/16f375a0fcfdc8faa28b41999e7e1d38/ ctx=fe len=64
[tp] link_data dst=/16f375a0fcfdc8faa28b41999e7e1d38/ ctx=fb len=192
[link] data_plain len=128 preview=caeb241290061ad1380b094471a8ab92b78aeb000a7b67d3c3af96b3825f2026
[tp] path_request dest=/e792a1b9b43cc8b95d12ecd2d1d3e8b2/ iface=/d86e8112f3c4c4442126f8e9f44f1686/
[tp] path_request dest=/995cc3851347f138f51af73d182d5e1d/ iface=/d86e8112f3c4c4442126f8e9f44f1686/
[tp] path_request dest=/b8bbfff472fe128873c9395a3ff8b353/ iface=/d86e8112f3c4c4442126f8e9f44f1686/
[tp] link_data dst=/16f375a0fcfdc8faa28b41999e7e1d38/ ctx=08 len=32
[tp] path_request dest=/e36c13fd857732740ed3421a512e06aa/ iface=/d86e8112f3c4c4442126f8e9f44f1686/
[tp] path_request dest=/a3dfea289534e4b2d0f5730310eebd99/ iface=/d86e8112f3c4c4442126f8e9f44f1686/
[tp] path_request dest=/379f204da5a77a6c340f6fae26097054/ iface=/d86e8112f3c4c4442126f8e9f44f1686/
[tp] link_request dst=/6dee4caf17f87a1051504791002c8786/ ctx=00 hops=1
[tp] link_proof_tx dst=/6dee4caf17f87a1051504791002c8786/ link_id=/28b2208b7c37d021d7960a8324455729/
[tp] link_data dst=/28b2208b7c37d021d7960a8324455729/ ctx=fe len=64
[tp] link_data dst=/28b2208b7c37d021d7960a8324455729/ ctx=fb len=192
[link] data_plain len=128 preview=48239eb3ae793e1da445b9b6068893bd1378929c015a521651146fb7e3d25320
[tp] path_request dest=/23f417a30fb2ecf2515168f40215e6fa/ iface=/d86e8112f3c4c4442126f8e9f44f1686/
[tp] link_data dst=/890cc51ea2f068c82358ecc4f5faa63e/ ctx=fa len=1
[tp] path_request dest=/12cb1ed29943213839f0b0d18cd42761/ iface=/d86e8112f3c4c4442126f8e9f44f1686/
[tp] link_data dst=/890cc51ea2f068c82358ecc4f5faa63e/ ctx=fc len=80
[tp] link_data dst=/66396da44fc5cd0af7522962082f193f/ ctx=fa len=1
[tp] path_request dest=/e792a1b9b43cc8b95d12ecd2d1d3e8b2/ iface=/d86e8112f3c4c4442126f8e9f44f1686/
[tp] link_data dst=/28b2208b7c37d021d7960a8324455729/ ctx=08 len=32
[tp] link_data dst=/66396da44fc5cd0af7522962082f193f/ ctx=06 len=96
[tp] link_data dst=/66396da44fc5cd0af7522962082f193f/ ctx=fc len=80
[tp] link_data dst=/6548fb0797f74b82d009034cf455835c/ ctx=fc len=80
[tp] link_data dst=/16f375a0fcfdc8faa28b41999e7e1d38/ ctx=06 len=96
[tp] link_data dst=/16f375a0fcfdc8faa28b41999e7e1d38/ ctx=fc len=80
[tp] link_request dst=/6dee4caf17f87a1051504791002c8786/ ctx=00 hops=1
[tp] link_proof_tx dst=/6dee4caf17f87a1051504791002c8786/ link_id=/086445b464ccc5030f69bbd51a781ffe/
[tp] link_data dst=/086445b464ccc5030f69bbd51a781ffe/ ctx=fe len=64
[tp] link_data dst=/086445b464ccc5030f69bbd51a781ffe/ ctx=fb len=192
[link] data_plain len=128 preview=722fe51808e9a53c865100a3d27a9490d79d892a18343cef7df37d080fa80170
[tp] link_request dst=/6dee4caf17f87a1051504791002c8786/ ctx=00 hops=1
[tp] link_proof_tx dst=/6dee4caf17f87a1051504791002c8786/ link_id=/339a7f5c36d0d46ffb5c40fb12b33de9/
[tp] link_data dst=/339a7f5c36d0d46ffb5c40fb12b33de9/ ctx=fe len=64
[tp] link_data dst=/339a7f5c36d0d46ffb5c40fb12b33de9/ ctx=fb len=192
[link] data_plain len=128 preview=69d501e6cc31a4301060838e059a83ad1222dee5383b88a2a87c3d837c447343
[tp] path_request dest=/4447b200737e3fead7d054e5fc58e081/ iface=/d86e8112f3c4c4442126f8e9f44f1686/
[tp] path_request dest=/88082fd6f73e93e3e5fad9af6ee05453/ iface=/d86e8112f3c4c4442126f8e9f44f1686/
[tp] link_request dst=/6dee4caf17f87a1051504791002c8786/ ctx=00 hops=2
[tp] link_proof_tx dst=/6dee4caf17f87a1051504791002c8786/ link_id=/182b032ebe29ac5d049c8f874e4eee51/
[tp] link_data dst=/182b032ebe29ac5d049c8f874e4eee51/ ctx=fe len=64
[tp] link_data dst=/182b032ebe29ac5d049c8f874e4eee51/ ctx=fb len=192
[link] data_plain len=128 preview=35e65fe12a80ee3d00278ef932383927bd791670aa6a7f7a029c1a472045933f
[tp] path_request dest=/f8de3e21f2b92e8eb4bb505f1e1381c4/ iface=/d86e8112f3c4c4442126f8e9f44f1686/
[tp] link_data dst=/086445b464ccc5030f69bbd51a781ffe/ ctx=08 len=32
[tp] path_request dest=/e792a1b9b43cc8b95d12ecd2d1d3e8b2/ iface=/d86e8112f3c4c4442126f8e9f44f1686/
[tp] path_request dest=/b8bbfff472fe128873c9395a3ff8b353/ iface=/d86e8112f3c4c4442126f8e9f44f1686/
[tp] link_data dst=/28b2208b7c37d021d7960a8324455729/ ctx=06 len=96
[tp] link_data dst=/28b2208b7c37d021d7960a8324455729/ ctx=fc len=80
[tp] path_request dest=/995cc3851347f138f51af73d182d5e1d/ iface=/d86e8112f3c4c4442126f8e9f44f1686/
[tp] path_request dest=/965511769c059271e655c503e810a670/ iface=/d86e8112f3c4c4442126f8e9f44f1686/
[tp] link_request dst=/6dee4caf17f87a1051504791002c8786/ ctx=00 hops=2
[tp] link_proof_tx dst=/6dee4caf17f87a1051504791002c8786/ link_id=/f841249f4495b0db39da93fa45def508/
[tp] link_data dst=/f841249f4495b0db39da93fa45def508/ ctx=fe len=64
[tp] link_data dst=/f841249f4495b0db39da93fa45def508/ ctx=fb len=192
[link] data_plain len=128 preview=c757c88946ae81f0974a33437ab209bac39469edc778f04bc7c155cdb8ea1441
[tp] path_request dest=/12cb1ed29943213839f0b0d18cd42761/ iface=/d86e8112f3c4c4442126f8e9f44f1686/
[tp] path_request dest=/e36c13fd857732740ed3421a512e06aa/ iface=/d86e8112f3c4c4442126f8e9f44f1686/
[tp] link_data dst=/f841249f4495b0db39da93fa45def508/ ctx=fc len=80
[tp] path_request dest=/5145ebb9a76875bd92db68ba1973d652/ iface=/d86e8112f3c4c4442126f8e9f44f1686/
[tp] path_request dest=/fc359d5aabd3ebea14c35f45db89e8b6/ iface=/d86e8112f3c4c4442126f8e9f44f1686/
[tp] link_data dst=/086445b464ccc5030f69bbd51a781ffe/ ctx=06 len=96
[tp] link_data dst=/086445b464ccc5030f69bbd51a781ffe/ ctx=fc len=80
[tp] link_request dst=/6dee4caf17f87a1051504791002c8786/ ctx=00 hops=2
[tp] link_proof_tx dst=/6dee4caf17f87a1051504791002c8786/ link_id=/802b20224893b402086c805e189d7cbd/
[tp] link_data dst=/802b20224893b402086c805e189d7cbd/ ctx=fe len=64
[tp] link_data dst=/802b20224893b402086c805e189d7cbd/ ctx=fb len=192
[link] data_plain len=128 preview=c757c88946ae81f0974a33437ab209bac39469edc778f04bc7c155cdb8ea1441
[tp] path_request dest=/f8de3e21f2b92e8eb4bb505f1e1381c4/ iface=/d86e8112f3c4c4442126f8e9f44f1686/
[tp] path_request dest=/0ffa0968a18cb499c260e774cd3d9f28/ iface=/d86e8112f3c4c4442126f8e9f44f1686/
[tp] link_data dst=/339a7f5c36d0d46ffb5c40fb12b33de9/ ctx=fa len=1
[tp] link_request dst=/6dee4caf17f87a1051504791002c8786/ ctx=00 hops=1
[tp] link_proof_tx dst=/6dee4caf17f87a1051504791002c8786/ link_id=/9818799832f68942c64a9808c7d7ae48/
[tp] link_data dst=/9818799832f68942c64a9808c7d7ae48/ ctx=fe len=64
[tp] link_data dst=/9818799832f68942c64a9808c7d7ae48/ ctx=fb len=192
[link] data_plain len=128 preview=722fe51808e9a53c865100a3d27a9490d79d892a18343cef7df37d080fa80170
[tp] link_data dst=/802b20224893b402086c805e189d7cbd/ ctx=fc len=80
[tp] path_request dest=/12cb1ed29943213839f0b0d18cd42761/ iface=/d86e8112f3c4c4442126f8e9f44f1686/
[tp] path_request dest=/b8bbfff472fe128873c9395a3ff8b353/ iface=/d86e8112f3c4c4442126f8e9f44f1686/
[tp] link_data dst=/9818799832f68942c64a9808c7d7ae48/ ctx=08 len=32
[tp] link_request dst=/6dee4caf17f87a1051504791002c8786/ ctx=00 hops=2
[tp] link_proof_tx dst=/6dee4caf17f87a1051504791002c8786/ link_id=/6b742a7d84e3e30816e80080a076655a/
[tp] link_data dst=/6b742a7d84e3e30816e80080a076655a/ ctx=fe len=64
[tp] link_data dst=/6b742a7d84e3e30816e80080a076655a/ ctx=fb len=192
[link] data_plain len=128 preview=c757c88946ae81f0974a33437ab209bac39469edc778f04bc7c155cdb8ea1441
[tp] path_request dest=/48a811bf93be297afc2f9652c2ebf8c4/ iface=/d86e8112f3c4c4442126f8e9f44f1686/
[tp] path_request dest=/e792a1b9b43cc8b95d12ecd2d1d3e8b2/ iface=/d86e8112f3c4c4442126f8e9f44f1686/
[tp] link_data dst=/182b032ebe29ac5d049c8f874e4eee51/ ctx=fa len=1
[tp] path_request dest=/12cb1ed29943213839f0b0d18cd42761/ iface=/d86e8112f3c4c4442126f8e9f44f1686/
[tp] link_data dst=/339a7f5c36d0d46ffb5c40fb12b33de9/ ctx=fa len=1
[tp] path_request dest=/a3dfea289534e4b2d0f5730310eebd99/ iface=/d86e8112f3c4c4442126f8e9f44f1686/
[tp] link_request dst=/6dee4caf17f87a1051504791002c8786/ ctx=00 hops=2
[tp] link_proof_tx dst=/6dee4caf17f87a1051504791002c8786/ link_id=/4af1d6325a4f61cb0fa95653ea666f6d/
[tp] link_data dst=/4af1d6325a4f61cb0fa95653ea666f6d/ ctx=fe len=64
[tp] link_data dst=/4af1d6325a4f61cb0fa95653ea666f6d/ ctx=fb len=192
[link] data_plain len=128 preview=caeb241290061ad1380b094471a8ab92b78aeb000a7b67d3c3af96b3825f2026
[tp] path_request dest=/995cc3851347f138f51af73d182d5e1d/ iface=/d86e8112f3c4c4442126f8e9f44f1686/
[tp] link_data dst=/9818799832f68942c64a9808c7d7ae48/ ctx=06 len=96
[tp] link_data dst=/9818799832f68942c64a9808c7d7ae48/ ctx=fc len=80
[tp] link_data dst=/339a7f5c36d0d46ffb5c40fb12b33de9/ ctx=fc len=80
[tp] path_request dest=/4762234229b7e0b83c68b857bdf245c3/ iface=/d86e8112f3c4c4442126f8e9f44f1686/
[tp] link_data dst=/6b742a7d84e3e30816e80080a076655a/ ctx=fc len=80
[tp] path_request dest=/f8de3e21f2b92e8eb4bb505f1e1381c4/ iface=/d86e8112f3c4c4442126f8e9f44f1686/
[tp] link_request dst=/6dee4caf17f87a1051504791002c8786/ ctx=00 hops=1
[tp] link_proof_tx dst=/6dee4caf17f87a1051504791002c8786/ link_id=/6e9212ff3d24a795102d75dbae3fdc4d/
[tp] link_data dst=/6e9212ff3d24a795102d75dbae3fdc4d/ ctx=fe len=64
[tp] link_data dst=/6e9212ff3d24a795102d75dbae3fdc4d/ ctx=fb len=192
[link] data_plain len=128 preview=69d501e6cc31a4301060838e059a83ad1222dee5383b88a2a87c3d837c447343
[tp] link_data dst=/182b032ebe29ac5d049c8f874e4eee51/ ctx=06 len=96
[tp] link_data dst=/182b032ebe29ac5d049c8f874e4eee51/ ctx=fc len=80
[tp] link_data dst=/4af1d6325a4f61cb0fa95653ea666f6d/ ctx=08 len=32
[tp] link_request dst=/6dee4caf17f87a1051504791002c8786/ ctx=00 hops=2
[tp] link_proof_tx dst=/6dee4caf17f87a1051504791002c8786/ link_id=/258360ffabab54479323897ec85a6211/
[tp] link_data dst=/258360ffabab54479323897ec85a6211/ ctx=fe len=64
[tp] link_data dst=/258360ffabab54479323897ec85a6211/ ctx=fb len=192
[link] data_plain len=128 preview=35e65fe12a80ee3d00278ef932383927bd791670aa6a7f7a029c1a472045933f
[tp] path_request dest=/b8bbfff472fe128873c9395a3ff8b353/ iface=/d86e8112f3c4c4442126f8e9f44f1686/
[tp] path_request dest=/fc359d5aabd3ebea14c35f45db89e8b6/ iface=/d86e8112f3c4c4442126f8e9f44f1686/
[tp] path_request dest=/b18bb3d4ac56c99c5ee4791d79496ca2/ iface=/d86e8112f3c4c4442126f8e9f44f1686/
[tp] path_request dest=/e233d8d7e9c5f61419d45138ef0d90ff/ iface=/d86e8112f3c4c4442126f8e9f44f1686/
[tp] path_request dest=/12cb1ed29943213839f0b0d18cd42761/ iface=/d86e8112f3c4c4442126f8e9f44f1686/
[tp] link_request dst=/6dee4caf17f87a1051504791002c8786/ ctx=00 hops=2
[tp] link_proof_tx dst=/6dee4caf17f87a1051504791002c8786/ link_id=/d5dcc649abc3b68bbaa4012123126e9b/
[tp] link_data dst=/d5dcc649abc3b68bbaa4012123126e9b/ ctx=fe len=64
[tp] link_data dst=/d5dcc649abc3b68bbaa4012123126e9b/ ctx=fb len=192
[link] data_plain len=128 preview=c757c88946ae81f0974a33437ab209bac39469edc778f04bc7c155cdb8ea1441
[tp] link_data dst=/4af1d6325a4f61cb0fa95653ea666f6d/ ctx=06 len=96
[tp] link_data dst=/4af1d6325a4f61cb0fa95653ea666f6d/ ctx=fc len=80
[tp] link_data dst=/d5dcc649abc3b68bbaa4012123126e9b/ ctx=fc len=80
[tp] path_request dest=/995cc3851347f138f51af73d182d5e1d/ iface=/d86e8112f3c4c4442126f8e9f44f1686/
[tp] link_request dst=/6dee4caf17f87a1051504791002c8786/ ctx=00 hops=3
[tp] link_proof_tx dst=/6dee4caf17f87a1051504791002c8786/ link_id=/9822babb813ff38a8fb508f9e53d2c04/
[tp] path_request dest=/e233d8d7e9c5f61419d45138ef0d90ff/ iface=/d86e8112f3c4c4442126f8e9f44f1686/
[tp] link_data dst=/9822babb813ff38a8fb508f9e53d2c04/ ctx=fe len=64
[tp] link_data dst=/9822babb813ff38a8fb508f9e53d2c04/ ctx=fb len=192
[link] data_plain len=128 preview=b1d08b2315cf53c1efdf0a60cadf0ab72f82a691adf040c6b9990f393fcaaf53
[tp] path_request dest=/a3dfea289534e4b2d0f5730310eebd99/ iface=/d86e8112f3c4c4442126f8e9f44f1686/
[tp] link_data dst=/6e9212ff3d24a795102d75dbae3fdc4d/ ctx=fa len=1
[tp] link_data dst=/50a460bb143173d422e2d99d9212817c/ ctx=fa len=1
[tp] path_request dest=/12cb1ed29943213839f0b0d18cd42761/ iface=/d86e8112f3c4c4442126f8e9f44f1686/
[tp] link_request dst=/6dee4caf17f87a1051504791002c8786/ ctx=00 hops=2
[tp] link_proof_tx dst=/6dee4caf17f87a1051504791002c8786/ link_id=/04c909b35bee7109a660ac0a27b15aea/
[tp] link_data dst=/04c909b35bee7109a660ac0a27b15aea/ ctx=fe len=64
[tp] link_data dst=/04c909b35bee7109a660ac0a27b15aea/ ctx=fb len=192
[link] data_plain len=128 preview=586528998cc5cb6f63d677614052350359a4eaac0310a30853a9bed5643f890d
[tp] link_data dst=/04c909b35bee7109a660ac0a27b15aea/ ctx=08 len=32
[tp] path_request dest=/e233d8d7e9c5f61419d45138ef0d90ff/ iface=/d86e8112f3c4c4442126f8e9f44f1686/
[tp] path_request dest=/12cb1ed29943213839f0b0d18cd42761/ iface=/d86e8112f3c4c4442126f8e9f44f1686/
[tp] path_request dest=/995cc3851347f138f51af73d182d5e1d/ iface=/d86e8112f3c4c4442126f8e9f44f1686/
[tp] link_data dst=/6e9212ff3d24a795102d75dbae3fdc4d/ ctx=fa len=1
[tp] path_request dest=/b8bbfff472fe128873c9395a3ff8b353/ iface=/d86e8112f3c4c4442126f8e9f44f1686/
[tp] link_data dst=/6e9212ff3d24a795102d75dbae3fdc4d/ ctx=fc len=80
[tp] path_request dest=/a3dfea289534e4b2d0f5730310eebd99/ iface=/d86e8112f3c4c4442126f8e9f44f1686/
[tp] path_request dest=/0ffa0968a18cb499c260e774cd3d9f28/ iface=/d86e8112f3c4c4442126f8e9f44f1686/
[tp] link_data dst=/258360ffabab54479323897ec85a6211/ ctx=06 len=96
[tp] link_data dst=/258360ffabab54479323897ec85a6211/ ctx=fc len=80
[tp] link_data dst=/04c909b35bee7109a660ac0a27b15aea/ ctx=06 len=96
[tp] link_data dst=/04c909b35bee7109a660ac0a27b15aea/ ctx=fc len=80
[tp] link_data dst=/9822babb813ff38a8fb508f9e53d2c04/ ctx=fa len=1
[tp] link_request dst=/6dee4caf17f87a1051504791002c8786/ ctx=00 hops=2
[tp] link_proof_tx dst=/6dee4caf17f87a1051504791002c8786/ link_id=/d79e38c449f7033a9cd017d50a24b215/
[tp] link_data dst=/d79e38c449f7033a9cd017d50a24b215/ ctx=fe len=64
[tp] link_data dst=/d79e38c449f7033a9cd017d50a24b215/ ctx=fb len=192
[link] data_plain len=128 preview=caeb241290061ad1380b094471a8ab92b78aeb000a7b67d3c3af96b3825f2026
[tp] link_request dst=/6dee4caf17f87a1051504791002c8786/ ctx=00 hops=2
[tp] link_proof_tx dst=/6dee4caf17f87a1051504791002c8786/ link_id=/5722bbd75c8f6aeaac3e593f95a5f874/
[tp] path_request dest=/12cb1ed29943213839f0b0d18cd42761/ iface=/d86e8112f3c4c4442126f8e9f44f1686/
[tp] link_data dst=/5722bbd75c8f6aeaac3e593f95a5f874/ ctx=fe len=64
[tp] link_data dst=/5722bbd75c8f6aeaac3e593f95a5f874/ ctx=fb len=192
[link] data_plain len=128 preview=35e65fe12a80ee3d00278ef932383927bd791670aa6a7f7a029c1a472045933f
[tp] path_request dest=/0ffa0968a18cb499c260e774cd3d9f28/ iface=/d86e8112f3c4c4442126f8e9f44f1686/
[tp] link_data dst=/d79e38c449f7033a9cd017d50a24b215/ ctx=08 len=32
[tp] path_request dest=/b8bbfff472fe128873c9395a3ff8b353/ iface=/d86e8112f3c4c4442126f8e9f44f1686/
[tp] path_request dest=/e36c13fd857732740ed3421a512e06aa/ iface=/d86e8112f3c4c4442126f8e9f44f1686/
[tp] path_request dest=/995cc3851347f138f51af73d182d5e1d/ iface=/d86e8112f3c4c4442126f8e9f44f1686/
[tp] path_request dest=/04b15fcd28ec8ed7fab945cc9d082dd3/ iface=/d86e8112f3c4c4442126f8e9f44f1686/
[tp] link_request dst=/6dee4caf17f87a1051504791002c8786/ ctx=00 hops=2
[tp] link_proof_tx dst=/6dee4caf17f87a1051504791002c8786/ link_id=/013020aa4925f358ba93320131a3e743/
[tp] link_data dst=/013020aa4925f358ba93320131a3e743/ ctx=fe len=64
[tp] link_data dst=/013020aa4925f358ba93320131a3e743/ ctx=fb len=192
[link] data_plain len=128 preview=c757c88946ae81f0974a33437ab209bac39469edc778f04bc7c155cdb8ea1441
[tp] link_request dst=/6dee4caf17f87a1051504791002c8786/ ctx=00 hops=2
[tp] link_proof_tx dst=/6dee4caf17f87a1051504791002c8786/ link_id=/2cacec7e0ca06d9eaef95efe161eb8d1/
[tp] link_data dst=/2cacec7e0ca06d9eaef95efe161eb8d1/ ctx=fe len=64
[tp] link_data dst=/2cacec7e0ca06d9eaef95efe161eb8d1/ ctx=fb len=192
[link] data_plain len=128 preview=110f3e3a6c3313c98373133edc3b5ebd7dc3c7c9c2669240e36e1152654b325b
[tp] path_request dest=/a3dfea289534e4b2d0f5730310eebd99/ iface=/d86e8112f3c4c4442126f8e9f44f1686/
[tp] path_request dest=/12cb1ed29943213839f0b0d18cd42761/ iface=/d86e8112f3c4c4442126f8e9f44f1686/
[tp] link_data dst=/013020aa4925f358ba93320131a3e743/ ctx=fc len=80
[tp] link_data dst=/d79e38c449f7033a9cd017d50a24b215/ ctx=06 len=96
[tp] link_data dst=/d79e38c449f7033a9cd017d50a24b215/ ctx=fc len=80
[tp] link_request dst=/6dee4caf17f87a1051504791002c8786/ ctx=00 hops=1
[tp] link_proof_tx dst=/6dee4caf17f87a1051504791002c8786/ link_id=/59ee733e2879e99654a198df2600ff16/
[tp] path_request dest=/e233d8d7e9c5f61419d45138ef0d90ff/ iface=/d86e8112f3c4c4442126f8e9f44f1686/
[tp] link_data dst=/59ee733e2879e99654a198df2600ff16/ ctx=fe len=64
[tp] link_data dst=/59ee733e2879e99654a198df2600ff16/ ctx=fb len=192
[link] data_plain len=128 preview=69d501e6cc31a4301060838e059a83ad1222dee5383b88a2a87c3d837c447343
[tp] path_request dest=/58681bf71893d092811b7b97b6f767cf/ iface=/d86e8112f3c4c4442126f8e9f44f1686/
[tp] link_data dst=/5722bbd75c8f6aeaac3e593f95a5f874/ ctx=fa len=1
[tp] path_request dest=/b8bbfff472fe128873c9395a3ff8b353/ iface=/d86e8112f3c4c4442126f8e9f44f1686/
[tp] path_request dest=/12cb1ed29943213839f0b0d18cd42761/ iface=/d86e8112f3c4c4442126f8e9f44f1686/
[tp] link_data dst=/9822babb813ff38a8fb508f9e53d2c04/ ctx=fa len=1
[tp] path_request dest=/e233d8d7e9c5f61419d45138ef0d90ff/ iface=/d86e8112f3c4c4442126f8e9f44f1686/
[tp] link_data dst=/9822babb813ff38a8fb508f9e53d2c04/ ctx=fc len=80
[tp] link_request dst=/6dee4caf17f87a1051504791002c8786/ ctx=00 hops=2
[tp] link_proof_tx dst=/6dee4caf17f87a1051504791002c8786/ link_id=/e712560a0cd16b660808536849f35c7c/
[tp] link_data dst=/e712560a0cd16b660808536849f35c7c/ ctx=fe len=64
[tp] link_data dst=/e712560a0cd16b660808536849f35c7c/ ctx=fb len=192
[link] data_plain len=128 preview=caeb241290061ad1380b094471a8ab92b78aeb000a7b67d3c3af96b3825f2026
[tp] path_request dest=/f8de3e21f2b92e8eb4bb505f1e1381c4/ iface=/d86e8112f3c4c4442126f8e9f44f1686/
[tp] path_request dest=/6920c6a5f96abc13df3383dbdcc5e305/ iface=/d86e8112f3c4c4442126f8e9f44f1686/
[tp] path_request dest=/995cc3851347f138f51af73d182d5e1d/ iface=/d86e8112f3c4c4442126f8e9f44f1686/
[tp] path_request dest=/ac31bf081f355d8ffbb73f0279341474/ iface=/d86e8112f3c4c4442126f8e9f44f1686/
[tp] path_request dest=/595cc952d504591a82896317787676ca/ iface=/d86e8112f3c4c4442126f8e9f44f1686/
[tp] path_request dest=/e792a1b9b43cc8b95d12ecd2d1d3e8b2/ iface=/d86e8112f3c4c4442126f8e9f44f1686/
[tp] path_request dest=/a3dfea289534e4b2d0f5730310eebd99/ iface=/d86e8112f3c4c4442126f8e9f44f1686/
[tp] link_data dst=/5722bbd75c8f6aeaac3e593f95a5f874/ ctx=06 len=96
[tp] link_data dst=/5722bbd75c8f6aeaac3e593f95a5f874/ ctx=fc len=80
[tp] link_data dst=/e712560a0cd16b660808536849f35c7c/ ctx=08 len=32
[tp] link_request dst=/6dee4caf17f87a1051504791002c8786/ ctx=00 hops=2
[tp] link_proof_tx dst=/6dee4caf17f87a1051504791002c8786/ link_id=/fd6a5bd437cfff6a21ca46074ca25307/
[tp] link_data dst=/fd6a5bd437cfff6a21ca46074ca25307/ ctx=fe len=64
[tp] link_data dst=/fd6a5bd437cfff6a21ca46074ca25307/ ctx=fb len=192
[link] data_plain len=128 preview=35e65fe12a80ee3d00278ef932383927bd791670aa6a7f7a029c1a472045933f
[tp] link_data dst=/59ee733e2879e99654a198df2600ff16/ ctx=fa len=1
[tp] path_request dest=/b18bb3d4ac56c99c5ee4791d79496ca2/ iface=/d86e8112f3c4c4442126f8e9f44f1686/
[tp] link_data dst=/2cacec7e0ca06d9eaef95efe161eb8d1/ ctx=fa len=1
[tp] path_request dest=/12cb1ed29943213839f0b0d18cd42761/ iface=/d86e8112f3c4c4442126f8e9f44f1686/
[tp] path_request dest=/e792a1b9b43cc8b95d12ecd2d1d3e8b2/ iface=/d86e8112f3c4c4442126f8e9f44f1686/
[tp] path_request dest=/b8bbfff472fe128873c9395a3ff8b353/ iface=/d86e8112f3c4c4442126f8e9f44f1686/
[tp] link_data dst=/e712560a0cd16b660808536849f35c7c/ ctx=06 len=96
[tp] link_data dst=/e712560a0cd16b660808536849f35c7c/ ctx=fc len=80
[tp] path_request dest=/e792a1b9b43cc8b95d12ecd2d1d3e8b2/ iface=/d86e8112f3c4c4442126f8e9f44f1686/
[tp] path_request dest=/995cc3851347f138f51af73d182d5e1d/ iface=/d86e8112f3c4c4442126f8e9f44f1686/
[tp] link_data dst=/59ee733e2879e99654a198df2600ff16/ ctx=fa len=1
[tp] path_request dest=/12cb1ed29943213839f0b0d18cd42761/ iface=/d86e8112f3c4c4442126f8e9f44f1686/
[tp] link_data dst=/59ee733e2879e99654a198df2600ff16/ ctx=fc len=80
[tp] path_request dest=/88082fd6f73e93e3e5fad9af6ee05453/ iface=/d86e8112f3c4c4442126f8e9f44f1686/
[tp] path_request dest=/0ffa0968a18cb499c260e774cd3d9f28/ iface=/d86e8112f3c4c4442126f8e9f44f1686/
[tp] path_request dest=/e233d8d7e9c5f61419d45138ef0d90ff/ iface=/d86e8112f3c4c4442126f8e9f44f1686/
[tp] path_request dest=/a3dfea289534e4b2d0f5730310eebd99/ iface=/d86e8112f3c4c4442126f8e9f44f1686/
[tp] link_request dst=/6dee4caf17f87a1051504791002c8786/ ctx=00 hops=2
[tp] link_proof_tx dst=/6dee4caf17f87a1051504791002c8786/ link_id=/2fde26ed48894c614f3448edc77d1bf6/
[tp] link_data dst=/2fde26ed48894c614f3448edc77d1bf6/ ctx=fe len=64
[tp] link_data dst=/2fde26ed48894c614f3448edc77d1bf6/ ctx=fb len=192
[link] data_plain len=128 preview=caeb241290061ad1380b094471a8ab92b78aeb000a7b67d3c3af96b3825f2026
[tp] path_request dest=/b8bbfff472fe128873c9395a3ff8b353/ iface=/d86e8112f3c4c4442126f8e9f44f1686/
[tp] link_request dst=/6dee4caf17f87a1051504791002c8786/ ctx=00 hops=2
[tp] link_proof_tx dst=/6dee4caf17f87a1051504791002c8786/ link_id=/4ec16978d6c3f703d5d1fcaadfd985fb/
[tp] link_data dst=/4ec16978d6c3f703d5d1fcaadfd985fb/ ctx=fe len=64
[tp] link_data dst=/4ec16978d6c3f703d5d1fcaadfd985fb/ ctx=fb len=192
[link] data_plain len=128 preview=c757c88946ae81f0974a33437ab209bac39469edc778f04bc7c155cdb8ea1441
[tp] link_request dst=/6dee4caf17f87a1051504791002c8786/ ctx=00 hops=1
[tp] link_proof_tx dst=/6dee4caf17f87a1051504791002c8786/ link_id=/0b7ed06009a6ff34e93c64e8100bf5c2/
[tp] link_data dst=/0b7ed06009a6ff34e93c64e8100bf5c2/ ctx=fe len=64
[tp] link_data dst=/0b7ed06009a6ff34e93c64e8100bf5c2/ ctx=fb len=192
[link] data_plain len=128 preview=722fe51808e9a53c865100a3d27a9490d79d892a18343cef7df37d080fa80170
[tp] link_data dst=/fd6a5bd437cfff6a21ca46074ca25307/ ctx=fa len=1
[tp] link_data dst=/2fde26ed48894c614f3448edc77d1bf6/ ctx=08 len=32
[tp] link_data dst=/4ec16978d6c3f703d5d1fcaadfd985fb/ ctx=fc len=80
[tp] path_request dest=/12cb1ed29943213839f0b0d18cd42761/ iface=/d86e8112f3c4c4442126f8e9f44f1686/
[tp] path_request dest=/f8de3e21f2b92e8eb4bb505f1e1381c4/ iface=/d86e8112f3c4c4442126f8e9f44f1686/
[tp] link_request dst=/6dee4caf17f87a1051504791002c8786/ ctx=00 hops=1
[tp] link_proof_tx dst=/6dee4caf17f87a1051504791002c8786/ link_id=/36aa5bc8788efe17d42bacd76d65efb2/
[tp] link_data dst=/36aa5bc8788efe17d42bacd76d65efb2/ ctx=fe len=64
[tp] link_data dst=/36aa5bc8788efe17d42bacd76d65efb2/ ctx=fb len=192
[link] data_plain len=128 preview=69d501e6cc31a4301060838e059a83ad1222dee5383b88a2a87c3d837c447343
[tp] link_request dst=/6dee4caf17f87a1051504791002c8786/ ctx=00 hops=2
[tp] link_proof_tx dst=/6dee4caf17f87a1051504791002c8786/ link_id=/19de0c095f3ab7bdffa678cdb11565b7/
[tp] link_data dst=/19de0c095f3ab7bdffa678cdb11565b7/ ctx=fe len=64
[tp] link_data dst=/19de0c095f3ab7bdffa678cdb11565b7/ ctx=fb len=192
[link] data_plain len=128 preview=c757c88946ae81f0974a33437ab209bac39469edc778f04bc7c155cdb8ea1441
[tp] link_data dst=/0b7ed06009a6ff34e93c64e8100bf5c2/ ctx=08 len=32
[tp] link_data dst=/fd6a5bd437cfff6a21ca46074ca25307/ ctx=06 len=96
[tp] link_data dst=/fd6a5bd437cfff6a21ca46074ca25307/ ctx=fc len=80
[tp] link_request dst=/6dee4caf17f87a1051504791002c8786/ ctx=00 hops=2
[tp] link_proof_tx dst=/6dee4caf17f87a1051504791002c8786/ link_id=/ba28894afd8b89baaf126936868d3e2f/
[tp] link_data dst=/ba28894afd8b89baaf126936868d3e2f/ ctx=fe len=64
[tp] link_data dst=/ba28894afd8b89baaf126936868d3e2f/ ctx=fb len=192
[link] data_plain len=128 preview=35e65fe12a80ee3d00278ef932383927bd791670aa6a7f7a029c1a472045933f
[tp] path_request dest=/995cc3851347f138f51af73d182d5e1d/ iface=/d86e8112f3c4c4442126f8e9f44f1686/
[tp] link_data dst=/50a460bb143173d422e2d99d9212817c/ ctx=fa len=1
[tp] path_request dest=/b8bbfff472fe128873c9395a3ff8b353/ iface=/d86e8112f3c4c4442126f8e9f44f1686/
[tp] link_data dst=/50a460bb143173d422e2d99d9212817c/ ctx=fc len=80
[tp] path_request dest=/a3dfea289534e4b2d0f5730310eebd99/ iface=/d86e8112f3c4c4442126f8e9f44f1686/
[tp] link_data dst=/2fde26ed48894c614f3448edc77d1bf6/ ctx=06 len=96
[tp] link_data dst=/2fde26ed48894c614f3448edc77d1bf6/ ctx=fc len=80
[tp] path_request dest=/12cb1ed29943213839f0b0d18cd42761/ iface=/d86e8112f3c4c4442126f8e9f44f1686/
[tp] link_request dst=/6dee4caf17f87a1051504791002c8786/ ctx=00 hops=2
[tp] link_proof_tx dst=/6dee4caf17f87a1051504791002c8786/ link_id=/87bf9544b8ec6ba6727739acdef6c68d/
[tp] link_data dst=/87bf9544b8ec6ba6727739acdef6c68d/ ctx=fe len=64
[tp] link_data dst=/87bf9544b8ec6ba6727739acdef6c68d/ ctx=fb len=192
[link] data_plain len=128 preview=caeb241290061ad1380b094471a8ab92b78aeb000a7b67d3c3af96b3825f2026
[tp] link_request dst=/6dee4caf17f87a1051504791002c8786/ ctx=00 hops=3
[tp] link_proof_tx dst=/6dee4caf17f87a1051504791002c8786/ link_id=/e8856d2578c32f847d8ede3de7cd35ed/
[tp] link_data dst=/e8856d2578c32f847d8ede3de7cd35ed/ ctx=fe len=64
[tp] link_data dst=/e8856d2578c32f847d8ede3de7cd35ed/ ctx=fb len=192
[link] data_plain len=128 preview=037a7857dfd539123ae67b4b07ff332d2bc3c151d0c8db5361e9cbbcf8519300
[tp] link_data dst=/0b7ed06009a6ff34e93c64e8100bf5c2/ ctx=06 len=96
[tp] link_data dst=/0b7ed06009a6ff34e93c64e8100bf5c2/ ctx=fc len=80
[tp] link_data dst=/36aa5bc8788efe17d42bacd76d65efb2/ ctx=fa len=1
[tp] path_request dest=/8ccb1298e805b970f8fd649324a7d2ca/ iface=/d86e8112f3c4c4442126f8e9f44f1686/
[tp] link_data dst=/87bf9544b8ec6ba6727739acdef6c68d/ ctx=08 len=32
[tp] path_request dest=/e233d8d7e9c5f61419d45138ef0d90ff/ iface=/d86e8112f3c4c4442126f8e9f44f1686/
[tp] link_data dst=/19de0c095f3ab7bdffa678cdb11565b7/ ctx=fc len=80
[tp] link_data dst=/2cacec7e0ca06d9eaef95efe161eb8d1/ ctx=fa len=1
[tp] link_data dst=/2cacec7e0ca06d9eaef95efe161eb8d1/ ctx=fc len=80
[tp] path_request dest=/12cb1ed29943213839f0b0d18cd42761/ iface=/d86e8112f3c4c4442126f8e9f44f1686/
[tp] path_request dest=/b8bbfff472fe128873c9395a3ff8b353/ iface=/d86e8112f3c4c4442126f8e9f44f1686/
[tp] link_request dst=/6dee4caf17f87a1051504791002c8786/ ctx=00 hops=3
[tp] link_proof_tx dst=/6dee4caf17f87a1051504791002c8786/ link_id=/c41e13fccd310ae5c49ef80b285e4e82/
[tp] path_request dest=/995cc3851347f138f51af73d182d5e1d/ iface=/d86e8112f3c4c4442126f8e9f44f1686/
[tp] link_data dst=/87bf9544b8ec6ba6727739acdef6c68d/ ctx=06 len=96
[tp] link_data dst=/87bf9544b8ec6ba6727739acdef6c68d/ ctx=fc len=80
[tp] link_data dst=/c41e13fccd310ae5c49ef80b285e4e82/ ctx=fe len=64
[tp] link_data dst=/c41e13fccd310ae5c49ef80b285e4e82/ ctx=fb len=192
[link] data_plain len=128 preview=b1d08b2315cf53c1efdf0a60cadf0ab72f82a691adf040c6b9990f393fcaaf53
[tp] link_data dst=/ba28894afd8b89baaf126936868d3e2f/ ctx=fa len=1
[tp] path_request dest=/e3c6c8b0f7b1f8a0a0b0c0d0e0f0a1b1/ iface=/d86e8112f3c4c4442126f8e9f44f1686/
[tp] path_request dest=/a3dfea289534e4b2d0f5730310eebd99/ iface=/d86e8112f3c4c4442126f8e9f44f1686/
[tp] link_data dst=/36aa5bc8788efe17d42bacd76d65efb2/ ctx=fa len=1
[tp] link_request dst=/6dee4caf17f87a1051504791002c8786/ ctx=00 hops=1
[tp] link_proof_tx dst=/6dee4caf17f87a1051504791002c8786/ link_id=/d3646e41c723dd4ecdbce9fc4aafe94b/
[tp] link_data dst=/d3646e41c723dd4ecdbce9fc4aafe94b/ ctx=fe len=64
[tp] link_data dst=/d3646e41c723dd4ecdbce9fc4aafe94b/ ctx=fb len=192
[link] data_plain len=128 preview=722fe51808e9a53c865100a3d27a9490d79d892a18343cef7df37d080fa80170
[tp] link_data dst=/36aa5bc8788efe17d42bacd76d65efb2/ ctx=fc len=80
[tp] link_request dst=/6dee4caf17f87a1051504791002c8786/ ctx=00 hops=1
[tp] link_proof_tx dst=/6dee4caf17f87a1051504791002c8786/ link_id=/e2f907f317ccb8bcb0eb5dd8dab09a8b/
[tp] link_data dst=/e2f907f317ccb8bcb0eb5dd8dab09a8b/ ctx=fe len=64
[tp] link_data dst=/e2f907f317ccb8bcb0eb5dd8dab09a8b/ ctx=fb len=192
[link] data_plain len=128 preview=69d501e6cc31a4301060838e059a83ad1222dee5383b88a2a87c3d837c447343
[tp] link_request dst=/6dee4caf17f87a1051504791002c8786/ ctx=00 hops=2
[tp] link_proof_tx dst=/6dee4caf17f87a1051504791002c8786/ link_id=/157171e4ef608e7f04d2f3c9b29c1dc8/
[tp] link_data dst=/157171e4ef608e7f04d2f3c9b29c1dc8/ ctx=fe len=64
[tp] link_data dst=/157171e4ef608e7f04d2f3c9b29c1dc8/ ctx=fb len=192
[link] data_plain len=128 preview=1b599a71ed6a929084c48c8f1ef3621f995f1fab242197d824024fb4f6f4d551
[tp] path_request dest=/12cb1ed29943213839f0b0d18cd42761/ iface=/d86e8112f3c4c4442126f8e9f44f1686/
[tp] path_request dest=/b18bb3d4ac56c99c5ee4791d79496ca2/ iface=/d86e8112f3c4c4442126f8e9f44f1686/
[tp] link_data dst=/d3646e41c723dd4ecdbce9fc4aafe94b/ ctx=08 len=32
[tp] link_data dst=/ba28894afd8b89baaf126936868d3e2f/ ctx=06 len=96
[tp] link_data dst=/ba28894afd8b89baaf126936868d3e2f/ ctx=fc len=80
[tp] path_request dest=/b8bbfff472fe128873c9395a3ff8b353/ iface=/d86e8112f3c4c4442126f8e9f44f1686/
[tp] link_data dst=/157171e4ef608e7f04d2f3c9b29c1dc8/ ctx=08 len=32
[tp] link_data dst=/e8856d2578c32f847d8ede3de7cd35ed/ ctx=fa len=1
[tp] path_request dest=/0ffa0968a18cb499c260e774cd3d9f28/ iface=/d86e8112f3c4c4442126f8e9f44f1686/
[tp] link_request dst=/6dee4caf17f87a1051504791002c8786/ ctx=00 hops=2
[tp] link_proof_tx dst=/6dee4caf17f87a1051504791002c8786/ link_id=/a06d6f23dd0498458f0658edb70ff639/
[tp] link_data dst=/a06d6f23dd0498458f0658edb70ff639/ ctx=fe len=64
[tp] link_data dst=/a06d6f23dd0498458f0658edb70ff639/ ctx=fb len=192
[link] data_plain len=128 preview=35e65fe12a80ee3d00278ef932383927bd791670aa6a7f7a029c1a472045933f
[tp] link_request dst=/6dee4caf17f87a1051504791002c8786/ ctx=00 hops=2
[tp] link_proof_tx dst=/6dee4caf17f87a1051504791002c8786/ link_id=/a56857c79dd04d7b0d99ef2e4d060db8/
[tp] link_data dst=/a56857c79dd04d7b0d99ef2e4d060db8/ ctx=fe len=64
[tp] link_data dst=/a56857c79dd04d7b0d99ef2e4d060db8/ ctx=fb len=192
[link] data_plain len=128 preview=caeb241290061ad1380b094471a8ab92b78aeb000a7b67d3c3af96b3825f2026
[tp] path_request dest=/995cc3851347f138f51af73d182d5e1d/ iface=/d86e8112f3c4c4442126f8e9f44f1686/
[tp] link_data dst=/d3646e41c723dd4ecdbce9fc4aafe94b/ ctx=06 len=96
[tp] link_data dst=/d3646e41c723dd4ecdbce9fc4aafe94b/ ctx=fc len=80
[tp] link_data dst=/e2f907f317ccb8bcb0eb5dd8dab09a8b/ ctx=fa len=1
[tp] path_request dest=/12cb1ed29943213839f0b0d18cd42761/ iface=/d86e8112f3c4c4442126f8e9f44f1686/
[tp] link_data dst=/157171e4ef608e7f04d2f3c9b29c1dc8/ ctx=06 len=96
[tp] link_data dst=/157171e4ef608e7f04d2f3c9b29c1dc8/ ctx=fc len=80
[tp] path_request dest=/a3dfea289534e4b2d0f5730310eebd99/ iface=/d86e8112f3c4c4442126f8e9f44f1686/
[tp] path_request dest=/379f204da5a77a6c340f6fae26097054/ iface=/d86e8112f3c4c4442126f8e9f44f1686/
[tp] path_request dest=/f8de3e21f2b92e8eb4bb505f1e1381c4/ iface=/d86e8112f3c4c4442126f8e9f44f1686/
[tp] path_request dest=/e792a1b9b43cc8b95d12ecd2d1d3e8b2/ iface=/d86e8112f3c4c4442126f8e9f44f1686/
[tp] path_request dest=/e233d8d7e9c5f61419d45138ef0d90ff/ iface=/d86e8112f3c4c4442126f8e9f44f1686/
[tp] link_data dst=/a56857c79dd04d7b0d99ef2e4d060db8/ ctx=08 len=32
[tp] link_request dst=/6dee4caf17f87a1051504791002c8786/ ctx=00 hops=1
[tp] link_proof_tx dst=/6dee4caf17f87a1051504791002c8786/ link_id=/d5ce5602f05763ee8089fe3fe37e711a/
[tp] link_data dst=/d5ce5602f05763ee8089fe3fe37e711a/ ctx=fe len=64
[tp] link_data dst=/d5ce5602f05763ee8089fe3fe37e711a/ ctx=fb len=192
[link] data_plain len=128 preview=722fe51808e9a53c865100a3d27a9490d79d892a18343cef7df37d080fa80170
[tp] link_data dst=/c41e13fccd310ae5c49ef80b285e4e82/ ctx=fa len=1
[tp] link_request dst=/6dee4caf17f87a1051504791002c8786/ ctx=00 hops=2
[tp] link_proof_tx dst=/6dee4caf17f87a1051504791002c8786/ link_id=/53ba692555980df4582b08f1d89a1730/
[tp] link_data dst=/53ba692555980df4582b08f1d89a1730/ ctx=fe len=64
[tp] link_data dst=/53ba692555980df4582b08f1d89a1730/ ctx=fb len=192
[link] data_plain len=128 preview=c757c88946ae81f0974a33437ab209bac39469edc778f04bc7c155cdb8ea1441
[tp] path_request dest=/b8bbfff472fe128873c9395a3ff8b353/ iface=/d86e8112f3c4c4442126f8e9f44f1686/
[tp] link_data dst=/d5ce5602f05763ee8089fe3fe37e711a/ ctx=08 len=32
[tp] link_data dst=/53ba692555980df4582b08f1d89a1730/ ctx=08 len=32
[tp] link_data dst=/a56857c79dd04d7b0d99ef2e4d060db8/ ctx=06 len=96
[tp] link_data dst=/a56857c79dd04d7b0d99ef2e4d060db8/ ctx=fc len=80
[tp] path_request dest=/12cb1ed29943213839f0b0d18cd42761/ iface=/d86e8112f3c4c4442126f8e9f44f1686/
[tp] path_request dest=/e233d8d7e9c5f61419d45138ef0d90ff/ iface=/d86e8112f3c4c4442126f8e9f44f1686/
[tp] link_data dst=/e2f907f317ccb8bcb0eb5dd8dab09a8b/ ctx=fa len=1
[tp] link_data dst=/e2f907f317ccb8bcb0eb5dd8dab09a8b/ ctx=fc len=80
[tp] link_request dst=/6dee4caf17f87a1051504791002c8786/ ctx=00 hops=2
[tp] link_proof_tx dst=/6dee4caf17f87a1051504791002c8786/ link_id=/773135b50a5fce47356ad32cc2fe576a/
[tp] link_data dst=/773135b50a5fce47356ad32cc2fe576a/ ctx=fe len=64
[tp] link_data dst=/773135b50a5fce47356ad32cc2fe576a/ ctx=fb len=192
[link] data_plain len=128 preview=110f3e3a6c3313c98373133edc3b5ebd7dc3c7c9c2669240e36e1152654b325b
[tp] path_request dest=/04b15fcd28ec8ed7fab945cc9d082dd3/ iface=/d86e8112f3c4c4442126f8e9f44f1686/
[tp] path_request dest=/88082fd6f73e93e3e5fad9af6ee05453/ iface=/d86e8112f3c4c4442126f8e9f44f1686/
[tp] link_data dst=/d5ce5602f05763ee8089fe3fe37e711a/ ctx=06 len=96
[tp] link_data dst=/d5ce5602f05763ee8089fe3fe37e711a/ ctx=fc len=80
[tp] link_data dst=/53ba692555980df4582b08f1d89a1730/ ctx=06 len=96
[tp] link_data dst=/53ba692555980df4582b08f1d89a1730/ ctx=fc len=80
[tp] link_data dst=/a06d6f23dd0498458f0658edb70ff639/ ctx=fa len=1
[tp] path_request dest=/7a27fd528a13d3ac3c3043e950ed3376/ iface=/d86e8112f3c4c4442126f8e9f44f1686/
[tp] path_request dest=/995cc3851347f138f51af73d182d5e1d/ iface=/d86e8112f3c4c4442126f8e9f44f1686/
[tp] path_request dest=/f8de3e21f2b92e8eb4bb505f1e1381c4/ iface=/d86e8112f3c4c4442126f8e9f44f1686/
[tp] path_request dest=/b8bbfff472fe128873c9395a3ff8b353/ iface=/d86e8112f3c4c4442126f8e9f44f1686/
[tp] path_request dest=/12cb1ed29943213839f0b0d18cd42761/ iface=/d86e8112f3c4c4442126f8e9f44f1686/
[tp] link_request dst=/6dee4caf17f87a1051504791002c8786/ ctx=00 hops=2
[tp] link_proof_tx dst=/6dee4caf17f87a1051504791002c8786/ link_id=/e12a80b6bb7b3ba17c8f42249c18c999/
[tp] link_data dst=/e12a80b6bb7b3ba17c8f42249c18c999/ ctx=fe len=64
[tp] link_data dst=/e12a80b6bb7b3ba17c8f42249c18c999/ ctx=fb len=192
[link] data_plain len=128 preview=caeb241290061ad1380b094471a8ab92b78aeb000a7b67d3c3af96b3825f2026
[tp] link_data dst=/e8856d2578c32f847d8ede3de7cd35ed/ ctx=fa len=1
[tp] link_data dst=/e8856d2578c32f847d8ede3de7cd35ed/ ctx=fc len=80
[tp] link_data dst=/a06d6f23dd0498458f0658edb70ff639/ ctx=06 len=96
[tp] link_data dst=/a06d6f23dd0498458f0658edb70ff639/ ctx=fc len=80
[tp] path_request dest=/0769357259e48819ea9194b6230b2cef/ iface=/d86e8112f3c4c4442126f8e9f44f1686/
[tp] link_data dst=/e12a80b6bb7b3ba17c8f42249c18c999/ ctx=08 len=32
[tp] link_request dst=/6dee4caf17f87a1051504791002c8786/ ctx=00 hops=2
[tp] link_proof_tx dst=/6dee4caf17f87a1051504791002c8786/ link_id=/13cbea24958c054889a5a5a339a987c3/
[tp] link_data dst=/13cbea24958c054889a5a5a339a987c3/ ctx=fe len=64
[tp] link_data dst=/13cbea24958c054889a5a5a339a987c3/ ctx=fb len=192
[link] data_plain len=128 preview=35e65fe12a80ee3d00278ef932383927bd791670aa6a7f7a029c1a472045933f
[tp] path_request dest=/e792a1b9b43cc8b95d12ecd2d1d3e8b2/ iface=/d86e8112f3c4c4442126f8e9f44f1686/
[tp] path_request dest=/f730f20056158e475480d32a934aa2d9/ iface=/d86e8112f3c4c4442126f8e9f44f1686/
[tp] link_data dst=/c41e13fccd310ae5c49ef80b285e4e82/ ctx=fa len=1
[tp] link_data dst=/c41e13fccd310ae5c49ef80b285e4e82/ ctx=fc len=80
[tp] link_data dst=/773135b50a5fce47356ad32cc2fe576a/ ctx=fa len=1
[tp] path_request dest=/12cb1ed29943213839f0b0d18cd42761/ iface=/d86e8112f3c4c4442126f8e9f44f1686/
[tp] link_request dst=/6dee4caf17f87a1051504791002c8786/ ctx=00 hops=2
[tp] link_proof_tx dst=/6dee4caf17f87a1051504791002c8786/ link_id=/03b5a7ff8064162eba540553ea6e72f0/
[tp] link_data dst=/e12a80b6bb7b3ba17c8f42249c18c999/ ctx=06 len=96
[tp] link_data dst=/e12a80b6bb7b3ba17c8f42249c18c999/ ctx=fc len=80
[tp] link_request dst=/6dee4caf17f87a1051504791002c8786/ ctx=00 hops=3
[tp] link_proof_tx dst=/6dee4caf17f87a1051504791002c8786/ link_id=/d5c292570dcedc3bf45e77508e7b87d2/
[tp] path_request dest=/58681bf71893d092811b7b97b6f767cf/ iface=/d86e8112f3c4c4442126f8e9f44f1686/
[tp] link_data dst=/d5c292570dcedc3bf45e77508e7b87d2/ ctx=fe len=64
[tp] link_data dst=/d5c292570dcedc3bf45e77508e7b87d2/ ctx=fb len=192
[link] data_plain len=128 preview=037a7857dfd539123ae67b4b07ff332d2bc3c151d0c8db5361e9cbbcf8519300
[tp] path_request dest=/b8bbfff472fe128873c9395a3ff8b353/ iface=/d86e8112f3c4c4442126f8e9f44f1686/
[tp] path_request dest=/a3dfea289534e4b2d0f5730310eebd99/ iface=/d86e8112f3c4c4442126f8e9f44f1686/
[tp] link_request dst=/6dee4caf17f87a1051504791002c8786/ ctx=00 hops=1
[tp] link_proof_tx dst=/6dee4caf17f87a1051504791002c8786/ link_id=/42eaeae3e6fa12fe981f044d800a44eb/
[tp] link_data dst=/42eaeae3e6fa12fe981f044d800a44eb/ ctx=fe len=64
[tp] link_data dst=/42eaeae3e6fa12fe981f044d800a44eb/ ctx=fb len=192
[link] data_plain len=128 preview=69d501e6cc31a4301060838e059a83ad1222dee5383b88a2a87c3d837c447343
[tp] path_request dest=/379f204da5a77a6c340f6fae26097054/ iface=/d86e8112f3c4c4442126f8e9f44f1686/
[tp] link_request dst=/6dee4caf17f87a1051504791002c8786/ ctx=00 hops=3
[tp] link_proof_tx dst=/6dee4caf17f87a1051504791002c8786/ link_id=/d0af041d3ccc5adb76ab451d8c0d4f74/
[tp] link_data dst=/d0af041d3ccc5adb76ab451d8c0d4f74/ ctx=fe len=64
[tp] link_data dst=/d0af041d3ccc5adb76ab451d8c0d4f74/ ctx=fb len=192
[link] data_plain len=128 preview=b1d08b2315cf53c1efdf0a60cadf0ab72f82a691adf040c6b9990f393fcaaf53
[tp] path_request dest=/e792a1b9b43cc8b95d12ecd2d1d3e8b2/ iface=/d86e8112f3c4c4442126f8e9f44f1686/
[tp] link_request dst=/6dee4caf17f87a1051504791002c8786/ ctx=00 hops=2
[tp] link_proof_tx dst=/6dee4caf17f87a1051504791002c8786/ link_id=/7c77789ee7182304e78dfff9cd72ec69/
[tp] link_data dst=/7c77789ee7182304e78dfff9cd72ec69/ ctx=fe len=64
[tp] link_data dst=/7c77789ee7182304e78dfff9cd72ec69/ ctx=fb len=192
[link] data_plain len=128 preview=c757c88946ae81f0974a33437ab209bac39469edc778f04bc7c155cdb8ea1441
[tp] path_request dest=/12cb1ed29943213839f0b0d18cd42761/ iface=/d86e8112f3c4c4442126f8e9f44f1686/
[tp] link_request dst=/6dee4caf17f87a1051504791002c8786/ ctx=00 hops=1
[tp] link_proof_tx dst=/6dee4caf17f87a1051504791002c8786/ link_id=/93b18d8578610712bdec516960bd4a7d/
[tp] link_data dst=/93b18d8578610712bdec516960bd4a7d/ ctx=fe len=64
[tp] link_data dst=/93b18d8578610712bdec516960bd4a7d/ ctx=fb len=192
[link] data_plain len=128 preview=722fe51808e9a53c865100a3d27a9490d79d892a18343cef7df37d080fa80170
[tp] link_data dst=/7c77789ee7182304e78dfff9cd72ec69/ ctx=08 len=32
[tp] path_request dest=/0ffa0968a18cb499c260e774cd3d9f28/ iface=/d86e8112f3c4c4442126f8e9f44f1686/
[tp] link_data dst=/13cbea24958c054889a5a5a339a987c3/ ctx=fa len=1
[tp] path_request dest=/e233d8d7e9c5f61419d45138ef0d90ff/ iface=/d86e8112f3c4c4442126f8e9f44f1686/
[tp] path_request dest=/b8bbfff472fe128873c9395a3ff8b353/ iface=/d86e8112f3c4c4442126f8e9f44f1686/
[tp] path_request dest=/ba5d70d1f6e464c363e757a887873e08/ iface=/d86e8112f3c4c4442126f8e9f44f1686/
[tp] link_data dst=/93b18d8578610712bdec516960bd4a7d/ ctx=08 len=32
[tp] link_data dst=/42eaeae3e6fa12fe981f044d800a44eb/ ctx=fa len=1
[tp] link_request dst=/6dee4caf17f87a1051504791002c8786/ ctx=00 hops=2
[tp] link_proof_tx dst=/6dee4caf17f87a1051504791002c8786/ link_id=/33a1227eef22c806a6045b3612192307/
[tp] link_data dst=/33a1227eef22c806a6045b3612192307/ ctx=fe len=64
[tp] link_data dst=/33a1227eef22c806a6045b3612192307/ ctx=fb len=192
[link] data_plain len=128 preview=caeb241290061ad1380b094471a8ab92b78aeb000a7b67d3c3af96b3825f2026
[tp] path_request dest=/995cc3851347f138f51af73d182d5e1d/ iface=/d86e8112f3c4c4442126f8e9f44f1686/
[tp] link_data dst=/7c77789ee7182304e78dfff9cd72ec69/ ctx=06 len=96
[tp] link_data dst=/7c77789ee7182304e78dfff9cd72ec69/ ctx=fc len=80
[tp] path_request dest=/a3dfea289534e4b2d0f5730310eebd99/ iface=/d86e8112f3c4c4442126f8e9f44f1686/
[tp] path_request dest=/12cb1ed29943213839f0b0d18cd42761/ iface=/d86e8112f3c4c4442126f8e9f44f1686/
[tp] link_data dst=/13cbea24958c054889a5a5a339a987c3/ ctx=06 len=96
[tp] link_data dst=/13cbea24958c054889a5a5a339a987c3/ ctx=fc len=80
[tp] path_request dest=/0ffa0968a18cb499c260e774cd3d9f28/ iface=/d86e8112f3c4c4442126f8e9f44f1686/
[tp] link_data dst=/33a1227eef22c806a6045b3612192307/ ctx=08 len=32
[tp] link_request dst=/6dee4caf17f87a1051504791002c8786/ ctx=00 hops=2
[tp] link_proof_tx dst=/6dee4caf17f87a1051504791002c8786/ link_id=/7cd09daba08d9eeade47624f7d92a21d/
[tp] link_data dst=/7cd09daba08d9eeade47624f7d92a21d/ ctx=fe len=64
[tp] link_data dst=/7cd09daba08d9eeade47624f7d92a21d/ ctx=fb len=192
[link] data_plain len=128 preview=35e65fe12a80ee3d00278ef932383927bd791670aa6a7f7a029c1a472045933f
[tp] link_data dst=/93b18d8578610712bdec516960bd4a7d/ ctx=06 len=96
[tp] link_data dst=/93b18d8578610712bdec516960bd4a7d/ ctx=fc len=80
[tp] link_data dst=/d5c292570dcedc3bf45e77508e7b87d2/ ctx=fa len=1
[tp] link_request dst=/6dee4caf17f87a1051504791002c8786/ ctx=00 hops=2
[tp] link_proof_tx dst=/6dee4caf17f87a1051504791002c8786/ link_id=/062e4f5faf547b5221f590a92ae382c3/
[tp] link_data dst=/062e4f5faf547b5221f590a92ae382c3/ ctx=fe len=64
[tp] link_data dst=/062e4f5faf547b5221f590a92ae382c3/ ctx=fb len=192
[link] data_plain len=128 preview=586528998cc5cb6f63d677614052350359a4eaac0310a30853a9bed5643f890d
[tp] path_request dest=/e233d8d7e9c5f61419d45138ef0d90ff/ iface=/d86e8112f3c4c4442126f8e9f44f1686/
[tp] link_data dst=/d0af041d3ccc5adb76ab451d8c0d4f74/ ctx=fa len=1
[tp] path_request dest=/b8bbfff472fe128873c9395a3ff8b353/ iface=/d86e8112f3c4c4442126f8e9f44f1686/
[tp] link_data dst=/42eaeae3e6fa12fe981f044d800a44eb/ ctx=fa len=1
[tp] link_data dst=/33a1227eef22c806a6045b3612192307/ ctx=06 len=96
[tp] link_data dst=/33a1227eef22c806a6045b3612192307/ ctx=fc len=80
[tp] path_request dest=/12cb1ed29943213839f0b0d18cd42761/ iface=/d86e8112f3c4c4442126f8e9f44f1686/
[tp] path_request dest=/208fe458f2080d7d1a9a545ad3106ccf/ iface=/d86e8112f3c4c4442126f8e9f44f1686/
[tp] link_data dst=/42eaeae3e6fa12fe981f044d800a44eb/ ctx=fc len=80
[tp] link_data dst=/062e4f5faf547b5221f590a92ae382c3/ ctx=08 len=32
[tp] path_request dest=/ba5d70d1f6e464c363e757a887873e08/ iface=/d86e8112f3c4c4442126f8e9f44f1686/
[tp] link_request dst=/6dee4caf17f87a1051504791002c8786/ ctx=00 hops=2
[tp] link_proof_tx dst=/6dee4caf17f87a1051504791002c8786/ link_id=/c56dffbc3693759ace77dae3f104c94a/
[tp] path_request dest=/995cc3851347f138f51af73d182d5e1d/ iface=/d86e8112f3c4c4442126f8e9f44f1686/
[tp] link_data dst=/c56dffbc3693759ace77dae3f104c94a/ ctx=fe len=64
[tp] link_data dst=/c56dffbc3693759ace77dae3f104c94a/ ctx=fb len=192
[link] data_plain len=128 preview=caeb241290061ad1380b094471a8ab92b78aeb000a7b67d3c3af96b3825f2026
[tp] path_request dest=/a3dfea289534e4b2d0f5730310eebd99/ iface=/d86e8112f3c4c4442126f8e9f44f1686/
[tp] link_request dst=/6dee4caf17f87a1051504791002c8786/ ctx=00 hops=1
[tp] link_proof_tx dst=/6dee4caf17f87a1051504791002c8786/ link_id=/cc870d3c72394a72eb3b4681a997d235/
[tp] path_request dest=/0ffa0968a18cb499c260e774cd3d9f28/ iface=/d86e8112f3c4c4442126f8e9f44f1686/
[tp] link_data dst=/cc870d3c72394a72eb3b4681a997d235/ ctx=fe len=64
[tp] link_data dst=/cc870d3c72394a72eb3b4681a997d235/ ctx=fb len=192
[link] data_plain len=128 preview=69d501e6cc31a4301060838e059a83ad1222dee5383b88a2a87c3d837c447343
[tp] link_data dst=/062e4f5faf547b5221f590a92ae382c3/ ctx=06 len=96
[tp] link_data dst=/062e4f5faf547b5221f590a92ae382c3/ ctx=fc len=80
[tp] link_data dst=/c56dffbc3693759ace77dae3f104c94a/ ctx=08 len=32
[tp] path_request dest=/e233d8d7e9c5f61419d45138ef0d90ff/ iface=/d86e8112f3c4c4442126f8e9f44f1686/
[tp] path_request dest=/12cb1ed29943213839f0b0d18cd42761/ iface=/d86e8112f3c4c4442126f8e9f44f1686/
[tp] link_data dst=/7cd09daba08d9eeade47624f7d92a21d/ ctx=fa len=1
[tp] link_data dst=/773135b50a5fce47356ad32cc2fe576a/ ctx=fa len=1
[tp] link_data dst=/773135b50a5fce47356ad32cc2fe576a/ ctx=fc len=80
[tp] path_request dest=/b8bbfff472fe128873c9395a3ff8b353/ iface=/d86e8112f3c4c4442126f8e9f44f1686/
[tp] link_request dst=/6dee4caf17f87a1051504791002c8786/ ctx=00 hops=2
[tp] link_proof_tx dst=/6dee4caf17f87a1051504791002c8786/ link_id=/2345b876e2d2c13524ef5a2a2b902fcd/
[tp] link_data dst=/2345b876e2d2c13524ef5a2a2b902fcd/ ctx=fe len=64
[tp] link_data dst=/2345b876e2d2c13524ef5a2a2b902fcd/ ctx=fb len=192
[link] data_plain len=128 preview=110f3e3a6c3313c98373133edc3b5ebd7dc3c7c9c2669240e36e1152654b325b
[tp] path_request dest=/0afd2d4541ff8c768f8015a3c76971be/ iface=/d86e8112f3c4c4442126f8e9f44f1686/
[tp] link_request dst=/6dee4caf17f87a1051504791002c8786/ ctx=00 hops=1
[tp] link_proof_tx dst=/6dee4caf17f87a1051504791002c8786/ link_id=/dd55b8ebd18aa84d5f851eb26d1fafaa/
[tp] link_data dst=/dd55b8ebd18aa84d5f851eb26d1fafaa/ ctx=fe len=64
[tp] link_data dst=/dd55b8ebd18aa84d5f851eb26d1fafaa/ ctx=fb len=192
[link] data_plain len=128 preview=722fe51808e9a53c865100a3d27a9490d79d892a18343cef7df37d080fa80170
[tp] link_data dst=/c56dffbc3693759ace77dae3f104c94a/ ctx=06 len=96
[tp] link_data dst=/c56dffbc3693759ace77dae3f104c94a/ ctx=fc len=80
[tp] link_data dst=/7cd09daba08d9eeade47624f7d92a21d/ ctx=06 len=96
[tp] link_data dst=/7cd09daba08d9eeade47624f7d92a21d/ ctx=fc len=80
[tp] link_request dst=/6dee4caf17f87a1051504791002c8786/ ctx=00 hops=2
[tp] link_proof_tx dst=/6dee4caf17f87a1051504791002c8786/ link_id=/171ad539fe0cbcbfb06044b5b01567c0/
[tp] link_data dst=/d5c292570dcedc3bf45e77508e7b87d2/ ctx=fa len=1
[tp] link_data dst=/dd55b8ebd18aa84d5f851eb26d1fafaa/ ctx=08 len=32
[tp] link_data dst=/d5c292570dcedc3bf45e77508e7b87d2/ ctx=fc len=80
[tp] link_request dst=/6dee4caf17f87a1051504791002c8786/ ctx=00 hops=3
[tp] link_proof_tx dst=/6dee4caf17f87a1051504791002c8786/ link_id=/92f878c9d37d8000f4eea744d7b214d4/
[tp] link_data dst=/d0af041d3ccc5adb76ab451d8c0d4f74/ ctx=fa len=1
[tp] link_data dst=/171ad539fe0cbcbfb06044b5b01567c0/ ctx=fe len=64
[tp] link_data dst=/171ad539fe0cbcbfb06044b5b01567c0/ ctx=fb len=192
[link] data_plain len=128 preview=3f8f84ffe6b68f168b03338be78519e42a3a446c0c19c2c6dfaaf906eba7f61d
[tp] path_request dest=/89f6aa14328a638261e5db29f2588d5a/ iface=/d86e8112f3c4c4442126f8e9f44f1686/
[tp] path_request dest=/12cb1ed29943213839f0b0d18cd42761/ iface=/d86e8112f3c4c4442126f8e9f44f1686/
[tp] link_data dst=/92f878c9d37d8000f4eea744d7b214d4/ ctx=fe len=64
[tp] link_data dst=/92f878c9d37d8000f4eea744d7b214d4/ ctx=fb len=192
[link] data_plain len=128 preview=037a7857dfd539123ae67b4b07ff332d2bc3c151d0c8db5361e9cbbcf8519300
[tp] link_data dst=/d0af041d3ccc5adb76ab451d8c0d4f74/ ctx=fc len=80
[tp] link_request dst=/6dee4caf17f87a1051504791002c8786/ ctx=00 hops=2
[tp] link_proof_tx dst=/6dee4caf17f87a1051504791002c8786/ link_id=/6f45a9effa6985e9bee274bb2f7b71c1/
[tp] link_data dst=/6f45a9effa6985e9bee274bb2f7b71c1/ ctx=fe len=64
[tp] link_data dst=/6f45a9effa6985e9bee274bb2f7b71c1/ ctx=fb len=192
[link] data_plain len=128 preview=35e65fe12a80ee3d00278ef932383927bd791670aa6a7f7a029c1a472045933f
[tp] path_request dest=/b18bb3d4ac56c99c5ee4791d79496ca2/ iface=/d86e8112f3c4c4442126f8e9f44f1686/
[tp] path_request dest=/a3dfea289534e4b2d0f5730310eebd99/ iface=/d86e8112f3c4c4442126f8e9f44f1686/
[tp] path_request dest=/3cda761f3f3ef73319aa0721c9037cb3/ iface=/d86e8112f3c4c4442126f8e9f44f1686/
[tp] path_request dest=/0e45672cce6bfda87a085ba8478cd547/ iface=/d86e8112f3c4c4442126f8e9f44f1686/
[tp] path_request dest=/e792a1b9b43cc8b95d12ecd2d1d3e8b2/ iface=/d86e8112f3c4c4442126f8e9f44f1686/
[tp] path_request dest=/b8bbfff472fe128873c9395a3ff8b353/ iface=/d86e8112f3c4c4442126f8e9f44f1686/
[tp] link_request dst=/6dee4caf17f87a1051504791002c8786/ ctx=00 hops=2
[tp] link_proof_tx dst=/6dee4caf17f87a1051504791002c8786/ link_id=/88409d1644277f3e859f998d0452a728/
[tp] link_data dst=/88409d1644277f3e859f998d0452a728/ ctx=fe len=64
[tp] link_data dst=/88409d1644277f3e859f998d0452a728/ ctx=fb len=192
[link] data_plain len=128 preview=caeb241290061ad1380b094471a8ab92b78aeb000a7b67d3c3af96b3825f2026
[tp] link_request dst=/6dee4caf17f87a1051504791002c8786/ ctx=00 hops=3
[tp] link_proof_tx dst=/6dee4caf17f87a1051504791002c8786/ link_id=/6bb065abecc5c3d1ed7db5befcdf043c/
[tp] link_data dst=/6bb065abecc5c3d1ed7db5befcdf043c/ ctx=fe len=64
[tp] link_data dst=/6bb065abecc5c3d1ed7db5befcdf043c/ ctx=fb len=192
[link] data_plain len=128 preview=b1d08b2315cf53c1efdf0a60cadf0ab72f82a691adf040c6b9990f393fcaaf53
[tp] path_request dest=/e36c13fd857732740ed3421a512e06aa/ iface=/d86e8112f3c4c4442126f8e9f44f1686/
[tp] path_request dest=/6fd9c56a0d375ee60023aaedc1b03377/ iface=/d86e8112f3c4c4442126f8e9f44f1686/
[tp] path_request dest=/0afd2d4541ff8c768f8015a3c76971be/ iface=/d86e8112f3c4c4442126f8e9f44f1686/
[tp] link_data dst=/dd55b8ebd18aa84d5f851eb26d1fafaa/ ctx=06 len=96
[tp] link_data dst=/dd55b8ebd18aa84d5f851eb26d1fafaa/ ctx=fc len=80
[tp] path_request dest=/12cb1ed29943213839f0b0d18cd42761/ iface=/d86e8112f3c4c4442126f8e9f44f1686/
[tp] link_data dst=/88409d1644277f3e859f998d0452a728/ ctx=08 len=32
[tp] path_request dest=/b18bb3d4ac56c99c5ee4791d79496ca2/ iface=/d86e8112f3c4c4442126f8e9f44f1686/
[tp] link_request dst=/6dee4caf17f87a1051504791002c8786/ ctx=00 hops=2
[tp] link_proof_tx dst=/6dee4caf17f87a1051504791002c8786/ link_id=/e8a79f636f1e300127790fb3b0847d52/
[tp] link_data dst=/e8a79f636f1e300127790fb3b0847d52/ ctx=fe len=64
[tp] link_data dst=/e8a79f636f1e300127790fb3b0847d52/ ctx=fb len=192
[link] data_plain len=128 preview=c757c88946ae81f0974a33437ab209bac39469edc778f04bc7c155cdb8ea1441
[tp] path_request dest=/965511769c059271e655c503e810a670/ iface=/d86e8112f3c4c4442126f8e9f44f1686/
[tp] link_data dst=/e8a79f636f1e300127790fb3b0847d52/ ctx=08 len=32
[tp] path_request dest=/995cc3851347f138f51af73d182d5e1d/ iface=/d86e8112f3c4c4442126f8e9f44f1686/
[tp] link_data dst=/88409d1644277f3e859f998d0452a728/ ctx=06 len=96
[tp] link_data dst=/88409d1644277f3e859f998d0452a728/ ctx=fc len=80
[tp] path_request dest=/0ffa0968a18cb499c260e774cd3d9f28/ iface=/d86e8112f3c4c4442126f8e9f44f1686/
[tp] path_request dest=/b8bbfff472fe128873c9395a3ff8b353/ iface=/d86e8112f3c4c4442126f8e9f44f1686/
[tp] path_request dest=/a3dfea289534e4b2d0f5730310eebd99/ iface=/d86e8112f3c4c4442126f8e9f44f1686/
[tp] path_request dest=/12cb1ed29943213839f0b0d18cd42761/ iface=/d86e8112f3c4c4442126f8e9f44f1686/
[tp] path_request dest=/0afd2d4541ff8c768f8015a3c76971be/ iface=/d86e8112f3c4c4442126f8e9f44f1686/
[tp] link_data dst=/6f45a9effa6985e9bee274bb2f7b71c1/ ctx=fa len=1
[tp] link_data dst=/e8a79f636f1e300127790fb3b0847d52/ ctx=06 len=96
[tp] link_data dst=/e8a79f636f1e300127790fb3b0847d52/ ctx=fc len=80
[tp] link_request dst=/6dee4caf17f87a1051504791002c8786/ ctx=00 hops=1
[tp] link_proof_tx dst=/6dee4caf17f87a1051504791002c8786/ link_id=/962835a28bd1848833ca7d617f4795e4/
[tp] link_request dst=/6dee4caf17f87a1051504791002c8786/ ctx=00 hops=2
[tp] link_proof_tx dst=/6dee4caf17f87a1051504791002c8786/ link_id=/59cd6840e894361b02bef5e5b679bce7/
[tp] link_data dst=/962835a28bd1848833ca7d617f4795e4/ ctx=fe len=64
[tp] link_data dst=/962835a28bd1848833ca7d617f4795e4/ ctx=fb len=192
[link] data_plain len=128 preview=722fe51808e9a53c865100a3d27a9490d79d892a18343cef7df37d080fa80170
[tp] link_data dst=/59cd6840e894361b02bef5e5b679bce7/ ctx=fe len=64
[tp] link_data dst=/59cd6840e894361b02bef5e5b679bce7/ ctx=fb len=192
[link] data_plain len=128 preview=586528998cc5cb6f63d677614052350359a4eaac0310a30853a9bed5643f890d
[tp] link_data dst=/6f45a9effa6985e9bee274bb2f7b71c1/ ctx=06 len=96
[tp] link_data dst=/6f45a9effa6985e9bee274bb2f7b71c1/ ctx=fc len=80
[tp] link_data dst=/962835a28bd1848833ca7d617f4795e4/ ctx=08 len=32
[tp] link_data dst=/59cd6840e894361b02bef5e5b679bce7/ ctx=08 len=32
[tp] path_request dest=/12cb1ed29943213839f0b0d18cd42761/ iface=/d86e8112f3c4c4442126f8e9f44f1686/
[tp] link_request dst=/6dee4caf17f87a1051504791002c8786/ ctx=00 hops=2
[tp] link_proof_tx dst=/6dee4caf17f87a1051504791002c8786/ link_id=/92dc752c34e2e97e523cadaa55873d5f/
[tp] link_data dst=/92dc752c34e2e97e523cadaa55873d5f/ ctx=fe len=64
[tp] link_data dst=/92dc752c34e2e97e523cadaa55873d5f/ ctx=fb len=192
[link] data_plain len=128 preview=35e65fe12a80ee3d00278ef932383927bd791670aa6a7f7a029c1a472045933f
[tp] link_data dst=/6bb065abecc5c3d1ed7db5befcdf043c/ ctx=fa len=1
[tp] link_data dst=/92f878c9d37d8000f4eea744d7b214d4/ ctx=fa len=1
[tp] path_request dest=/b8bbfff472fe128873c9395a3ff8b353/ iface=/d86e8112f3c4c4442126f8e9f44f1686/
[tp] path_request dest=/995cc3851347f138f51af73d182d5e1d/ iface=/d86e8112f3c4c4442126f8e9f44f1686/
[tp] link_request dst=/6dee4caf17f87a1051504791002c8786/ ctx=00 hops=2
[tp] link_proof_tx dst=/6dee4caf17f87a1051504791002c8786/ link_id=/b29bb735203b607653ae3d8b944b69f4/
[tp] link_data dst=/b29bb735203b607653ae3d8b944b69f4/ ctx=fe len=64
[tp] link_data dst=/b29bb735203b607653ae3d8b944b69f4/ ctx=fb len=192
[link] data_plain len=128 preview=c757c88946ae81f0974a33437ab209bac39469edc778f04bc7c155cdb8ea1441
[tp] path_request dest=/0afd2d4541ff8c768f8015a3c76971be/ iface=/d86e8112f3c4c4442126f8e9f44f1686/
[tp] path_request dest=/b18bb3d4ac56c99c5ee4791d79496ca2/ iface=/d86e8112f3c4c4442126f8e9f44f1686/
[tp] path_request dest=/a3dfea289534e4b2d0f5730310eebd99/ iface=/d86e8112f3c4c4442126f8e9f44f1686/
[tp] link_data dst=/59cd6840e894361b02bef5e5b679bce7/ ctx=06 len=96
[tp] link_data dst=/59cd6840e894361b02bef5e5b679bce7/ ctx=fc len=80
[tp] link_data dst=/962835a28bd1848833ca7d617f4795e4/ ctx=06 len=96
[tp] link_data dst=/962835a28bd1848833ca7d617f4795e4/ ctx=fc len=80
[tp] link_data dst=/b29bb735203b607653ae3d8b944b69f4/ ctx=08 len=32
[tp] link_request dst=/6dee4caf17f87a1051504791002c8786/ ctx=00 hops=1
[tp] link_proof_tx dst=/6dee4caf17f87a1051504791002c8786/ link_id=/c2a043bb1787e1d2f9964c10ab43b366/
[tp] link_data dst=/c2a043bb1787e1d2f9964c10ab43b366/ ctx=fe len=64
[tp] link_data dst=/c2a043bb1787e1d2f9964c10ab43b366/ ctx=fb len=192
[link] data_plain len=128 preview=722fe51808e9a53c865100a3d27a9490d79d892a18343cef7df37d080fa80170
[tp] path_request dest=/58681bf71893d092811b7b97b6f767cf/ iface=/d86e8112f3c4c4442126f8e9f44f1686/
[tp] link_request dst=/6dee4caf17f87a1051504791002c8786/ ctx=00 hops=2
[tp] link_proof_tx dst=/6dee4caf17f87a1051504791002c8786/ link_id=/6b6ac88467b338f6ef7b995b06ac824e/
[tp] link_data dst=/6b6ac88467b338f6ef7b995b06ac824e/ ctx=fe len=64
[tp] link_data dst=/6b6ac88467b338f6ef7b995b06ac824e/ ctx=fb len=192
[link] data_plain len=128 preview=caeb241290061ad1380b094471a8ab92b78aeb000a7b67d3c3af96b3825f2026
[tp] path_request dest=/12cb1ed29943213839f0b0d18cd42761/ iface=/d86e8112f3c4c4442126f8e9f44f1686/
[tp] link_data dst=/c2a043bb1787e1d2f9964c10ab43b366/ ctx=08 len=32
[tp] link_data dst=/6b6ac88467b338f6ef7b995b06ac824e/ ctx=08 len=32
[tp] path_request dest=/b8bbfff472fe128873c9395a3ff8b353/ iface=/d86e8112f3c4c4442126f8e9f44f1686/
[tp] link_data dst=/b29bb735203b607653ae3d8b944b69f4/ ctx=06 len=96
[tp] link_data dst=/b29bb735203b607653ae3d8b944b69f4/ ctx=fc len=80
[tp] link_data dst=/92dc752c34e2e97e523cadaa55873d5f/ ctx=fa len=1
[tp] path_request dest=/995cc3851347f138f51af73d182d5e1d/ iface=/d86e8112f3c4c4442126f8e9f44f1686/
[tp] path_request dest=/12cb1ed29943213839f0b0d18cd42761/ iface=/d86e8112f3c4c4442126f8e9f44f1686/
[tp] link_data dst=/c2a043bb1787e1d2f9964c10ab43b366/ ctx=06 len=96
[tp] link_data dst=/c2a043bb1787e1d2f9964c10ab43b366/ ctx=fc len=80
[tp] link_request dst=/6dee4caf17f87a1051504791002c8786/ ctx=00 hops=1
[tp] link_proof_tx dst=/6dee4caf17f87a1051504791002c8786/ link_id=/88eca3ec343bba0be23734eee7e7b2a0/
[tp] link_request dst=/6dee4caf17f87a1051504791002c8786/ ctx=00 hops=2
[tp] link_proof_tx dst=/6dee4caf17f87a1051504791002c8786/ link_id=/5a6c0190595631333606d14ce043fb39/
[tp] link_data dst=/88eca3ec343bba0be23734eee7e7b2a0/ ctx=fe len=64
[tp] link_data dst=/88eca3ec343bba0be23734eee7e7b2a0/ ctx=fb len=192
[link] data_plain len=128 preview=722fe51808e9a53c865100a3d27a9490d79d892a18343cef7df37d080fa80170
[tp] link_data dst=/6b6ac88467b338f6ef7b995b06ac824e/ ctx=06 len=96
[tp] link_data dst=/6b6ac88467b338f6ef7b995b06ac824e/ ctx=fc len=80
[tp] link_data dst=/5a6c0190595631333606d14ce043fb39/ ctx=fe len=64
[tp] link_data dst=/5a6c0190595631333606d14ce043fb39/ ctx=fb len=192
[link] data_plain len=128 preview=586528998cc5cb6f63d677614052350359a4eaac0310a30853a9bed5643f890d
[tp] path_request dest=/a3dfea289534e4b2d0f5730310eebd99/ iface=/d86e8112f3c4c4442126f8e9f44f1686/
[tp] path_request dest=/b4508c693ae1ddc6a0d472977be93bfc/ iface=/d86e8112f3c4c4442126f8e9f44f1686/
[tp] path_request dest=/965511769c059271e655c503e810a670/ iface=/d86e8112f3c4c4442126f8e9f44f1686/
[tp] path_request dest=/b18bb3d4ac56c99c5ee4791d79496ca2/ iface=/d86e8112f3c4c4442126f8e9f44f1686/
[tp] link_data dst=/88eca3ec343bba0be23734eee7e7b2a0/ ctx=08 len=32
[tp] path_request dest=/e233d8d7e9c5f61419d45138ef0d90ff/ iface=/d86e8112f3c4c4442126f8e9f44f1686/
[tp] link_request dst=/6dee4caf17f87a1051504791002c8786/ ctx=00 hops=2
[tp] link_proof_tx dst=/6dee4caf17f87a1051504791002c8786/ link_id=/844ce0d021d03dcbf1d95d0b2cc4a88d/
[tp] link_data dst=/844ce0d021d03dcbf1d95d0b2cc4a88d/ ctx=fe len=64
[tp] link_data dst=/844ce0d021d03dcbf1d95d0b2cc4a88d/ ctx=fb len=192
[link] data_plain len=128 preview=caeb241290061ad1380b094471a8ab92b78aeb000a7b67d3c3af96b3825f2026
[tp] link_data dst=/6bb065abecc5c3d1ed7db5befcdf043c/ ctx=fa len=1
[tp] link_data dst=/5a6c0190595631333606d14ce043fb39/ ctx=08 len=32
[tp] link_data dst=/6bb065abecc5c3d1ed7db5befcdf043c/ ctx=fc len=80
[tp] path_request dest=/fb7dfd8ce752d051a074e309814777be/ iface=/d86e8112f3c4c4442126f8e9f44f1686/
[tp] path_request dest=/b8bbfff472fe128873c9395a3ff8b353/ iface=/d86e8112f3c4c4442126f8e9f44f1686/
[tp] link_data dst=/92dc752c34e2e97e523cadaa55873d5f/ ctx=06 len=96
[tp] link_data dst=/92dc752c34e2e97e523cadaa55873d5f/ ctx=fc len=80
[tp] path_request dest=/58681bf71893d092811b7b97b6f767cf/ iface=/d86e8112f3c4c4442126f8e9f44f1686/
[tp] link_data dst=/844ce0d021d03dcbf1d95d0b2cc4a88d/ ctx=08 len=32
[tp] path_request dest=/12cb1ed29943213839f0b0d18cd42761/ iface=/d86e8112f3c4c4442126f8e9f44f1686/
[tp] link_data dst=/92f878c9d37d8000f4eea744d7b214d4/ ctx=fa len=1
[tp] link_data dst=/92f878c9d37d8000f4eea744d7b214d4/ ctx=fc len=80
[tp] link_data dst=/88eca3ec343bba0be23734eee7e7b2a0/ ctx=06 len=96
[tp] link_data dst=/88eca3ec343bba0be23734eee7e7b2a0/ ctx=fc len=80
[tp] link_data dst=/cc870d3c72394a72eb3b4681a997d235/ ctx=fa len=1
[tp] link_data dst=/5a6c0190595631333606d14ce043fb39/ ctx=06 len=96
[tp] link_data dst=/5a6c0190595631333606d14ce043fb39/ ctx=fc len=80
[tp] path_request dest=/0ffa0968a18cb499c260e774cd3d9f28/ iface=/d86e8112f3c4c4442126f8e9f44f1686/
[tp] path_request dest=/995cc3851347f138f51af73d182d5e1d/ iface=/d86e8112f3c4c4442126f8e9f44f1686/
[tp] link_data dst=/844ce0d021d03dcbf1d95d0b2cc4a88d/ ctx=06 len=96
[tp] link_data dst=/844ce0d021d03dcbf1d95d0b2cc4a88d/ ctx=fc len=80
[tp] link_request dst=/6dee4caf17f87a1051504791002c8786/ ctx=00 hops=2
[tp] link_proof_tx dst=/6dee4caf17f87a1051504791002c8786/ link_id=/e295e0db32c9050f156ee0be85d649a2/
[tp] link_data dst=/e295e0db32c9050f156ee0be85d649a2/ ctx=fe len=64
[tp] link_data dst=/e295e0db32c9050f156ee0be85d649a2/ ctx=fb len=192
[link] data_plain len=128 preview=35e65fe12a80ee3d00278ef932383927bd791670aa6a7f7a029c1a472045933f
[tp] path_request dest=/12cb1ed29943213839f0b0d18cd42761/ iface=/d86e8112f3c4c4442126f8e9f44f1686/
[tp] path_request dest=/b8bbfff472fe128873c9395a3ff8b353/ iface=/d86e8112f3c4c4442126f8e9f44f1686/
[tp] path_request dest=/b18bb3d4ac56c99c5ee4791d79496ca2/ iface=/d86e8112f3c4c4442126f8e9f44f1686/
[tp] link_request dst=/6dee4caf17f87a1051504791002c8786/ ctx=00 hops=1
[tp] link_proof_tx dst=/6dee4caf17f87a1051504791002c8786/ link_id=/49cafb3e466435e41ca8599119f86991/
[tp] link_data dst=/49cafb3e466435e41ca8599119f86991/ ctx=fe len=64
[tp] link_data dst=/49cafb3e466435e41ca8599119f86991/ ctx=fb len=192
[link] data_plain len=128 preview=722fe51808e9a53c865100a3d27a9490d79d892a18343cef7df37d080fa80170
[tp] link_data dst=/171ad539fe0cbcbfb06044b5b01567c0/ ctx=fa len=1
[tp] link_request dst=/6dee4caf17f87a1051504791002c8786/ ctx=00 hops=2
[tp] link_proof_tx dst=/6dee4caf17f87a1051504791002c8786/ link_id=/c8c938b2d3b0d72e9caa16013c4f2362/
[tp] link_data dst=/c8c938b2d3b0d72e9caa16013c4f2362/ ctx=fe len=64
[tp] link_data dst=/c8c938b2d3b0d72e9caa16013c4f2362/ ctx=fb len=192
[link] data_plain len=128 preview=586528998cc5cb6f63d677614052350359a4eaac0310a30853a9bed5643f890d
[tp] path_request dest=/12cb1ed29943213839f0b0d18cd42761/ iface=/d86e8112f3c4c4442126f8e9f44f1686/
[tp] link_request dst=/6dee4caf17f87a1051504791002c8786/ ctx=00 hops=3
[tp] link_proof_tx dst=/6dee4caf17f87a1051504791002c8786/ link_id=/08bddfa48b1e563f7e1155602648e52b/
[tp] link_data dst=/08bddfa48b1e563f7e1155602648e52b/ ctx=fe len=64
[tp] link_data dst=/08bddfa48b1e563f7e1155602648e52b/ ctx=fb len=192
[link] data_plain len=128 preview=b1d08b2315cf53c1efdf0a60cadf0ab72f82a691adf040c6b9990f393fcaaf53
[tp] link_request dst=/6dee4caf17f87a1051504791002c8786/ ctx=00 hops=2
[tp] link_proof_tx dst=/6dee4caf17f87a1051504791002c8786/ link_id=/3838dcaf07c22b34e94d0ee7f09f3311/
[tp] link_data dst=/3838dcaf07c22b34e94d0ee7f09f3311/ ctx=fe len=64
[tp] link_data dst=/3838dcaf07c22b34e94d0ee7f09f3311/ ctx=fb len=192
[link] data_plain len=128 preview=1b599a71ed6a929084c48c8f1ef3621f995f1fab242197d824024fb4f6f4d551
[tp] link_request dst=/6dee4caf17f87a1051504791002c8786/ ctx=00 hops=3
[tp] link_proof_tx dst=/6dee4caf17f87a1051504791002c8786/ link_id=/6edb1fb3b1eea8f6293e125067cb23c5/
[tp] link_data dst=/6edb1fb3b1eea8f6293e125067cb23c5/ ctx=fe len=64
[tp] link_data dst=/6edb1fb3b1eea8f6293e125067cb23c5/ ctx=fb len=192
[link] data_plain len=128 preview=037a7857dfd539123ae67b4b07ff332d2bc3c151d0c8db5361e9cbbcf8519300
[tp] link_data dst=/49cafb3e466435e41ca8599119f86991/ ctx=08 len=32
[tp] path_request dest=/b8bbfff472fe128873c9395a3ff8b353/ iface=/d86e8112f3c4c4442126f8e9f44f1686/
[tp] path_request dest=/0ffa0968a18cb499c260e774cd3d9f28/ iface=/d86e8112f3c4c4442126f8e9f44f1686/
[tp] link_data dst=/c8c938b2d3b0d72e9caa16013c4f2362/ ctx=08 len=32
[tp] path_request dest=/a3dfea289534e4b2d0f5730310eebd99/ iface=/d86e8112f3c4c4442126f8e9f44f1686/
[tp] path_request dest=/965511769c059271e655c503e810a670/ iface=/d86e8112f3c4c4442126f8e9f44f1686/
[tp] path_request dest=/995cc3851347f138f51af73d182d5e1d/ iface=/d86e8112f3c4c4442126f8e9f44f1686/
[tp] link_data dst=/3838dcaf07c22b34e94d0ee7f09f3311/ ctx=08 len=32
[tp] link_data dst=/e295e0db32c9050f156ee0be85d649a2/ ctx=fa len=1
[tp] link_data dst=/2345b876e2d2c13524ef5a2a2b902fcd/ ctx=fa len=1
[tp] path_request dest=/b8bbfff472fe128873c9395a3ff8b353/ iface=/d86e8112f3c4c4442126f8e9f44f1686/
[tp] path_request dest=/b18bb3d4ac56c99c5ee4791d79496ca2/ iface=/d86e8112f3c4c4442126f8e9f44f1686/
[tp] link_request dst=/6dee4caf17f87a1051504791002c8786/ ctx=00 hops=2
[tp] link_proof_tx dst=/6dee4caf17f87a1051504791002c8786/ link_id=/cbd137dda0d58cbc33ab83e0756b8c4d/
[tp] link_data dst=/cbd137dda0d58cbc33ab83e0756b8c4d/ ctx=fe len=64
[tp] link_data dst=/cbd137dda0d58cbc33ab83e0756b8c4d/ ctx=fb len=192
[link] data_plain len=128 preview=c757c88946ae81f0974a33437ab209bac39469edc778f04bc7c155cdb8ea1441
[tp] path_request dest=/e792a1b9b43cc8b95d12ecd2d1d3e8b2/ iface=/d86e8112f3c4c4442126f8e9f44f1686/
[tp] path_request dest=/12cb1ed29943213839f0b0d18cd42761/ iface=/d86e8112f3c4c4442126f8e9f44f1686/
[tp] link_data dst=/49cafb3e466435e41ca8599119f86991/ ctx=06 len=96
[tp] link_data dst=/49cafb3e466435e41ca8599119f86991/ ctx=fc len=80
[tp] link_data dst=/c8c938b2d3b0d72e9caa16013c4f2362/ ctx=06 len=96
[tp] link_data dst=/c8c938b2d3b0d72e9caa16013c4f2362/ ctx=fc len=80
[tp] link_data dst=/cbd137dda0d58cbc33ab83e0756b8c4d/ ctx=08 len=32
[tp] link_request dst=/6dee4caf17f87a1051504791002c8786/ ctx=00 hops=1
[tp] link_proof_tx dst=/6dee4caf17f87a1051504791002c8786/ link_id=/38ef93ef29d85b385518984d3dfa7e5c/
[tp] link_data dst=/38ef93ef29d85b385518984d3dfa7e5c/ ctx=fe len=64
[tp] link_data dst=/38ef93ef29d85b385518984d3dfa7e5c/ ctx=fb len=192
[link] data_plain len=128 preview=722fe51808e9a53c865100a3d27a9490d79d892a18343cef7df37d080fa80170
[tp] link_data dst=/3838dcaf07c22b34e94d0ee7f09f3311/ ctx=06 len=96
[tp] link_data dst=/3838dcaf07c22b34e94d0ee7f09f3311/ ctx=fc len=80
[tp] path_request dest=/e792a1b9b43cc8b95d12ecd2d1d3e8b2/ iface=/d86e8112f3c4c4442126f8e9f44f1686/
[tp] path_request dest=/b8bbfff472fe128873c9395a3ff8b353/ iface=/d86e8112f3c4c4442126f8e9f44f1686/
[tp] path_request dest=/58681bf71893d092811b7b97b6f767cf/ iface=/d86e8112f3c4c4442126f8e9f44f1686/
[tp] link_data dst=/e295e0db32c9050f156ee0be85d649a2/ ctx=06 len=96
[tp] link_data dst=/e295e0db32c9050f156ee0be85d649a2/ ctx=fc len=80
[tp] link_data dst=/38ef93ef29d85b385518984d3dfa7e5c/ ctx=08 len=32
[tp] link_request dst=/6dee4caf17f87a1051504791002c8786/ ctx=00 hops=2
[tp] link_proof_tx dst=/6dee4caf17f87a1051504791002c8786/ link_id=/9415e760e7898c56d06bea0a9a3508dc/
[tp] link_data dst=/9415e760e7898c56d06bea0a9a3508dc/ ctx=fe len=64
[tp] link_data dst=/9415e760e7898c56d06bea0a9a3508dc/ ctx=fb len=192
[link] data_plain len=128 preview=1b599a71ed6a929084c48c8f1ef3621f995f1fab242197d824024fb4f6f4d551
[tp] path_request dest=/995cc3851347f138f51af73d182d5e1d/ iface=/d86e8112f3c4c4442126f8e9f44f1686/
[tp] link_request dst=/6dee4caf17f87a1051504791002c8786/ ctx=00 hops=2
[tp] link_proof_tx dst=/6dee4caf17f87a1051504791002c8786/ link_id=/823d76e4b9e5f9cb3066da48a3ec8f01/
[tp] link_request dst=/6dee4caf17f87a1051504791002c8786/ ctx=00 hops=2
[tp] link_proof_tx dst=/6dee4caf17f87a1051504791002c8786/ link_id=/b8db183f53ca139a32f9716d83ac1ba0/
[tp] link_data dst=/cbd137dda0d58cbc33ab83e0756b8c4d/ ctx=06 len=96
[tp] link_data dst=/cbd137dda0d58cbc33ab83e0756b8c4d/ ctx=fc len=80
[tp] link_data dst=/823d76e4b9e5f9cb3066da48a3ec8f01/ ctx=fe len=64
[tp] link_data dst=/823d76e4b9e5f9cb3066da48a3ec8f01/ ctx=fb len=192
[link] data_plain len=128 preview=586528998cc5cb6f63d677614052350359a4eaac0310a30853a9bed5643f890d
[tp] link_data dst=/b8db183f53ca139a32f9716d83ac1ba0/ ctx=fe len=64
[tp] link_data dst=/b8db183f53ca139a32f9716d83ac1ba0/ ctx=fb len=192
[link] data_plain len=128 preview=caeb241290061ad1380b094471a8ab92b78aeb000a7b67d3c3af96b3825f2026
[tp] path_request dest=/12cb1ed29943213839f0b0d18cd42761/ iface=/d86e8112f3c4c4442126f8e9f44f1686/
[tp] path_request dest=/e3c6c8b0f7b1f8a0a0b0c0d0e0f0a1b1/ iface=/d86e8112f3c4c4442126f8e9f44f1686/
[tp] path_request dest=/e792a1b9b43cc8b95d12ecd2d1d3e8b2/ iface=/d86e8112f3c4c4442126f8e9f44f1686/
[tp] path_request dest=/a3dfea289534e4b2d0f5730310eebd99/ iface=/d86e8112f3c4c4442126f8e9f44f1686/
[tp] path_request dest=/b18bb3d4ac56c99c5ee4791d79496ca2/ iface=/d86e8112f3c4c4442126f8e9f44f1686/
[tp] path_request dest=/60dcab5ef4e2a7fdd1154128a826c00b/ iface=/d86e8112f3c4c4442126f8e9f44f1686/
[tp] link_data dst=/9415e760e7898c56d06bea0a9a3508dc/ ctx=08 len=32
[tp] link_request dst=/6dee4caf17f87a1051504791002c8786/ ctx=00 hops=2
[tp] link_proof_tx dst=/6dee4caf17f87a1051504791002c8786/ link_id=/dbd171d366c3267b6f38b73bbfe9b92e/
[tp] link_data dst=/dbd171d366c3267b6f38b73bbfe9b92e/ ctx=fe len=64
[tp] link_data dst=/dbd171d366c3267b6f38b73bbfe9b92e/ ctx=fb len=192
[link] data_plain len=128 preview=c757c88946ae81f0974a33437ab209bac39469edc778f04bc7c155cdb8ea1441
[tp] link_data dst=/b8db183f53ca139a32f9716d83ac1ba0/ ctx=08 len=32
[tp] link_data dst=/823d76e4b9e5f9cb3066da48a3ec8f01/ ctx=08 len=32
[tp] path_request dest=/e792a1b9b43cc8b95d12ecd2d1d3e8b2/ iface=/d86e8112f3c4c4442126f8e9f44f1686/
[tp] link_data dst=/08bddfa48b1e563f7e1155602648e52b/ ctx=fa len=1
[tp] link_data dst=/38ef93ef29d85b385518984d3dfa7e5c/ ctx=06 len=96
[tp] link_data dst=/38ef93ef29d85b385518984d3dfa7e5c/ ctx=fc len=80
[tp] link_request dst=/6dee4caf17f87a1051504791002c8786/ ctx=00 hops=1
[tp] link_proof_tx dst=/6dee4caf17f87a1051504791002c8786/ link_id=/d8bb02ac558f0c59237afcac3448ec7f/
[tp] link_data dst=/d8bb02ac558f0c59237afcac3448ec7f/ ctx=fe len=64
[tp] link_data dst=/d8bb02ac558f0c59237afcac3448ec7f/ ctx=fb len=192
[link] data_plain len=128 preview=722fe51808e9a53c865100a3d27a9490d79d892a18343cef7df37d080fa80170
[tp] link_data dst=/6edb1fb3b1eea8f6293e125067cb23c5/ ctx=fa len=1
[tp] path_request dest=/b18bb3d4ac56c99c5ee4791d79496ca2/ iface=/d86e8112f3c4c4442126f8e9f44f1686/
[tp] link_data dst=/dbd171d366c3267b6f38b73bbfe9b92e/ ctx=08 len=32
[tp] path_request dest=/0ffa0968a18cb499c260e774cd3d9f28/ iface=/d86e8112f3c4c4442126f8e9f44f1686/
[tp] path_request dest=/b8bbfff472fe128873c9395a3ff8b353/ iface=/d86e8112f3c4c4442126f8e9f44f1686/
[tp] path_request dest=/f8de3e21f2b92e8eb4bb505f1e1381c4/ iface=/d86e8112f3c4c4442126f8e9f44f1686/
[tp] link_data dst=/d8bb02ac558f0c59237afcac3448ec7f/ ctx=08 len=32
[tp] path_request dest=/12cb1ed29943213839f0b0d18cd42761/ iface=/d86e8112f3c4c4442126f8e9f44f1686/
[tp] path_request dest=/23f417a30fb2ecf2515168f40215e6fa/ iface=/d86e8112f3c4c4442126f8e9f44f1686/
[tp] link_data dst=/b8db183f53ca139a32f9716d83ac1ba0/ ctx=06 len=96
[tp] link_data dst=/b8db183f53ca139a32f9716d83ac1ba0/ ctx=fc len=80
[tp] link_data dst=/823d76e4b9e5f9cb3066da48a3ec8f01/ ctx=06 len=96
[tp] link_data dst=/823d76e4b9e5f9cb3066da48a3ec8f01/ ctx=fc len=80
[tp] path_request dest=/4762234229b7e0b83c68b857bdf245c3/ iface=/d86e8112f3c4c4442126f8e9f44f1686/
[tp] link_request dst=/6dee4caf17f87a1051504791002c8786/ ctx=00 hops=2
[tp] link_proof_tx dst=/6dee4caf17f87a1051504791002c8786/ link_id=/c17f78f6379631c2e9d2cec9e029c242/
[tp] link_data dst=/c17f78f6379631c2e9d2cec9e029c242/ ctx=fe len=64
[tp] link_data dst=/c17f78f6379631c2e9d2cec9e029c242/ ctx=fb len=192
[link] data_plain len=128 preview=35e65fe12a80ee3d00278ef932383927bd791670aa6a7f7a029c1a472045933f
[tp] path_request dest=/995cc3851347f138f51af73d182d5e1d/ iface=/d86e8112f3c4c4442126f8e9f44f1686/
[tp] link_data dst=/dbd171d366c3267b6f38b73bbfe9b92e/ ctx=06 len=96
[tp] link_data dst=/dbd171d366c3267b6f38b73bbfe9b92e/ ctx=fc len=80
[tp] path_request dest=/a3dfea289534e4b2d0f5730310eebd99/ iface=/d86e8112f3c4c4442126f8e9f44f1686/
[tp] link_data dst=/d8bb02ac558f0c59237afcac3448ec7f/ ctx=06 len=96
[tp] link_data dst=/d8bb02ac558f0c59237afcac3448ec7f/ ctx=fc len=80
[tp] path_request dest=/12cb1ed29943213839f0b0d18cd42761/ iface=/d86e8112f3c4c4442126f8e9f44f1686/
[tp] path_request dest=/88082fd6f73e93e3e5fad9af6ee05453/ iface=/d86e8112f3c4c4442126f8e9f44f1686/
[tp] link_request dst=/6dee4caf17f87a1051504791002c8786/ ctx=00 hops=2
[tp] link_proof_tx dst=/6dee4caf17f87a1051504791002c8786/ link_id=/3e50402d147f7a8e22cc38728c209bbd/
[tp] link_data dst=/3e50402d147f7a8e22cc38728c209bbd/ ctx=fe len=64
[tp] link_data dst=/3e50402d147f7a8e22cc38728c209bbd/ ctx=fb len=192
[link] data_plain len=128 preview=586528998cc5cb6f63d677614052350359a4eaac0310a30853a9bed5643f890d
[tp] path_request dest=/b8bbfff472fe128873c9395a3ff8b353/ iface=/d86e8112f3c4c4442126f8e9f44f1686/
[tp] path_request dest=/f8de3e21f2b92e8eb4bb505f1e1381c4/ iface=/d86e8112f3c4c4442126f8e9f44f1686/
[tp] link_data dst=/3e50402d147f7a8e22cc38728c209bbd/ ctx=08 len=32
[tp] link_data dst=/08bddfa48b1e563f7e1155602648e52b/ ctx=fa len=1
[tp] path_request dest=/6fd9c56a0d375ee60023aaedc1b03377/ iface=/d86e8112f3c4c4442126f8e9f44f1686/
[tp] link_data dst=/08bddfa48b1e563f7e1155602648e52b/ ctx=fc len=80
[tp] path_request dest=/12cb1ed29943213839f0b0d18cd42761/ iface=/d86e8112f3c4c4442126f8e9f44f1686/
[tp] link_request dst=/6dee4caf17f87a1051504791002c8786/ ctx=00 hops=2
[tp] link_proof_tx dst=/6dee4caf17f87a1051504791002c8786/ link_id=/09fdae74f59c1c5183c2e8ddf9746444/
[tp] link_data dst=/09fdae74f59c1c5183c2e8ddf9746444/ ctx=fe len=64
[tp] link_data dst=/09fdae74f59c1c5183c2e8ddf9746444/ ctx=fb len=192
[link] data_plain len=128 preview=c757c88946ae81f0974a33437ab209bac39469edc778f04bc7c155cdb8ea1441
[tp] path_request dest=/995cc3851347f138f51af73d182d5e1d/ iface=/d86e8112f3c4c4442126f8e9f44f1686/
[tp] path_request dest=/f8de3e21f2b92e8eb4bb505f1e1381c4/ iface=/d86e8112f3c4c4442126f8e9f44f1686/
[tp] link_data dst=/c17f78f6379631c2e9d2cec9e029c242/ ctx=fa len=1
[tp] link_data dst=/9415e760e7898c56d06bea0a9a3508dc/ ctx=06 len=96
[tp] link_data dst=/9415e760e7898c56d06bea0a9a3508dc/ ctx=fc len=80
[tp] link_request dst=/6dee4caf17f87a1051504791002c8786/ ctx=00 hops=2
[tp] link_proof_tx dst=/6dee4caf17f87a1051504791002c8786/ link_id=/51f80df409a56588fe3aa696de7fe92d/
[tp] link_data dst=/6edb1fb3b1eea8f6293e125067cb23c5/ ctx=fa len=1
[tp] link_request dst=/6dee4caf17f87a1051504791002c8786/ ctx=00 hops=2
[tp] link_proof_tx dst=/6dee4caf17f87a1051504791002c8786/ link_id=/29d3c45316951d186a083bcfecebc556/
[tp] link_data dst=/29d3c45316951d186a083bcfecebc556/ ctx=fe len=64
[tp] link_data dst=/29d3c45316951d186a083bcfecebc556/ ctx=fb len=192
[link] data_plain len=128 preview=caeb241290061ad1380b094471a8ab92b78aeb000a7b67d3c3af96b3825f2026
[tp] link_data dst=/3e50402d147f7a8e22cc38728c209bbd/ ctx=06 len=96
[tp] link_data dst=/3e50402d147f7a8e22cc38728c209bbd/ ctx=fc len=80
[tp] link_data dst=/6edb1fb3b1eea8f6293e125067cb23c5/ ctx=fc len=80
[tp] path_request dest=/a3dfea289534e4b2d0f5730310eebd99/ iface=/d86e8112f3c4c4442126f8e9f44f1686/
[tp] link_data dst=/09fdae74f59c1c5183c2e8ddf9746444/ ctx=08 len=32
[tp] path_request dest=/6fe58e1d906d9f448b53533f0f2b7457/ iface=/d86e8112f3c4c4442126f8e9f44f1686/
[tp] path_request dest=/e36c13fd857732740ed3421a512e06aa/ iface=/d86e8112f3c4c4442126f8e9f44f1686/
[tp] link_data dst=/29d3c45316951d186a083bcfecebc556/ ctx=08 len=32
[tp] path_request dest=/b8bbfff472fe128873c9395a3ff8b353/ iface=/d86e8112f3c4c4442126f8e9f44f1686/
[tp] path_request dest=/0afd2d4541ff8c768f8015a3c76971be/ iface=/d86e8112f3c4c4442126f8e9f44f1686/
[tp] path_request dest=/12cb1ed29943213839f0b0d18cd42761/ iface=/d86e8112f3c4c4442126f8e9f44f1686/
[tp] link_data dst=/cc870d3c72394a72eb3b4681a997d235/ ctx=fa len=1
[tp] link_data dst=/c17f78f6379631c2e9d2cec9e029c242/ ctx=06 len=96
[tp] link_data dst=/c17f78f6379631c2e9d2cec9e029c242/ ctx=fc len=80
[tp] path_request dest=/e233d8d7e9c5f61419d45138ef0d90ff/ iface=/d86e8112f3c4c4442126f8e9f44f1686/
[tp] link_data dst=/cc870d3c72394a72eb3b4681a997d235/ ctx=fc len=80
[tp] path_request dest=/0769357259e48819ea9194b6230b2cef/ iface=/d86e8112f3c4c4442126f8e9f44f1686/
[tp] path_request dest=/0f9fd927aab2c8dd014b21a2e1f9a4e5/ iface=/d86e8112f3c4c4442126f8e9f44f1686/
[tp] path_request dest=/44213278b52d888683e970004dc95f3c/ iface=/d86e8112f3c4c4442126f8e9f44f1686/
[tp] link_data dst=/09fdae74f59c1c5183c2e8ddf9746444/ ctx=06 len=96
[tp] link_data dst=/09fdae74f59c1c5183c2e8ddf9746444/ ctx=fc len=80
[tp] path_request dest=/6fd9c56a0d375ee60023aaedc1b03377/ iface=/d86e8112f3c4c4442126f8e9f44f1686/
[tp] link_request dst=/6dee4caf17f87a1051504791002c8786/ ctx=00 hops=1
[tp] link_proof_tx dst=/6dee4caf17f87a1051504791002c8786/ link_id=/4c5ddf286f8161b848205925e6a29040/
[tp] link_data dst=/4c5ddf286f8161b848205925e6a29040/ ctx=fe len=64
[tp] link_data dst=/4c5ddf286f8161b848205925e6a29040/ ctx=fb len=192
[link] data_plain len=128 preview=722fe51808e9a53c865100a3d27a9490d79d892a18343cef7df37d080fa80170
[tp] link_data dst=/29d3c45316951d186a083bcfecebc556/ ctx=06 len=96
[tp] link_data dst=/29d3c45316951d186a083bcfecebc556/ ctx=fc len=80
[tp] link_request dst=/6dee4caf17f87a1051504791002c8786/ ctx=00 hops=2
[tp] link_proof_tx dst=/6dee4caf17f87a1051504791002c8786/ link_id=/1d290dc81f87d8008646f3b645815247/
[tp] link_data dst=/1d290dc81f87d8008646f3b645815247/ ctx=fe len=64
[tp] link_data dst=/1d290dc81f87d8008646f3b645815247/ ctx=fb len=192
[link] data_plain len=128 preview=c757c88946ae81f0974a33437ab209bac39469edc778f04bc7c155cdb8ea1441
[tp] path_request dest=/995cc3851347f138f51af73d182d5e1d/ iface=/d86e8112f3c4c4442126f8e9f44f1686/
[tp] path_request dest=/b8bbfff472fe128873c9395a3ff8b353/ iface=/d86e8112f3c4c4442126f8e9f44f1686/
[tp] link_request dst=/6dee4caf17f87a1051504791002c8786/ ctx=00 hops=2
[tp] link_proof_tx dst=/6dee4caf17f87a1051504791002c8786/ link_id=/fad9fe5ca7e5605779cbcb3cc6468e38/
[tp] link_data dst=/fad9fe5ca7e5605779cbcb3cc6468e38/ ctx=fe len=64
[tp] link_data dst=/fad9fe5ca7e5605779cbcb3cc6468e38/ ctx=fb len=192
[link] data_plain len=128 preview=caeb241290061ad1380b094471a8ab92b78aeb000a7b67d3c3af96b3825f2026
[tp] path_request dest=/12cb1ed29943213839f0b0d18cd42761/ iface=/d86e8112f3c4c4442126f8e9f44f1686/
[tp] path_request dest=/a3dfea289534e4b2d0f5730310eebd99/ iface=/d86e8112f3c4c4442126f8e9f44f1686/
[tp] link_data dst=/4c5ddf286f8161b848205925e6a29040/ ctx=08 len=32
[tp] link_data dst=/2345b876e2d2c13524ef5a2a2b902fcd/ ctx=fa len=1
[tp] link_data dst=/1d290dc81f87d8008646f3b645815247/ ctx=08 len=32
[tp] link_data dst=/fad9fe5ca7e5605779cbcb3cc6468e38/ ctx=08 len=32
[tp] path_request dest=/5a372128f79484f0b0d5f4f5b09e2b33/ iface=/d86e8112f3c4c4442126f8e9f44f1686/
[tp] path_request dest=/0ffa0968a18cb499c260e774cd3d9f28/ iface=/d86e8112f3c4c4442126f8e9f44f1686/
[tp] link_request dst=/6dee4caf17f87a1051504791002c8786/ ctx=00 hops=1
[tp] link_proof_tx dst=/6dee4caf17f87a1051504791002c8786/ link_id=/70ee8bc8d4a2a773950ea7c9536dcfb3/
[tp] link_data dst=/70ee8bc8d4a2a773950ea7c9536dcfb3/ ctx=fe len=64
[tp] link_data dst=/70ee8bc8d4a2a773950ea7c9536dcfb3/ ctx=fb len=192
[link] data_plain len=128 preview=69d501e6cc31a4301060838e059a83ad1222dee5383b88a2a87c3d837c447343
[tp] link_request dst=/6dee4caf17f87a1051504791002c8786/ ctx=00 hops=2
[tp] link_proof_tx dst=/6dee4caf17f87a1051504791002c8786/ link_id=/c0d5a8eaaf547384d6e08aaa3999da57/
[tp] link_data dst=/c0d5a8eaaf547384d6e08aaa3999da57/ ctx=fe len=64
[tp] link_data dst=/c0d5a8eaaf547384d6e08aaa3999da57/ ctx=fb len=192
[link] data_plain len=128 preview=35e65fe12a80ee3d00278ef932383927bd791670aa6a7f7a029c1a472045933f
[tp] link_data dst=/171ad539fe0cbcbfb06044b5b01567c0/ ctx=fa len=1
[tp] link_data dst=/4c5ddf286f8161b848205925e6a29040/ ctx=06 len=96
[tp] link_data dst=/4c5ddf286f8161b848205925e6a29040/ ctx=fc len=80
[tp] link_data dst=/171ad539fe0cbcbfb06044b5b01567c0/ ctx=fc len=80
[tp] link_data dst=/1d290dc81f87d8008646f3b645815247/ ctx=06 len=96
[tp] link_data dst=/1d290dc81f87d8008646f3b645815247/ ctx=fc len=80
[tp] link_request dst=/6dee4caf17f87a1051504791002c8786/ ctx=00 hops=3
[tp] link_proof_tx dst=/6dee4caf17f87a1051504791002c8786/ link_id=/753f046eacb0e9e7f6c752a4e93f29aa/
[tp] path_request dest=/12cb1ed29943213839f0b0d18cd42761/ iface=/d86e8112f3c4c4442126f8e9f44f1686/
[tp] path_request dest=/2809dc5a3111fbbc316f17697839f43f/ iface=/d86e8112f3c4c4442126f8e9f44f1686/
[tp] link_data dst=/753f046eacb0e9e7f6c752a4e93f29aa/ ctx=fe len=64
[tp] link_data dst=/753f046eacb0e9e7f6c752a4e93f29aa/ ctx=fb len=192
[link] data_plain len=128 preview=037a7857dfd539123ae67b4b07ff332d2bc3c151d0c8db5361e9cbbcf8519300
[tp] path_request dest=/e233d8d7e9c5f61419d45138ef0d90ff/ iface=/d86e8112f3c4c4442126f8e9f44f1686/
[tp] link_data dst=/fad9fe5ca7e5605779cbcb3cc6468e38/ ctx=06 len=96
[tp] link_data dst=/fad9fe5ca7e5605779cbcb3cc6468e38/ ctx=fc len=80
[tp] path_request dest=/b8bbfff472fe128873c9395a3ff8b353/ iface=/d86e8112f3c4c4442126f8e9f44f1686/
[tp] path_request dest=/995cc3851347f138f51af73d182d5e1d/ iface=/d86e8112f3c4c4442126f8e9f44f1686/
[tp] path_request dest=/58681bf71893d092811b7b97b6f767cf/ iface=/d86e8112f3c4c4442126f8e9f44f1686/
[tp] path_request dest=/a3dfea289534e4b2d0f5730310eebd99/ iface=/d86e8112f3c4c4442126f8e9f44f1686/
[tp] path_request dest=/318c0021d8b7b98889080243b3263363/ iface=/d86e8112f3c4c4442126f8e9f44f1686/
[tp] path_request dest=/e233d8d7e9c5f61419d45138ef0d90ff/ iface=/d86e8112f3c4c4442126f8e9f44f1686/
[tp] link_data dst=/70ee8bc8d4a2a773950ea7c9536dcfb3/ ctx=fa len=1
[tp] path_request dest=/12cb1ed29943213839f0b0d18cd42761/ iface=/d86e8112f3c4c4442126f8e9f44f1686/
[tp] path_request dest=/0ac81dfb79aabfad72b3b48ffbc9fa5e/ iface=/d86e8112f3c4c4442126f8e9f44f1686/
[tp] path_request dest=/e792a1b9b43cc8b95d12ecd2d1d3e8b2/ iface=/d86e8112f3c4c4442126f8e9f44f1686/
[tp] path_request dest=/f8de3e21f2b92e8eb4bb505f1e1381c4/ iface=/d86e8112f3c4c4442126f8e9f44f1686/
[tp] link_data dst=/c0d5a8eaaf547384d6e08aaa3999da57/ ctx=fa len=1
[tp] path_request dest=/b8bbfff472fe128873c9395a3ff8b353/ iface=/d86e8112f3c4c4442126f8e9f44f1686/
[tp] link_request dst=/6dee4caf17f87a1051504791002c8786/ ctx=00 hops=3
[tp] link_proof_tx dst=/6dee4caf17f87a1051504791002c8786/ link_id=/f18bc7e8ae52f4352507d40c92ad3bb8/
[tp] link_data dst=/f18bc7e8ae52f4352507d40c92ad3bb8/ ctx=fe len=64
[tp] link_data dst=/f18bc7e8ae52f4352507d40c92ad3bb8/ ctx=fb len=192
[link] data_plain len=128 preview=b1d08b2315cf53c1efdf0a60cadf0ab72f82a691adf040c6b9990f393fcaaf53
[tp] link_request dst=/6dee4caf17f87a1051504791002c8786/ ctx=00 hops=2
[tp] link_proof_tx dst=/6dee4caf17f87a1051504791002c8786/ link_id=/ba32646e8f686536e750dc3af6dc4429/
[tp] link_data dst=/ba32646e8f686536e750dc3af6dc4429/ ctx=fe len=64
[tp] link_data dst=/ba32646e8f686536e750dc3af6dc4429/ ctx=fb len=192
[link] data_plain len=128 preview=586528998cc5cb6f63d677614052350359a4eaac0310a30853a9bed5643f890d
[tp] path_request dest=/fb7dfd8ce752d051a074e309814777be/ iface=/d86e8112f3c4c4442126f8e9f44f1686/
[tp] path_request dest=/b4ac9705550f189cf2aff4d4748bd05e/ iface=/d86e8112f3c4c4442126f8e9f44f1686/
[tp] path_request dest=/12cb1ed29943213839f0b0d18cd42761/ iface=/d86e8112f3c4c4442126f8e9f44f1686/
[tp] link_request dst=/6dee4caf17f87a1051504791002c8786/ ctx=00 hops=2
[tp] link_proof_tx dst=/6dee4caf17f87a1051504791002c8786/ link_id=/a2f8a03ff87b835785d5b77667bf4eb4/
[tp] link_data dst=/a2f8a03ff87b835785d5b77667bf4eb4/ ctx=fe len=64
[tp] link_data dst=/a2f8a03ff87b835785d5b77667bf4eb4/ ctx=fb len=192
[link] data_plain len=128 preview=c757c88946ae81f0974a33437ab209bac39469edc778f04bc7c155cdb8ea1441
[tp] link_data dst=/70ee8bc8d4a2a773950ea7c9536dcfb3/ ctx=fa len=1
[tp] path_request dest=/995cc3851347f138f51af73d182d5e1d/ iface=/d86e8112f3c4c4442126f8e9f44f1686/
[tp] link_request dst=/6dee4caf17f87a1051504791002c8786/ ctx=00 hops=1
[tp] link_proof_tx dst=/6dee4caf17f87a1051504791002c8786/ link_id=/ef610b52a6137ca21a8d6ab3e5b94992/
[tp] link_data dst=/753f046eacb0e9e7f6c752a4e93f29aa/ ctx=fa len=1
[tp] link_data dst=/70ee8bc8d4a2a773950ea7c9536dcfb3/ ctx=fc len=80
[tp] link_data dst=/ef610b52a6137ca21a8d6ab3e5b94992/ ctx=fe len=64
[tp] link_data dst=/ef610b52a6137ca21a8d6ab3e5b94992/ ctx=fb len=192
[link] data_plain len=128 preview=722fe51808e9a53c865100a3d27a9490d79d892a18343cef7df37d080fa80170
[tp] link_data dst=/ba32646e8f686536e750dc3af6dc4429/ ctx=08 len=32
[tp] link_data dst=/2345b876e2d2c13524ef5a2a2b902fcd/ ctx=fc len=80
[tp] path_request dest=/a3dfea289534e4b2d0f5730310eebd99/ iface=/d86e8112f3c4c4442126f8e9f44f1686/
[tp] path_request dest=/b4508c693ae1ddc6a0d472977be93bfc/ iface=/d86e8112f3c4c4442126f8e9f44f1686/
[tp] link_request dst=/6dee4caf17f87a1051504791002c8786/ ctx=00 hops=2
[tp] link_proof_tx dst=/6dee4caf17f87a1051504791002c8786/ link_id=/b6ee2294154d260d15f3555d3afed5c3/
[tp] link_data dst=/c0d5a8eaaf547384d6e08aaa3999da57/ ctx=06 len=96
[tp] link_data dst=/c0d5a8eaaf547384d6e08aaa3999da57/ ctx=fc len=80
[tp] link_data dst=/a2f8a03ff87b835785d5b77667bf4eb4/ ctx=08 len=32
[tp] path_request dest=/8fd2a5f7cda0a861e8e9c298e3e2ce24/ iface=/d86e8112f3c4c4442126f8e9f44f1686/
[tp] link_data dst=/ef610b52a6137ca21a8d6ab3e5b94992/ ctx=08 len=32
[tp] path_request dest=/b8bbfff472fe128873c9395a3ff8b353/ iface=/d86e8112f3c4c4442126f8e9f44f1686/
[tp] path_request dest=/e792a1b9b43cc8b95d12ecd2d1d3e8b2/ iface=/d86e8112f3c4c4442126f8e9f44f1686/
[tp] link_request dst=/6dee4caf17f87a1051504791002c8786/ ctx=00 hops=1
[tp] link_proof_tx dst=/6dee4caf17f87a1051504791002c8786/ link_id=/9f63f12e641ed88e75df0eab61ae6905/
[tp] link_data dst=/9f63f12e641ed88e75df0eab61ae6905/ ctx=fe len=64
[tp] link_data dst=/9f63f12e641ed88e75df0eab61ae6905/ ctx=fb len=192
[link] data_plain len=128 preview=69d501e6cc31a4301060838e059a83ad1222dee5383b88a2a87c3d837c447343
[tp] link_data dst=/ba32646e8f686536e750dc3af6dc4429/ ctx=06 len=96
[tp] link_data dst=/ba32646e8f686536e750dc3af6dc4429/ ctx=fc len=80
[tp] path_request dest=/0afd2d4541ff8c768f8015a3c76971be/ iface=/d86e8112f3c4c4442126f8e9f44f1686/
[tp] link_request dst=/6dee4caf17f87a1051504791002c8786/ ctx=00 hops=2
[tp] link_proof_tx dst=/6dee4caf17f87a1051504791002c8786/ link_id=/f88e414a0c508aab8b4c24d39a219fce/
[tp] path_request dest=/12cb1ed29943213839f0b0d18cd42761/ iface=/d86e8112f3c4c4442126f8e9f44f1686/
[tp] link_data dst=/f88e414a0c508aab8b4c24d39a219fce/ ctx=fe len=64
[tp] link_data dst=/f88e414a0c508aab8b4c24d39a219fce/ ctx=fb len=192
[link] data_plain len=128 preview=35e65fe12a80ee3d00278ef932383927bd791670aa6a7f7a029c1a472045933f
[tp] link_data dst=/a2f8a03ff87b835785d5b77667bf4eb4/ ctx=06 len=96
[tp] link_data dst=/a2f8a03ff87b835785d5b77667bf4eb4/ ctx=fc len=80
[tp] path_request dest=/58681bf71893d092811b7b97b6f767cf/ iface=/d86e8112f3c4c4442126f8e9f44f1686/
[tp] link_data dst=/ef610b52a6137ca21a8d6ab3e5b94992/ ctx=06 len=96
[tp] link_data dst=/ef610b52a6137ca21a8d6ab3e5b94992/ ctx=fc len=80
[tp] link_request dst=/6dee4caf17f87a1051504791002c8786/ ctx=00 hops=2
[tp] link_proof_tx dst=/6dee4caf17f87a1051504791002c8786/ link_id=/f1156fcae7682d5d22b11460a16098e2/
[tp] link_data dst=/f1156fcae7682d5d22b11460a16098e2/ ctx=fe len=64
[tp] link_data dst=/f1156fcae7682d5d22b11460a16098e2/ ctx=fb len=192
[link] data_plain len=128 preview=c757c88946ae81f0974a33437ab209bac39469edc778f04bc7c155cdb8ea1441
[tp] path_request dest=/995cc3851347f138f51af73d182d5e1d/ iface=/d86e8112f3c4c4442126f8e9f44f1686/
[tp] path_request dest=/965511769c059271e655c503e810a670/ iface=/d86e8112f3c4c4442126f8e9f44f1686/
[tp] link_data dst=/f18bc7e8ae52f4352507d40c92ad3bb8/ ctx=fa len=1
[tp] link_request dst=/6dee4caf17f87a1051504791002c8786/ ctx=00 hops=2
[tp] link_proof_tx dst=/6dee4caf17f87a1051504791002c8786/ link_id=/0991fa9a38d5957ef234e11431c222cb/
[tp] link_data dst=/0991fa9a38d5957ef234e11431c222cb/ ctx=fe len=64
[tp] link_data dst=/0991fa9a38d5957ef234e11431c222cb/ ctx=fb len=192
[link] data_plain len=128 preview=caeb241290061ad1380b094471a8ab92b78aeb000a7b67d3c3af96b3825f2026
[tp] link_data dst=/9f63f12e641ed88e75df0eab61ae6905/ ctx=fa len=1
[tp] link_request dst=/6dee4caf17f87a1051504791002c8786/ ctx=00 hops=2
[tp] link_proof_tx dst=/6dee4caf17f87a1051504791002c8786/ link_id=/49db46dd123df6655782b55eab3b5942/
[tp] link_data dst=/49db46dd123df6655782b55eab3b5942/ ctx=fe len=64
[tp] link_data dst=/49db46dd123df6655782b55eab3b5942/ ctx=fb len=192
[link] data_plain len=128 preview=3f8f84ffe6b68f168b03338be78519e42a3a446c0c19c2c6dfaaf906eba7f61d
[tp] path_request dest=/12cb1ed29943213839f0b0d18cd42761/ iface=/d86e8112f3c4c4442126f8e9f44f1686/
[tp] path_request dest=/e792a1b9b43cc8b95d12ecd2d1d3e8b2/ iface=/d86e8112f3c4c4442126f8e9f44f1686/
[tp] link_data dst=/f1156fcae7682d5d22b11460a16098e2/ ctx=08 len=32
[tp] path_request dest=/b8bbfff472fe128873c9395a3ff8b353/ iface=/d86e8112f3c4c4442126f8e9f44f1686/
[tp] link_request dst=/6dee4caf17f87a1051504791002c8786/ ctx=00 hops=1
[tp] link_proof_tx dst=/6dee4caf17f87a1051504791002c8786/ link_id=/c3f5287801a18f0d42f5b8afce429fe2/
[tp] path_request dest=/0ffa0968a18cb499c260e774cd3d9f28/ iface=/d86e8112f3c4c4442126f8e9f44f1686/
[tp] link_data dst=/c3f5287801a18f0d42f5b8afce429fe2/ ctx=fe len=64
[tp] link_data dst=/c3f5287801a18f0d42f5b8afce429fe2/ ctx=fb len=192
[link] data_plain len=128 preview=722fe51808e9a53c865100a3d27a9490d79d892a18343cef7df37d080fa80170
[tp] link_data dst=/0991fa9a38d5957ef234e11431c222cb/ ctx=08 len=32
[tp] link_data dst=/753f046eacb0e9e7f6c752a4e93f29aa/ ctx=fa len=1
[tp] link_data dst=/c3f5287801a18f0d42f5b8afce429fe2/ ctx=08 len=32
[tp] link_data dst=/753f046eacb0e9e7f6c752a4e93f29aa/ ctx=fc len=80
[tp] link_request dst=/6dee4caf17f87a1051504791002c8786/ ctx=00 hops=1
[tp] link_proof_tx dst=/6dee4caf17f87a1051504791002c8786/ link_id=/999a2ebc1c42454d39ac5c4a2d5fee61/
[tp] link_data dst=/999a2ebc1c42454d39ac5c4a2d5fee61/ ctx=fe len=64
[tp] link_data dst=/999a2ebc1c42454d39ac5c4a2d5fee61/ ctx=fb len=192
[link] data_plain len=128 preview=48239eb3ae793e1da445b9b6068893bd1378929c015a521651146fb7e3d25320
[tp] path_request dest=/b18bb3d4ac56c99c5ee4791d79496ca2/ iface=/d86e8112f3c4c4442126f8e9f44f1686/
[tp] link_data dst=/f1156fcae7682d5d22b11460a16098e2/ ctx=06 len=96
[tp] link_data dst=/f1156fcae7682d5d22b11460a16098e2/ ctx=fc len=80
[tp] path_request dest=/f8de3e21f2b92e8eb4bb505f1e1381c4/ iface=/d86e8112f3c4c4442126f8e9f44f1686/
[tp] link_data dst=/f88e414a0c508aab8b4c24d39a219fce/ ctx=fa len=1
[tp] path_request dest=/12cb1ed29943213839f0b0d18cd42761/ iface=/d86e8112f3c4c4442126f8e9f44f1686/
[tp] link_data dst=/999a2ebc1c42454d39ac5c4a2d5fee61/ ctx=08 len=32
[tp] link_data dst=/0991fa9a38d5957ef234e11431c222cb/ ctx=06 len=96
[tp] link_data dst=/0991fa9a38d5957ef234e11431c222cb/ ctx=fc len=80
[tp] link_data dst=/9f63f12e641ed88e75df0eab61ae6905/ ctx=fa len=1
[tp] path_request dest=/e233d8d7e9c5f61419d45138ef0d90ff/ iface=/d86e8112f3c4c4442126f8e9f44f1686/
[tp] link_data dst=/49db46dd123df6655782b55eab3b5942/ ctx=fa len=1
[tp] link_data dst=/9f63f12e641ed88e75df0eab61ae6905/ ctx=fc len=80
[tp] path_request dest=/995cc3851347f138f51af73d182d5e1d/ iface=/d86e8112f3c4c4442126f8e9f44f1686/
[tp] path_request dest=/b8bbfff472fe128873c9395a3ff8b353/ iface=/d86e8112f3c4c4442126f8e9f44f1686/
[tp] link_data dst=/c3f5287801a18f0d42f5b8afce429fe2/ ctx=06 len=96
[tp] link_data dst=/c3f5287801a18f0d42f5b8afce429fe2/ ctx=fc len=80
[tp] path_request dest=/a3dfea289534e4b2d0f5730310eebd99/ iface=/d86e8112f3c4c4442126f8e9f44f1686/
[tp] link_request dst=/6dee4caf17f87a1051504791002c8786/ ctx=00 hops=2
[tp] link_proof_tx dst=/6dee4caf17f87a1051504791002c8786/ link_id=/48a14d77b498182595c966ffc6143360/
[tp] link_data dst=/48a14d77b498182595c966ffc6143360/ ctx=fe len=64
[tp] link_data dst=/48a14d77b498182595c966ffc6143360/ ctx=fb len=192
[link] data_plain len=128 preview=caeb241290061ad1380b094471a8ab92b78aeb000a7b67d3c3af96b3825f2026
[tp] link_data dst=/f88e414a0c508aab8b4c24d39a219fce/ ctx=06 len=96
[tp] link_data dst=/f88e414a0c508aab8b4c24d39a219fce/ ctx=fc len=80
[tp] link_data dst=/999a2ebc1c42454d39ac5c4a2d5fee61/ ctx=06 len=96
[tp] link_data dst=/999a2ebc1c42454d39ac5c4a2d5fee61/ ctx=fc len=80
[tp] link_request dst=/6dee4caf17f87a1051504791002c8786/ ctx=00 hops=2
[tp] link_proof_tx dst=/6dee4caf17f87a1051504791002c8786/ link_id=/ee97ea25191a024e85857f0973744fc4/
[tp] link_data dst=/ee97ea25191a024e85857f0973744fc4/ ctx=fe len=64
[tp] link_data dst=/ee97ea25191a024e85857f0973744fc4/ ctx=fb len=192
[link] data_plain len=128 preview=c757c88946ae81f0974a33437ab209bac39469edc778f04bc7c155cdb8ea1441
[tp] path_request dest=/b8bbfff472fe128873c9395a3ff8b353/ iface=/d86e8112f3c4c4442126f8e9f44f1686/
[tp] path_request dest=/b18bb3d4ac56c99c5ee4791d79496ca2/ iface=/d86e8112f3c4c4442126f8e9f44f1686/
[tp] path_request dest=/12cb1ed29943213839f0b0d18cd42761/ iface=/d86e8112f3c4c4442126f8e9f44f1686/
[tp] link_request dst=/6dee4caf17f87a1051504791002c8786/ ctx=00 hops=1
[tp] link_proof_tx dst=/6dee4caf17f87a1051504791002c8786/ link_id=/8ef87c953c62ee4fa7d318c6cd8b4021/
[tp] link_data dst=/8ef87c953c62ee4fa7d318c6cd8b4021/ ctx=fe len=64
[tp] link_data dst=/8ef87c953c62ee4fa7d318c6cd8b4021/ ctx=fb len=192
[link] data_plain len=128 preview=69d501e6cc31a4301060838e059a83ad1222dee5383b88a2a87c3d837c447343
[tp] link_data dst=/f18bc7e8ae52f4352507d40c92ad3bb8/ ctx=fa len=1
[tp] link_data dst=/48a14d77b498182595c966ffc6143360/ ctx=08 len=32
[tp] link_data dst=/f18bc7e8ae52f4352507d40c92ad3bb8/ ctx=fc len=80
[tp] link_data dst=/ee97ea25191a024e85857f0973744fc4/ ctx=08 len=32
[tp] path_request dest=/b18bb3d4ac56c99c5ee4791d79496ca2/ iface=/d86e8112f3c4c4442126f8e9f44f1686/
[tp] path_request dest=/e233d8d7e9c5f61419d45138ef0d90ff/ iface=/d86e8112f3c4c4442126f8e9f44f1686/
[tp] link_data dst=/49db46dd123df6655782b55eab3b5942/ ctx=fa len=1
[tp] link_data dst=/49db46dd123df6655782b55eab3b5942/ ctx=fc len=80
[tp] path_request dest=/b8bbfff472fe128873c9395a3ff8b353/ iface=/d86e8112f3c4c4442126f8e9f44f1686/
[tp] link_request dst=/6dee4caf17f87a1051504791002c8786/ ctx=00 hops=3
[tp] link_proof_tx dst=/6dee4caf17f87a1051504791002c8786/ link_id=/4d899e2128a1e521ce4ae5ae5344f850/
[tp] link_data dst=/4d899e2128a1e521ce4ae5ae5344f850/ ctx=fe len=64
[tp] link_data dst=/4d899e2128a1e521ce4ae5ae5344f850/ ctx=fb len=192
[link] data_plain len=128 preview=b1d08b2315cf53c1efdf0a60cadf0ab72f82a691adf040c6b9990f393fcaaf53
[tp] link_data dst=/48a14d77b498182595c966ffc6143360/ ctx=06 len=96
[tp] link_data dst=/48a14d77b498182595c966ffc6143360/ ctx=fc len=80
[tp] link_data dst=/ee97ea25191a024e85857f0973744fc4/ ctx=06 len=96
[tp] link_data dst=/ee97ea25191a024e85857f0973744fc4/ ctx=fc len=80
[tp] path_request dest=/12cb1ed29943213839f0b0d18cd42761/ iface=/d86e8112f3c4c4442126f8e9f44f1686/
[tp] path_request dest=/f8de3e21f2b92e8eb4bb505f1e1381c4/ iface=/d86e8112f3c4c4442126f8e9f44f1686/
[tp] link_data dst=/8ef87c953c62ee4fa7d318c6cd8b4021/ ctx=fa len=1
[tp] path_request dest=/a3dfea289534e4b2d0f5730310eebd99/ iface=/d86e8112f3c4c4442126f8e9f44f1686/
[tp] link_request dst=/6dee4caf17f87a1051504791002c8786/ ctx=00 hops=2
[tp] link_proof_tx dst=/6dee4caf17f87a1051504791002c8786/ link_id=/b423eb0c756c8881173736ffe35a9d65/
[tp] link_data dst=/b423eb0c756c8881173736ffe35a9d65/ ctx=fe len=64
[tp] link_data dst=/b423eb0c756c8881173736ffe35a9d65/ ctx=fb len=192
[link] data_plain len=128 preview=caeb241290061ad1380b094471a8ab92b78aeb000a7b67d3c3af96b3825f2026
[tp] path_request dest=/995cc3851347f138f51af73d182d5e1d/ iface=/d86e8112f3c4c4442126f8e9f44f1686/
[tp] link_request dst=/6dee4caf17f87a1051504791002c8786/ ctx=00 hops=2
[tp] link_proof_tx dst=/6dee4caf17f87a1051504791002c8786/ link_id=/d2052a7dcf54523ed6c4d6ac8dd72ef7/
[tp] link_data dst=/d2052a7dcf54523ed6c4d6ac8dd72ef7/ ctx=fe len=64
[tp] link_data dst=/d2052a7dcf54523ed6c4d6ac8dd72ef7/ ctx=fb len=192
[link] data_plain len=128 preview=c757c88946ae81f0974a33437ab209bac39469edc778f04bc7c155cdb8ea1441
[tp] link_request dst=/6dee4caf17f87a1051504791002c8786/ ctx=00 hops=1
[tp] link_proof_tx dst=/6dee4caf17f87a1051504791002c8786/ link_id=/97c4a290cbcb25dcdd61333c76538cef/
[tp] link_data dst=/97c4a290cbcb25dcdd61333c76538cef/ ctx=fe len=64
[tp] link_data dst=/97c4a290cbcb25dcdd61333c76538cef/ ctx=fb len=192
[link] data_plain len=128 preview=48239eb3ae793e1da445b9b6068893bd1378929c015a521651146fb7e3d25320
[tp] link_request dst=/6dee4caf17f87a1051504791002c8786/ ctx=00 hops=3
[tp] link_proof_tx dst=/6dee4caf17f87a1051504791002c8786/ link_id=/17a47132fc7bb4aef214309705ddac91/
[tp] link_data dst=/17a47132fc7bb4aef214309705ddac91/ ctx=fe len=64
[tp] link_data dst=/17a47132fc7bb4aef214309705ddac91/ ctx=fb len=192
[link] data_plain len=128 preview=037a7857dfd539123ae67b4b07ff332d2bc3c151d0c8db5361e9cbbcf8519300
[tp] path_request dest=/318c0021d8b7b98889080243b3263363/ iface=/d86e8112f3c4c4442126f8e9f44f1686/
[tp] link_data dst=/b423eb0c756c8881173736ffe35a9d65/ ctx=08 len=32
[tp] link_data dst=/d2052a7dcf54523ed6c4d6ac8dd72ef7/ ctx=08 len=32
[tp] link_data dst=/97c4a290cbcb25dcdd61333c76538cef/ ctx=08 len=32
[tp] path_request dest=/b8bbfff472fe128873c9395a3ff8b353/ iface=/d86e8112f3c4c4442126f8e9f44f1686/
[tp] path_request dest=/12cb1ed29943213839f0b0d18cd42761/ iface=/d86e8112f3c4c4442126f8e9f44f1686/
[tp] path_request dest=/0afd2d4541ff8c768f8015a3c76971be/ iface=/d86e8112f3c4c4442126f8e9f44f1686/
[tp] path_request dest=/f8de3e21f2b92e8eb4bb505f1e1381c4/ iface=/d86e8112f3c4c4442126f8e9f44f1686/
[tp] link_data dst=/8ef87c953c62ee4fa7d318c6cd8b4021/ ctx=fa len=1
[tp] path_request dest=/48a811bf93be297afc2f9652c2ebf8c4/ iface=/d86e8112f3c4c4442126f8e9f44f1686/
[tp] link_data dst=/b423eb0c756c8881173736ffe35a9d65/ ctx=06 len=96
[tp] link_data dst=/b423eb0c756c8881173736ffe35a9d65/ ctx=fc len=80
[tp] link_data dst=/8ef87c953c62ee4fa7d318c6cd8b4021/ ctx=fc len=80
[tp] link_request dst=/6dee4caf17f87a1051504791002c8786/ ctx=00 hops=2
[tp] link_proof_tx dst=/6dee4caf17f87a1051504791002c8786/ link_id=/3d9c23b6959ff1dad570c668f98af3b6/
[tp] link_data dst=/3d9c23b6959ff1dad570c668f98af3b6/ ctx=fe len=64
[tp] link_data dst=/3d9c23b6959ff1dad570c668f98af3b6/ ctx=fb len=192
[link] data_plain len=128 preview=35e65fe12a80ee3d00278ef932383927bd791670aa6a7f7a029c1a472045933f
[tp] link_data dst=/d2052a7dcf54523ed6c4d6ac8dd72ef7/ ctx=06 len=96
[tp] link_data dst=/d2052a7dcf54523ed6c4d6ac8dd72ef7/ ctx=fc len=80
[tp] path_request dest=/995cc3851347f138f51af73d182d5e1d/ iface=/d86e8112f3c4c4442126f8e9f44f1686/
[tp] link_data dst=/97c4a290cbcb25dcdd61333c76538cef/ ctx=06 len=96
[tp] link_data dst=/97c4a290cbcb25dcdd61333c76538cef/ ctx=fc len=80
[tp] path_request dest=/379f204da5a77a6c340f6fae26097054/ iface=/d86e8112f3c4c4442126f8e9f44f1686/
[tp] path_request dest=/0ffa0968a18cb499c260e774cd3d9f28/ iface=/d86e8112f3c4c4442126f8e9f44f1686/
[tp] path_request dest=/a3dfea289534e4b2d0f5730310eebd99/ iface=/d86e8112f3c4c4442126f8e9f44f1686/
[tp] link_data dst=/4d899e2128a1e521ce4ae5ae5344f850/ ctx=fa len=1
[tp] path_request dest=/12cb1ed29943213839f0b0d18cd42761/ iface=/d86e8112f3c4c4442126f8e9f44f1686/
[tp] path_request dest=/e792a1b9b43cc8b95d12ecd2d1d3e8b2/ iface=/d86e8112f3c4c4442126f8e9f44f1686/
[tp] link_request dst=/6dee4caf17f87a1051504791002c8786/ ctx=00 hops=1
[tp] link_proof_tx dst=/6dee4caf17f87a1051504791002c8786/ link_id=/7e159de16d67999cad996eb3a0abdae5/
[tp] link_data dst=/7e159de16d67999cad996eb3a0abdae5/ ctx=fe len=64
[tp] link_data dst=/7e159de16d67999cad996eb3a0abdae5/ ctx=fb len=192
[link] data_plain len=128 preview=722fe51808e9a53c865100a3d27a9490d79d892a18343cef7df37d080fa80170
[tp] path_request dest=/b8bbfff472fe128873c9395a3ff8b353/ iface=/d86e8112f3c4c4442126f8e9f44f1686/
[tp] path_request dest=/88082fd6f73e93e3e5fad9af6ee05453/ iface=/d86e8112f3c4c4442126f8e9f44f1686/
[tp] path_request dest=/afe402b7cd7ee5f5cca82da1963db84d/ iface=/d86e8112f3c4c4442126f8e9f44f1686/
[tp] path_request dest=/0afd2d4541ff8c768f8015a3c76971be/ iface=/d86e8112f3c4c4442126f8e9f44f1686/
[tp] link_request dst=/6dee4caf17f87a1051504791002c8786/ ctx=00 hops=1
[tp] link_proof_tx dst=/6dee4caf17f87a1051504791002c8786/ link_id=/0ec36263519dfb25a10e6622d8f88f69/
[tp] link_data dst=/0ec36263519dfb25a10e6622d8f88f69/ ctx=fe len=64
[tp] link_data dst=/0ec36263519dfb25a10e6622d8f88f69/ ctx=fb len=192
[link] data_plain len=128 preview=69d501e6cc31a4301060838e059a83ad1222dee5383b88a2a87c3d837c447343
[tp] link_data dst=/7e159de16d67999cad996eb3a0abdae5/ ctx=08 len=32
[tp] path_request dest=/e792a1b9b43cc8b95d12ecd2d1d3e8b2/ iface=/d86e8112f3c4c4442126f8e9f44f1686/
[tp] path_request dest=/965511769c059271e655c503e810a670/ iface=/d86e8112f3c4c4442126f8e9f44f1686/
[tp] path_request dest=/e233d8d7e9c5f61419d45138ef0d90ff/ iface=/d86e8112f3c4c4442126f8e9f44f1686/
[tp] link_request dst=/6dee4caf17f87a1051504791002c8786/ ctx=00 hops=2
[tp] link_proof_tx dst=/6dee4caf17f87a1051504791002c8786/ link_id=/53b21e763b3b855a8acb81c7caf21d31/
[tp] link_data dst=/53b21e763b3b855a8acb81c7caf21d31/ ctx=fe len=64
[tp] link_data dst=/53b21e763b3b855a8acb81c7caf21d31/ ctx=fb len=192
[link] data_plain len=128 preview=3f8f84ffe6b68f168b03338be78519e42a3a446c0c19c2c6dfaaf906eba7f61d
[tp] path_request dest=/12cb1ed29943213839f0b0d18cd42761/ iface=/d86e8112f3c4c4442126f8e9f44f1686/
[tp] path_request dest=/16da0aa3a9249832c3f0a50d20c08207/ iface=/d86e8112f3c4c4442126f8e9f44f1686/
[tp] path_request dest=/995cc3851347f138f51af73d182d5e1d/ iface=/d86e8112f3c4c4442126f8e9f44f1686/
[tp] link_data dst=/3d9c23b6959ff1dad570c668f98af3b6/ ctx=fa len=1
[tp] path_request dest=/a3dfea289534e4b2d0f5730310eebd99/ iface=/d86e8112f3c4c4442126f8e9f44f1686/
[tp] link_data dst=/7e159de16d67999cad996eb3a0abdae5/ ctx=06 len=96
[tp] link_data dst=/7e159de16d67999cad996eb3a0abdae5/ ctx=fc len=80
[tp] path_request dest=/b18bb3d4ac56c99c5ee4791d79496ca2/ iface=/d86e8112f3c4c4442126f8e9f44f1686/
[tp] path_request dest=/e792a1b9b43cc8b95d12ecd2d1d3e8b2/ iface=/d86e8112f3c4c4442126f8e9f44f1686/
[tp] link_request dst=/6dee4caf17f87a1051504791002c8786/ ctx=00 hops=2
[tp] link_proof_tx dst=/6dee4caf17f87a1051504791002c8786/ link_id=/e4d3819a05dd4c1dce80e63307341c76/
[tp] link_data dst=/e4d3819a05dd4c1dce80e63307341c76/ ctx=fe len=64
[tp] link_data dst=/e4d3819a05dd4c1dce80e63307341c76/ ctx=fb len=192
[link] data_plain len=128 preview=caeb241290061ad1380b094471a8ab92b78aeb000a7b67d3c3af96b3825f2026
[tp] path_request dest=/b8bbfff472fe128873c9395a3ff8b353/ iface=/d86e8112f3c4c4442126f8e9f44f1686/
[tp] link_data dst=/0ec36263519dfb25a10e6622d8f88f69/ ctx=fa len=1
[tp] path_request dest=/f8de3e21f2b92e8eb4bb505f1e1381c4/ iface=/d86e8112f3c4c4442126f8e9f44f1686/
[tp] link_data dst=/e4d3819a05dd4c1dce80e63307341c76/ ctx=08 len=32
[tp] link_data dst=/3d9c23b6959ff1dad570c668f98af3b6/ ctx=06 len=96
[tp] link_data dst=/3d9c23b6959ff1dad570c668f98af3b6/ ctx=fc len=80
[tp] link_data dst=/17a47132fc7bb4aef214309705ddac91/ ctx=fa len=1
[tp] link_data dst=/4d899e2128a1e521ce4ae5ae5344f850/ ctx=fa len=1
[tp] path_request dest=/12cb1ed29943213839f0b0d18cd42761/ iface=/d86e8112f3c4c4442126f8e9f44f1686/
[tp] link_data dst=/53b21e763b3b855a8acb81c7caf21d31/ ctx=fa len=1
[tp] link_data dst=/4d899e2128a1e521ce4ae5ae5344f850/ ctx=fc len=80
[tp] link_request dst=/6dee4caf17f87a1051504791002c8786/ ctx=00 hops=2
[tp] link_proof_tx dst=/6dee4caf17f87a1051504791002c8786/ link_id=/304f0637f9a6e7f2f3b156d834625cb9/
[tp] link_data dst=/304f0637f9a6e7f2f3b156d834625cb9/ ctx=fe len=64
[tp] link_data dst=/304f0637f9a6e7f2f3b156d834625cb9/ ctx=fb len=192
[link] data_plain len=128 preview=35e65fe12a80ee3d00278ef932383927bd791670aa6a7f7a029c1a472045933f
[tp] link_data dst=/e4d3819a05dd4c1dce80e63307341c76/ ctx=06 len=96
[tp] link_data dst=/e4d3819a05dd4c1dce80e63307341c76/ ctx=fc len=80
[tp] path_request dest=/379f204da5a77a6c340f6fae26097054/ iface=/d86e8112f3c4c4442126f8e9f44f1686/
[tp] path_request dest=/e792a1b9b43cc8b95d12ecd2d1d3e8b2/ iface=/d86e8112f3c4c4442126f8e9f44f1686/
[tp] path_request dest=/995cc3851347f138f51af73d182d5e1d/ iface=/d86e8112f3c4c4442126f8e9f44f1686/
[tp] path_request dest=/b8bbfff472fe128873c9395a3ff8b353/ iface=/d86e8112f3c4c4442126f8e9f44f1686/
[tp] link_data dst=/0ec36263519dfb25a10e6622d8f88f69/ ctx=fa len=1
[tp] path_request dest=/a3dfea289534e4b2d0f5730310eebd99/ iface=/d86e8112f3c4c4442126f8e9f44f1686/
[tp] path_request dest=/12cb1ed29943213839f0b0d18cd42761/ iface=/d86e8112f3c4c4442126f8e9f44f1686/
[tp] link_data dst=/0ec36263519dfb25a10e6622d8f88f69/ ctx=fc len=80
[tp] path_request dest=/0afd2d4541ff8c768f8015a3c76971be/ iface=/d86e8112f3c4c4442126f8e9f44f1686/
[tp] link_request dst=/6dee4caf17f87a1051504791002c8786/ ctx=00 hops=2
[tp] link_proof_tx dst=/6dee4caf17f87a1051504791002c8786/ link_id=/685cb96a1eea427593e41d107a977088/
[tp] link_data dst=/685cb96a1eea427593e41d107a977088/ ctx=fe len=64
[tp] link_data dst=/685cb96a1eea427593e41d107a977088/ ctx=fb len=192
[link] data_plain len=128 preview=caeb241290061ad1380b094471a8ab92b78aeb000a7b67d3c3af96b3825f2026
[tp] link_request dst=/6dee4caf17f87a1051504791002c8786/ ctx=00 hops=1
[tp] link_proof_tx dst=/6dee4caf17f87a1051504791002c8786/ link_id=/74008a4f94b0a69d199d2dbc4da33b60/
[tp] link_data dst=/74008a4f94b0a69d199d2dbc4da33b60/ ctx=fe len=64
[tp] link_data dst=/74008a4f94b0a69d199d2dbc4da33b60/ ctx=fb len=192
[link] data_plain len=128 preview=722fe51808e9a53c865100a3d27a9490d79d892a18343cef7df37d080fa80170
[tp] path_request dest=/4762234229b7e0b83c68b857bdf245c3/ iface=/d86e8112f3c4c4442126f8e9f44f1686/
[tp] link_data dst=/685cb96a1eea427593e41d107a977088/ ctx=08 len=32
[tp] path_request dest=/c260a5accdaee0fff57e09e0576acad2/ iface=/d86e8112f3c4c4442126f8e9f44f1686/
[tp] link_data dst=/53b21e763b3b855a8acb81c7caf21d31/ ctx=fa len=1
[tp] link_data dst=/53b21e763b3b855a8acb81c7caf21d31/ ctx=fc len=80
[tp] link_request dst=/6dee4caf17f87a1051504791002c8786/ ctx=00 hops=1
[tp] link_proof_tx dst=/6dee4caf17f87a1051504791002c8786/ link_id=/920a9cf7498d903654df57df5080721c/
[tp] link_data dst=/920a9cf7498d903654df57df5080721c/ ctx=fe len=64
[tp] link_data dst=/920a9cf7498d903654df57df5080721c/ ctx=fb len=192
[link] data_plain len=128 preview=69d501e6cc31a4301060838e059a83ad1222dee5383b88a2a87c3d837c447343
[tp] path_request dest=/16da0aa3a9249832c3f0a50d20c08207/ iface=/d86e8112f3c4c4442126f8e9f44f1686/
[tp] path_request dest=/e792a1b9b43cc8b95d12ecd2d1d3e8b2/ iface=/d86e8112f3c4c4442126f8e9f44f1686/
[tp] link_request dst=/6dee4caf17f87a1051504791002c8786/ ctx=00 hops=3
[tp] link_proof_tx dst=/6dee4caf17f87a1051504791002c8786/ link_id=/36042e70ea671c64276e96ceb54ba76f/
[tp] link_data dst=/36042e70ea671c64276e96ceb54ba76f/ ctx=fe len=64
[tp] link_data dst=/36042e70ea671c64276e96ceb54ba76f/ ctx=fb len=192
[link] data_plain len=128 preview=b1d08b2315cf53c1efdf0a60cadf0ab72f82a691adf040c6b9990f393fcaaf53
[tp] link_data dst=/74008a4f94b0a69d199d2dbc4da33b60/ ctx=08 len=32
[tp] path_request dest=/e233d8d7e9c5f61419d45138ef0d90ff/ iface=/d86e8112f3c4c4442126f8e9f44f1686/
[tp] path_request dest=/12cb1ed29943213839f0b0d18cd42761/ iface=/d86e8112f3c4c4442126f8e9f44f1686/
[tp] link_request dst=/6dee4caf17f87a1051504791002c8786/ ctx=00 hops=2
[tp] link_proof_tx dst=/6dee4caf17f87a1051504791002c8786/ link_id=/2a241f5789b5610fc0cecd6680298bdc/
[tp] link_data dst=/2a241f5789b5610fc0cecd6680298bdc/ ctx=fe len=64
[tp] link_data dst=/2a241f5789b5610fc0cecd6680298bdc/ ctx=fb len=192
[link] data_plain len=128 preview=3f8f84ffe6b68f168b03338be78519e42a3a446c0c19c2c6dfaaf906eba7f61d
[tp] path_request dest=/b8bbfff472fe128873c9395a3ff8b353/ iface=/d86e8112f3c4c4442126f8e9f44f1686/
[tp] path_request dest=/0ffa0968a18cb499c260e774cd3d9f28/ iface=/d86e8112f3c4c4442126f8e9f44f1686/
[tp] link_data dst=/685cb96a1eea427593e41d107a977088/ ctx=06 len=96
[tp] link_data dst=/685cb96a1eea427593e41d107a977088/ ctx=fc len=80
[tp] link_data dst=/304f0637f9a6e7f2f3b156d834625cb9/ ctx=fa len=1
[tp] path_request dest=/5152f8cdcc20937da76ccb797bdb38b6/ iface=/d86e8112f3c4c4442126f8e9f44f1686/
[tp] path_request dest=/995cc3851347f138f51af73d182d5e1d/ iface=/d86e8112f3c4c4442126f8e9f44f1686/
[tp] link_data dst=/74008a4f94b0a69d199d2dbc4da33b60/ ctx=06 len=96
[tp] link_data dst=/74008a4f94b0a69d199d2dbc4da33b60/ ctx=fc len=80
[tp] path_request dest=/a3dfea289534e4b2d0f5730310eebd99/ iface=/d86e8112f3c4c4442126f8e9f44f1686/
[tp] path_request dest=/627c60c9a9df4e50c15f5c104661c096/ iface=/d86e8112f3c4c4442126f8e9f44f1686/
[tp] path_request dest=/f8de3e21f2b92e8eb4bb505f1e1381c4/ iface=/d86e8112f3c4c4442126f8e9f44f1686/
[tp] link_request dst=/6dee4caf17f87a1051504791002c8786/ ctx=00 hops=2
[tp] link_proof_tx dst=/6dee4caf17f87a1051504791002c8786/ link_id=/bd7f4ac4f1b1038e86abee90c4a1b210/
[tp] link_data dst=/bd7f4ac4f1b1038e86abee90c4a1b210/ ctx=fe len=64
[tp] link_data dst=/bd7f4ac4f1b1038e86abee90c4a1b210/ ctx=fb len=192
[link] data_plain len=128 preview=c757c88946ae81f0974a33437ab209bac39469edc778f04bc7c155cdb8ea1441
[tp] link_data dst=/920a9cf7498d903654df57df5080721c/ ctx=fa len=1
[tp] link_request dst=/6dee4caf17f87a1051504791002c8786/ ctx=00 hops=2
[tp] link_proof_tx dst=/6dee4caf17f87a1051504791002c8786/ link_id=/8350a93d94961502ea8348c6e44640e7/
[tp] path_request dest=/12cb1ed29943213839f0b0d18cd42761/ iface=/d86e8112f3c4c4442126f8e9f44f1686/
[tp] link_data dst=/8350a93d94961502ea8348c6e44640e7/ ctx=fe len=64
[tp] link_data dst=/8350a93d94961502ea8348c6e44640e7/ ctx=fb len=192
[link] data_plain len=128 preview=586528998cc5cb6f63d677614052350359a4eaac0310a30853a9bed5643f890d
[tp] link_data dst=/304f0637f9a6e7f2f3b156d834625cb9/ ctx=06 len=96
[tp] link_data dst=/304f0637f9a6e7f2f3b156d834625cb9/ ctx=fc len=80
[tp] link_data dst=/bd7f4ac4f1b1038e86abee90c4a1b210/ ctx=08 len=32
[tp] link_data dst=/2a241f5789b5610fc0cecd6680298bdc/ ctx=fa len=1
[tp] path_request dest=/b8bbfff472fe128873c9395a3ff8b353/ iface=/d86e8112f3c4c4442126f8e9f44f1686/
[tp] link_data dst=/8350a93d94961502ea8348c6e44640e7/ ctx=08 len=32
[tp] path_request dest=/965511769c059271e655c503e810a670/ iface=/d86e8112f3c4c4442126f8e9f44f1686/
[tp] link_data dst=/17a47132fc7bb4aef214309705ddac91/ ctx=fa len=1
[tp] link_data dst=/17a47132fc7bb4aef214309705ddac91/ ctx=fc len=80
[tp] link_request dst=/6dee4caf17f87a1051504791002c8786/ ctx=00 hops=3
[tp] link_proof_tx dst=/6dee4caf17f87a1051504791002c8786/ link_id=/aefcd79e5b9d3de8c51c45956fa87f49/
[tp] link_data dst=/aefcd79e5b9d3de8c51c45956fa87f49/ ctx=fe len=64
[tp] link_data dst=/aefcd79e5b9d3de8c51c45956fa87f49/ ctx=fb len=192
[link] data_plain len=128 preview=037a7857dfd539123ae67b4b07ff332d2bc3c151d0c8db5361e9cbbcf8519300
[tp] path_request dest=/e233d8d7e9c5f61419d45138ef0d90ff/ iface=/d86e8112f3c4c4442126f8e9f44f1686/
[tp] link_data dst=/36042e70ea671c64276e96ceb54ba76f/ ctx=fa len=1
[tp] link_data dst=/bd7f4ac4f1b1038e86abee90c4a1b210/ ctx=06 len=96
[tp] link_data dst=/bd7f4ac4f1b1038e86abee90c4a1b210/ ctx=fc len=80
[tp] link_data dst=/920a9cf7498d903654df57df5080721c/ ctx=fa len=1
[tp] path_request dest=/995cc3851347f138f51af73d182d5e1d/ iface=/d86e8112f3c4c4442126f8e9f44f1686/
[tp] link_data dst=/920a9cf7498d903654df57df5080721c/ ctx=fc len=80
[tp] path_request dest=/12cb1ed29943213839f0b0d18cd42761/ iface=/d86e8112f3c4c4442126f8e9f44f1686/
[tp] path_request dest=/a3dfea289534e4b2d0f5730310eebd99/ iface=/d86e8112f3c4c4442126f8e9f44f1686/
[tp] path_request dest=/965511769c059271e655c503e810a670/ iface=/d86e8112f3c4c4442126f8e9f44f1686/
[tp] link_data dst=/8350a93d94961502ea8348c6e44640e7/ ctx=06 len=96
[tp] link_data dst=/8350a93d94961502ea8348c6e44640e7/ ctx=fc len=80
[tp] link_request dst=/6dee4caf17f87a1051504791002c8786/ ctx=00 hops=2
[tp] link_proof_tx dst=/6dee4caf17f87a1051504791002c8786/ link_id=/e5242b3d47390ad5d79a99f0795448f9/
[tp] link_data dst=/e5242b3d47390ad5d79a99f0795448f9/ ctx=fe len=64
[tp] link_data dst=/e5242b3d47390ad5d79a99f0795448f9/ ctx=fb len=192
[link] data_plain len=128 preview=caeb241290061ad1380b094471a8ab92b78aeb000a7b67d3c3af96b3825f2026
[tp] link_data dst=/2a241f5789b5610fc0cecd6680298bdc/ ctx=fa len=1
[tp] path_request dest=/e8063ffddc09dc296cee6af512967d64/ iface=/d86e8112f3c4c4442126f8e9f44f1686/
[tp] link_data dst=/2a241f5789b5610fc0cecd6680298bdc/ ctx=fc len=80
[tp] path_request dest=/b8bbfff472fe128873c9395a3ff8b353/ iface=/d86e8112f3c4c4442126f8e9f44f1686/
[tp] path_request dest=/4762234229b7e0b83c68b857bdf245c3/ iface=/d86e8112f3c4c4442126f8e9f44f1686/
[tp] link_request dst=/6dee4caf17f87a1051504791002c8786/ ctx=00 hops=2
[tp] link_proof_tx dst=/6dee4caf17f87a1051504791002c8786/ link_id=/43d198a3b38e745b345d24f6c87f9cc7/
[tp] link_data dst=/43d198a3b38e745b345d24f6c87f9cc7/ ctx=fe len=64
[tp] link_data dst=/43d198a3b38e745b345d24f6c87f9cc7/ ctx=fb len=192
[link] data_plain len=128 preview=35e65fe12a80ee3d00278ef932383927bd791670aa6a7f7a029c1a472045933f
[tp] link_request dst=/6dee4caf17f87a1051504791002c8786/ ctx=00 hops=1
[tp] link_proof_tx dst=/6dee4caf17f87a1051504791002c8786/ link_id=/92c9f75b9eae91e744bd7d28372f6bc6/
[tp] link_data dst=/e5242b3d47390ad5d79a99f0795448f9/ ctx=08 len=32
[tp] link_data dst=/92c9f75b9eae91e744bd7d28372f6bc6/ ctx=fe len=64
[tp] link_data dst=/92c9f75b9eae91e744bd7d28372f6bc6/ ctx=fb len=192
[link] data_plain len=128 preview=69d501e6cc31a4301060838e059a83ad1222dee5383b88a2a87c3d837c447343
[tp] link_request dst=/6dee4caf17f87a1051504791002c8786/ ctx=00 hops=1
[tp] link_proof_tx dst=/6dee4caf17f87a1051504791002c8786/ link_id=/5ba218c6efd2b2b774c4c5667e2453d5/
[tp] link_data dst=/5ba218c6efd2b2b774c4c5667e2453d5/ ctx=fe len=64
[tp] link_data dst=/5ba218c6efd2b2b774c4c5667e2453d5/ ctx=fb len=192
[link] data_plain len=128 preview=722fe51808e9a53c865100a3d27a9490d79d892a18343cef7df37d080fa80170
[tp] path_request dest=/12cb1ed29943213839f0b0d18cd42761/ iface=/d86e8112f3c4c4442126f8e9f44f1686/
[tp] path_request dest=/f8de3e21f2b92e8eb4bb505f1e1381c4/ iface=/d86e8112f3c4c4442126f8e9f44f1686/
[tp] path_request dest=/b18bb3d4ac56c99c5ee4791d79496ca2/ iface=/d86e8112f3c4c4442126f8e9f44f1686/
[tp] link_data dst=/5ba218c6efd2b2b774c4c5667e2453d5/ ctx=08 len=32
[tp] link_data dst=/e5242b3d47390ad5d79a99f0795448f9/ ctx=06 len=96
[tp] link_data dst=/e5242b3d47390ad5d79a99f0795448f9/ ctx=fc len=80
[tp] path_request dest=/995cc3851347f138f51af73d182d5e1d/ iface=/d86e8112f3c4c4442126f8e9f44f1686/
[tp] path_request dest=/a3dfea289534e4b2d0f5730310eebd99/ iface=/d86e8112f3c4c4442126f8e9f44f1686/
[tp] link_request dst=/6dee4caf17f87a1051504791002c8786/ ctx=00 hops=2
[tp] link_proof_tx dst=/6dee4caf17f87a1051504791002c8786/ link_id=/fc3155c796ad9b1e5835d50533769e0e/
[tp] link_data dst=/fc3155c796ad9b1e5835d50533769e0e/ ctx=fe len=64
[tp] link_data dst=/fc3155c796ad9b1e5835d50533769e0e/ ctx=fb len=192
[link] data_plain len=128 preview=3f8f84ffe6b68f168b03338be78519e42a3a446c0c19c2c6dfaaf906eba7f61d
[tp] path_request dest=/b18bb3d4ac56c99c5ee4791d79496ca2/ iface=/d86e8112f3c4c4442126f8e9f44f1686/
[tp] link_data dst=/92c9f75b9eae91e744bd7d28372f6bc6/ ctx=fa len=1
[tp] link_request dst=/6dee4caf17f87a1051504791002c8786/ ctx=00 hops=2
[tp] link_proof_tx dst=/6dee4caf17f87a1051504791002c8786/ link_id=/9fa453cc218e6c6ad0672a40d41e65ff/
[tp] link_data dst=/9fa453cc218e6c6ad0672a40d41e65ff/ ctx=fe len=64
[tp] link_data dst=/9fa453cc218e6c6ad0672a40d41e65ff/ ctx=fb len=192
[link] data_plain len=128 preview=caeb241290061ad1380b094471a8ab92b78aeb000a7b67d3c3af96b3825f2026
[tp] path_request dest=/b8bbfff472fe128873c9395a3ff8b353/ iface=/d86e8112f3c4c4442126f8e9f44f1686/
[tp] link_data dst=/5ba218c6efd2b2b774c4c5667e2453d5/ ctx=06 len=96
[tp] link_data dst=/5ba218c6efd2b2b774c4c5667e2453d5/ ctx=fc len=80
[tp] link_data dst=/36042e70ea671c64276e96ceb54ba76f/ ctx=fa len=1
[tp] path_request dest=/12cb1ed29943213839f0b0d18cd42761/ iface=/d86e8112f3c4c4442126f8e9f44f1686/
[tp] path_request dest=/4762234229b7e0b83c68b857bdf245c3/ iface=/d86e8112f3c4c4442126f8e9f44f1686/
[tp] link_data dst=/36042e70ea671c64276e96ceb54ba76f/ ctx=fc len=80
[tp] link_request dst=/6dee4caf17f87a1051504791002c8786/ ctx=00 hops=2
[tp] link_proof_tx dst=/6dee4caf17f87a1051504791002c8786/ link_id=/2579ec91485cc26dc6fd5fa502a03e7e/
[tp] link_data dst=/aefcd79e5b9d3de8c51c45956fa87f49/ ctx=fa len=1
[tp] link_data dst=/2579ec91485cc26dc6fd5fa502a03e7e/ ctx=fe len=64
[tp] link_data dst=/2579ec91485cc26dc6fd5fa502a03e7e/ ctx=fb len=192
[link] data_plain len=128 preview=110f3e3a6c3313c98373133edc3b5ebd7dc3c7c9c2669240e36e1152654b325b
[tp] link_data dst=/43d198a3b38e745b345d24f6c87f9cc7/ ctx=fa len=1
[tp] link_data dst=/9fa453cc218e6c6ad0672a40d41e65ff/ ctx=08 len=32
[tp] path_request dest=/0769357259e48819ea9194b6230b2cef/ iface=/d86e8112f3c4c4442126f8e9f44f1686/
[tp] link_request dst=/6dee4caf17f87a1051504791002c8786/ ctx=00 hops=3
[tp] link_proof_tx dst=/6dee4caf17f87a1051504791002c8786/ link_id=/17b91f3860bc74d5d7502ca398d5a3fa/
[tp] link_data dst=/17b91f3860bc74d5d7502ca398d5a3fa/ ctx=fe len=64
[tp] link_data dst=/17b91f3860bc74d5d7502ca398d5a3fa/ ctx=fb len=192
[link] data_plain len=128 preview=b1d08b2315cf53c1efdf0a60cadf0ab72f82a691adf040c6b9990f393fcaaf53
[tp] path_request dest=/0ffa0968a18cb499c260e774cd3d9f28/ iface=/d86e8112f3c4c4442126f8e9f44f1686/
[tp] link_data dst=/fc3155c796ad9b1e5835d50533769e0e/ ctx=fa len=1
[tp] link_request dst=/6dee4caf17f87a1051504791002c8786/ ctx=00 hops=2
[tp] link_proof_tx dst=/6dee4caf17f87a1051504791002c8786/ link_id=/9163cf874f7b9d01378e212c357f3a8d/
[tp] link_data dst=/9163cf874f7b9d01378e212c357f3a8d/ ctx=fe len=64
[tp] link_data dst=/9163cf874f7b9d01378e212c357f3a8d/ ctx=fb len=192
[link] data_plain len=128 preview=c757c88946ae81f0974a33437ab209bac39469edc778f04bc7c155cdb8ea1441
[tp] link_data dst=/92c9f75b9eae91e744bd7d28372f6bc6/ ctx=fa len=1
[tp] path_request dest=/e233d8d7e9c5f61419d45138ef0d90ff/ iface=/d86e8112f3c4c4442126f8e9f44f1686/
[tp] link_data dst=/9fa453cc218e6c6ad0672a40d41e65ff/ ctx=06 len=96
[tp] link_data dst=/9fa453cc218e6c6ad0672a40d41e65ff/ ctx=fc len=80
[tp] link_data dst=/92c9f75b9eae91e744bd7d28372f6bc6/ ctx=fc len=80
[tp] path_request dest=/58681bf71893d092811b7b97b6f767cf/ iface=/d86e8112f3c4c4442126f8e9f44f1686/
[tp] path_request dest=/995cc3851347f138f51af73d182d5e1d/ iface=/d86e8112f3c4c4442126f8e9f44f1686/
[tp] path_request dest=/b8bbfff472fe128873c9395a3ff8b353/ iface=/d86e8112f3c4c4442126f8e9f44f1686/
[tp] link_data dst=/43d198a3b38e745b345d24f6c87f9cc7/ ctx=06 len=96
[tp] link_data dst=/43d198a3b38e745b345d24f6c87f9cc7/ ctx=fc len=80
[tp] path_request dest=/12cb1ed29943213839f0b0d18cd42761/ iface=/d86e8112f3c4c4442126f8e9f44f1686/
[tp] path_request dest=/a3dfea289534e4b2d0f5730310eebd99/ iface=/d86e8112f3c4c4442126f8e9f44f1686/
[tp] link_request dst=/6dee4caf17f87a1051504791002c8786/ ctx=00 hops=2
[tp] link_proof_tx dst=/6dee4caf17f87a1051504791002c8786/ link_id=/c5a85974b91ff7ed5a71a2f54d90a3b1/
[tp] link_data dst=/c5a85974b91ff7ed5a71a2f54d90a3b1/ ctx=fe len=64
[tp] link_data dst=/c5a85974b91ff7ed5a71a2f54d90a3b1/ ctx=fb len=192
[link] data_plain len=128 preview=1b599a71ed6a929084c48c8f1ef3621f995f1fab242197d824024fb4f6f4d551
[tp] link_data dst=/9163cf874f7b9d01378e212c357f3a8d/ ctx=08 len=32
[tp] link_request dst=/6dee4caf17f87a1051504791002c8786/ ctx=00 hops=2
[tp] link_proof_tx dst=/6dee4caf17f87a1051504791002c8786/ link_id=/d934454d29dbc86458ebb730a7762b94/
[tp] link_data dst=/d934454d29dbc86458ebb730a7762b94/ ctx=fe len=64
[tp] link_data dst=/d934454d29dbc86458ebb730a7762b94/ ctx=fb len=192
[link] data_plain len=128 preview=35e65fe12a80ee3d00278ef932383927bd791670aa6a7f7a029c1a472045933f
[tp] path_request dest=/22e300713e16953a62b269375c87b439/ iface=/d86e8112f3c4c4442126f8e9f44f1686/
[tp] link_data dst=/c5a85974b91ff7ed5a71a2f54d90a3b1/ ctx=08 len=32
[tp] path_request dest=/12cb1ed29943213839f0b0d18cd42761/ iface=/d86e8112f3c4c4442126f8e9f44f1686/
[tp] link_data dst=/9163cf874f7b9d01378e212c357f3a8d/ ctx=06 len=96
[tp] link_data dst=/9163cf874f7b9d01378e212c357f3a8d/ ctx=fc len=80
[tp] link_data dst=/fc3155c796ad9b1e5835d50533769e0e/ ctx=fa len=1
[tp] link_data dst=/fc3155c796ad9b1e5835d50533769e0e/ ctx=fc len=80
[tp] path_request dest=/b8bbfff472fe128873c9395a3ff8b353/ iface=/d86e8112f3c4c4442126f8e9f44f1686/
[tp] link_data dst=/aefcd79e5b9d3de8c51c45956fa87f49/ ctx=fa len=1
[tp] link_data dst=/c5a85974b91ff7ed5a71a2f54d90a3b1/ ctx=06 len=96
[tp] link_data dst=/c5a85974b91ff7ed5a71a2f54d90a3b1/ ctx=fc len=80
[tp] link_data dst=/aefcd79e5b9d3de8c51c45956fa87f49/ ctx=fc len=80
[tp] path_request dest=/22e300713e16953a62b269375c87b439/ iface=/d86e8112f3c4c4442126f8e9f44f1686/
[tp] link_request dst=/6dee4caf17f87a1051504791002c8786/ ctx=00 hops=3
[tp] link_proof_tx dst=/6dee4caf17f87a1051504791002c8786/ link_id=/52d680665a6afd8bbb3e8e204bc047f8/
[tp] link_data dst=/52d680665a6afd8bbb3e8e204bc047f8/ ctx=fe len=64
[tp] link_data dst=/52d680665a6afd8bbb3e8e204bc047f8/ ctx=fb len=192
[link] data_plain len=128 preview=037a7857dfd539123ae67b4b07ff332d2bc3c151d0c8db5361e9cbbcf8519300
[tp] path_request dest=/995cc3851347f138f51af73d182d5e1d/ iface=/d86e8112f3c4c4442126f8e9f44f1686/
[tp] path_request dest=/a3dfea289534e4b2d0f5730310eebd99/ iface=/d86e8112f3c4c4442126f8e9f44f1686/
[tp] link_request dst=/6dee4caf17f87a1051504791002c8786/ ctx=00 hops=2
[tp] link_proof_tx dst=/6dee4caf17f87a1051504791002c8786/ link_id=/fac9f02730fef5074250cfd83ddb2d29/
[tp] link_data dst=/fac9f02730fef5074250cfd83ddb2d29/ ctx=fe len=64
[tp] link_data dst=/fac9f02730fef5074250cfd83ddb2d29/ ctx=fb len=192
[link] data_plain len=128 preview=1b599a71ed6a929084c48c8f1ef3621f995f1fab242197d824024fb4f6f4d551
[tp] link_request dst=/6dee4caf17f87a1051504791002c8786/ ctx=00 hops=2
[tp] link_proof_tx dst=/6dee4caf17f87a1051504791002c8786/ link_id=/eae0d6591232ac8c045b0dcc51e60c3d/
[tp] link_request dst=/6dee4caf17f87a1051504791002c8786/ ctx=00 hops=2
[tp] link_proof_tx dst=/6dee4caf17f87a1051504791002c8786/ link_id=/9b112c8840e312f3b3deb0a4fa0e08cd/
[tp] link_data dst=/eae0d6591232ac8c045b0dcc51e60c3d/ ctx=fe len=64
[tp] link_data dst=/eae0d6591232ac8c045b0dcc51e60c3d/ ctx=fb len=192
[link] data_plain len=128 preview=586528998cc5cb6f63d677614052350359a4eaac0310a30853a9bed5643f890d
[tp] link_data dst=/9b112c8840e312f3b3deb0a4fa0e08cd/ ctx=fe len=64
[tp] link_data dst=/9b112c8840e312f3b3deb0a4fa0e08cd/ ctx=fb len=192
[link] data_plain len=128 preview=c757c88946ae81f0974a33437ab209bac39469edc778f04bc7c155cdb8ea1441
[tp] link_data dst=/d934454d29dbc86458ebb730a7762b94/ ctx=fa len=1
[tp] path_request dest=/12cb1ed29943213839f0b0d18cd42761/ iface=/d86e8112f3c4c4442126f8e9f44f1686/
[tp] path_request dest=/22e300713e16953a62b269375c87b439/ iface=/d86e8112f3c4c4442126f8e9f44f1686/
[tp] link_request dst=/6dee4caf17f87a1051504791002c8786/ ctx=00 hops=1
[tp] link_proof_tx dst=/6dee4caf17f87a1051504791002c8786/ link_id=/28eba36a002f53a9ca3cd01ed96bd0ea/
[tp] link_request dst=/6dee4caf17f87a1051504791002c8786/ ctx=00 hops=1
[tp] link_proof_tx dst=/6dee4caf17f87a1051504791002c8786/ link_id=/ac0c316598d203ff8f2361a57da18158/
[tp] link_data dst=/ac0c316598d203ff8f2361a57da18158/ ctx=fe len=64
[tp] link_data dst=/ac0c316598d203ff8f2361a57da18158/ ctx=fb len=192
[link] data_plain len=128 preview=69d501e6cc31a4301060838e059a83ad1222dee5383b88a2a87c3d837c447343
[tp] link_data dst=/28eba36a002f53a9ca3cd01ed96bd0ea/ ctx=fe len=64
[tp] link_data dst=/28eba36a002f53a9ca3cd01ed96bd0ea/ ctx=fb len=192
[link] data_plain len=128 preview=722fe51808e9a53c865100a3d27a9490d79d892a18343cef7df37d080fa80170
[tp] link_data dst=/fac9f02730fef5074250cfd83ddb2d29/ ctx=08 len=32
[tp] link_data dst=/9b112c8840e312f3b3deb0a4fa0e08cd/ ctx=08 len=32
[tp] link_data dst=/eae0d6591232ac8c045b0dcc51e60c3d/ ctx=08 len=32
[tp] path_request dest=/f8de3e21f2b92e8eb4bb505f1e1381c4/ iface=/d86e8112f3c4c4442126f8e9f44f1686/
[tp] path_request dest=/b8bbfff472fe128873c9395a3ff8b353/ iface=/d86e8112f3c4c4442126f8e9f44f1686/
[tp] link_data dst=/28eba36a002f53a9ca3cd01ed96bd0ea/ ctx=08 len=32
[tp] link_data dst=/d934454d29dbc86458ebb730a7762b94/ ctx=06 len=96
[tp] link_data dst=/d934454d29dbc86458ebb730a7762b94/ ctx=fc len=80
[tp] link_request dst=/6dee4caf17f87a1051504791002c8786/ ctx=00 hops=2
[tp] link_proof_tx dst=/6dee4caf17f87a1051504791002c8786/ link_id=/7e450d8faa1471ea44a88926410822f0/
[tp] link_data dst=/7e450d8faa1471ea44a88926410822f0/ ctx=fe len=64
[tp] link_data dst=/7e450d8faa1471ea44a88926410822f0/ ctx=fb len=192
[link] data_plain len=128 preview=3f8f84ffe6b68f168b03338be78519e42a3a446c0c19c2c6dfaaf906eba7f61d
[tp] link_data dst=/fac9f02730fef5074250cfd83ddb2d29/ ctx=06 len=96
[tp] link_data dst=/fac9f02730fef5074250cfd83ddb2d29/ ctx=fc len=80
[tp] link_request dst=/6dee4caf17f87a1051504791002c8786/ ctx=00 hops=2
[tp] link_proof_tx dst=/6dee4caf17f87a1051504791002c8786/ link_id=/9b995c10d8eefd1d6c23ea069069556b/
[tp] link_data dst=/9b995c10d8eefd1d6c23ea069069556b/ ctx=fe len=64
[tp] link_data dst=/9b995c10d8eefd1d6c23ea069069556b/ ctx=fb len=192
[link] data_plain len=128 preview=35e65fe12a80ee3d00278ef932383927bd791670aa6a7f7a029c1a472045933f
[tp] path_request dest=/b18bb3d4ac56c99c5ee4791d79496ca2/ iface=/d86e8112f3c4c4442126f8e9f44f1686/
[tp] link_data dst=/2579ec91485cc26dc6fd5fa502a03e7e/ ctx=fa len=1
[tp] path_request dest=/12cb1ed29943213839f0b0d18cd42761/ iface=/d86e8112f3c4c4442126f8e9f44f1686/
[tp] link_data dst=/9b112c8840e312f3b3deb0a4fa0e08cd/ ctx=06 len=96
[tp] link_data dst=/9b112c8840e312f3b3deb0a4fa0e08cd/ ctx=fc len=80
[tp] link_data dst=/eae0d6591232ac8c045b0dcc51e60c3d/ ctx=06 len=96
[tp] link_data dst=/eae0d6591232ac8c045b0dcc51e60c3d/ ctx=fc len=80
[tp] path_request dest=/58681bf71893d092811b7b97b6f767cf/ iface=/d86e8112f3c4c4442126f8e9f44f1686/
[tp] link_data dst=/2579ec91485cc26dc6fd5fa502a03e7e/ ctx=fa len=1
[tp] link_data dst=/2579ec91485cc26dc6fd5fa502a03e7e/ ctx=fc len=80
[tp] link_request dst=/6dee4caf17f87a1051504791002c8786/ ctx=00 hops=2
[tp] link_proof_tx dst=/6dee4caf17f87a1051504791002c8786/ link_id=/5b1af1221649ab5c2426001dc5ea56c3/
[tp] path_request dest=/a3dfea289534e4b2d0f5730310eebd99/ iface=/d86e8112f3c4c4442126f8e9f44f1686/
[tp] link_data dst=/5b1af1221649ab5c2426001dc5ea56c3/ ctx=fe len=64
[tp] link_data dst=/5b1af1221649ab5c2426001dc5ea56c3/ ctx=fb len=192
[link] data_plain len=128 preview=1b599a71ed6a929084c48c8f1ef3621f995f1fab242197d824024fb4f6f4d551
[tp] link_data dst=/28eba36a002f53a9ca3cd01ed96bd0ea/ ctx=06 len=96
[tp] link_data dst=/28eba36a002f53a9ca3cd01ed96bd0ea/ ctx=fc len=80
[tp] path_request dest=/b4508c693ae1ddc6a0d472977be93bfc/ iface=/d86e8112f3c4c4442126f8e9f44f1686/
[tp] path_request dest=/995cc3851347f138f51af73d182d5e1d/ iface=/d86e8112f3c4c4442126f8e9f44f1686/
[tp] link_request dst=/6dee4caf17f87a1051504791002c8786/ ctx=00 hops=2
[tp] link_proof_tx dst=/6dee4caf17f87a1051504791002c8786/ link_id=/8bc737ba662e4eb82f0150b6ffe029db/
[tp] link_request dst=/6dee4caf17f87a1051504791002c8786/ ctx=00 hops=2
[tp] link_proof_tx dst=/6dee4caf17f87a1051504791002c8786/ link_id=/ea99de9a2177d21a145e18612f4040f9/
[tp] link_data dst=/8bc737ba662e4eb82f0150b6ffe029db/ ctx=fe len=64
[tp] link_data dst=/8bc737ba662e4eb82f0150b6ffe029db/ ctx=fb len=192
[link] data_plain len=128 preview=110f3e3a6c3313c98373133edc3b5ebd7dc3c7c9c2669240e36e1152654b325b
[tp] link_data dst=/ea99de9a2177d21a145e18612f4040f9/ ctx=fe len=64
[tp] link_data dst=/ea99de9a2177d21a145e18612f4040f9/ ctx=fb len=192
[link] data_plain len=128 preview=c757c88946ae81f0974a33437ab209bac39469edc778f04bc7c155cdb8ea1441
[tp] path_request dest=/b18bb3d4ac56c99c5ee4791d79496ca2/ iface=/d86e8112f3c4c4442126f8e9f44f1686/
[tp] path_request dest=/f64a846313b874e84a357039807f8c77/ iface=/d86e8112f3c4c4442126f8e9f44f1686/
[tp] link_data dst=/ac0c316598d203ff8f2361a57da18158/ ctx=fa len=1
[tp] path_request dest=/e179b31d2d36af78231425d8a28c823f/ iface=/d86e8112f3c4c4442126f8e9f44f1686/
[tp] path_request dest=/b8bbfff472fe128873c9395a3ff8b353/ iface=/d86e8112f3c4c4442126f8e9f44f1686/
[tp] path_request dest=/f8de3e21f2b92e8eb4bb505f1e1381c4/ iface=/d86e8112f3c4c4442126f8e9f44f1686/
[tp] path_request dest=/e36c13fd857732740ed3421a512e06aa/ iface=/d86e8112f3c4c4442126f8e9f44f1686/
[tp] path_request dest=/6fd9c56a0d375ee60023aaedc1b03377/ iface=/d86e8112f3c4c4442126f8e9f44f1686/
[tp] path_request dest=/fb9aca8a82abc784d75835c1e181adde/ iface=/d86e8112f3c4c4442126f8e9f44f1686/
[tp] path_request dest=/22e300713e16953a62b269375c87b439/ iface=/d86e8112f3c4c4442126f8e9f44f1686/
[tp] path_request dest=/0ffa0968a18cb499c260e774cd3d9f28/ iface=/d86e8112f3c4c4442126f8e9f44f1686/
[tp] link_data dst=/ea99de9a2177d21a145e18612f4040f9/ ctx=08 len=32
[tp] link_data dst=/7e450d8faa1471ea44a88926410822f0/ ctx=fa len=1
[tp] link_request dst=/6dee4caf17f87a1051504791002c8786/ ctx=00 hops=2
[tp] link_proof_tx dst=/6dee4caf17f87a1051504791002c8786/ link_id=/a7aec1f1e8717d7d042b7d4c28262781/
[tp] link_data dst=/a7aec1f1e8717d7d042b7d4c28262781/ ctx=fe len=64
[tp] link_data dst=/a7aec1f1e8717d7d042b7d4c28262781/ ctx=fb len=192
[link] data_plain len=128 preview=586528998cc5cb6f63d677614052350359a4eaac0310a30853a9bed5643f890d
[tp] path_request dest=/12cb1ed29943213839f0b0d18cd42761/ iface=/d86e8112f3c4c4442126f8e9f44f1686/
[tp] path_request dest=/a011c3309e1754c1bd12003e69132d87/ iface=/d86e8112f3c4c4442126f8e9f44f1686/
[tp] path_request dest=/58681bf71893d092811b7b97b6f767cf/ iface=/d86e8112f3c4c4442126f8e9f44f1686/
[tp] link_data dst=/a7aec1f1e8717d7d042b7d4c28262781/ ctx=08 len=32
[tp] link_data dst=/9b995c10d8eefd1d6c23ea069069556b/ ctx=fa len=1
[tp] path_request dest=/e792a1b9b43cc8b95d12ecd2d1d3e8b2/ iface=/d86e8112f3c4c4442126f8e9f44f1686/
[tp] link_request dst=/6dee4caf17f87a1051504791002c8786/ ctx=00 hops=1
[tp] link_proof_tx dst=/6dee4caf17f87a1051504791002c8786/ link_id=/2243b8ecf2e6ad6160666a3186ee359a/
[tp] link_data dst=/2243b8ecf2e6ad6160666a3186ee359a/ ctx=fe len=64
[tp] link_data dst=/2243b8ecf2e6ad6160666a3186ee359a/ ctx=fb len=192
[link] data_plain len=128 preview=722fe51808e9a53c865100a3d27a9490d79d892a18343cef7df37d080fa80170
[tp] link_data dst=/ea99de9a2177d21a145e18612f4040f9/ ctx=06 len=96
[tp] link_data dst=/ea99de9a2177d21a145e18612f4040f9/ ctx=fc len=80
[tp] path_request dest=/995cc3851347f138f51af73d182d5e1d/ iface=/d86e8112f3c4c4442126f8e9f44f1686/
[tp] path_request dest=/a3dfea289534e4b2d0f5730310eebd99/ iface=/d86e8112f3c4c4442126f8e9f44f1686/
[tp] path_request dest=/e233d8d7e9c5f61419d45138ef0d90ff/ iface=/d86e8112f3c4c4442126f8e9f44f1686/
[tp] path_request dest=/b8bbfff472fe128873c9395a3ff8b353/ iface=/d86e8112f3c4c4442126f8e9f44f1686/
[tp] link_data dst=/2243b8ecf2e6ad6160666a3186ee359a/ ctx=08 len=32
[tp] path_request dest=/f8de3e21f2b92e8eb4bb505f1e1381c4/ iface=/d86e8112f3c4c4442126f8e9f44f1686/
[tp] link_data dst=/8bc737ba662e4eb82f0150b6ffe029db/ ctx=fa len=1
[tp] path_request dest=/12cb1ed29943213839f0b0d18cd42761/ iface=/d86e8112f3c4c4442126f8e9f44f1686/
[tp] link_data dst=/a7aec1f1e8717d7d042b7d4c28262781/ ctx=06 len=96
[tp] link_data dst=/a7aec1f1e8717d7d042b7d4c28262781/ ctx=fc len=80
[tp] path_request dest=/58681bf71893d092811b7b97b6f767cf/ iface=/d86e8112f3c4c4442126f8e9f44f1686/
[tp] link_data dst=/7e450d8faa1471ea44a88926410822f0/ ctx=fa len=1
[tp] link_data dst=/9b995c10d8eefd1d6c23ea069069556b/ ctx=06 len=96
[tp] link_data dst=/9b995c10d8eefd1d6c23ea069069556b/ ctx=fc len=80
[tp] link_data dst=/ac0c316598d203ff8f2361a57da18158/ ctx=fa len=1
[tp] link_data dst=/7e450d8faa1471ea44a88926410822f0/ ctx=fc len=80
[tp] link_data dst=/ac0c316598d203ff8f2361a57da18158/ ctx=fc len=80
[tp] link_request dst=/6dee4caf17f87a1051504791002c8786/ ctx=00 hops=2
[tp] link_proof_tx dst=/6dee4caf17f87a1051504791002c8786/ link_id=/d5955713f7d16e7c786dbc7f64f0e6fc/
[tp] link_data dst=/d5955713f7d16e7c786dbc7f64f0e6fc/ ctx=fe len=64
[tp] link_data dst=/d5955713f7d16e7c786dbc7f64f0e6fc/ ctx=fb len=192
[link] data_plain len=128 preview=35e65fe12a80ee3d00278ef932383927bd791670aa6a7f7a029c1a472045933f
[tp] path_request dest=/e233d8d7e9c5f61419d45138ef0d90ff/ iface=/d86e8112f3c4c4442126f8e9f44f1686/
[tp] link_request dst=/6dee4caf17f87a1051504791002c8786/ ctx=00 hops=2
[tp] link_proof_tx dst=/6dee4caf17f87a1051504791002c8786/ link_id=/40fa3c9142b542c9953ccb473b294b0a/
[tp] link_data dst=/40fa3c9142b542c9953ccb473b294b0a/ ctx=fe len=64
[tp] link_data dst=/40fa3c9142b542c9953ccb473b294b0a/ ctx=fb len=192
[link] data_plain len=128 preview=c757c88946ae81f0974a33437ab209bac39469edc778f04bc7c155cdb8ea1441
[tp] path_request dest=/f8de3e21f2b92e8eb4bb505f1e1381c4/ iface=/d86e8112f3c4c4442126f8e9f44f1686/
[tp] link_data dst=/2243b8ecf2e6ad6160666a3186ee359a/ ctx=06 len=96
[tp] link_data dst=/2243b8ecf2e6ad6160666a3186ee359a/ ctx=fc len=80
[tp] link_request dst=/6dee4caf17f87a1051504791002c8786/ ctx=00 hops=1
[tp] link_proof_tx dst=/6dee4caf17f87a1051504791002c8786/ link_id=/6b75634088d1788cd8d24acab529e910/
[tp] link_data dst=/6b75634088d1788cd8d24acab529e910/ ctx=fe len=64
[tp] link_data dst=/6b75634088d1788cd8d24acab529e910/ ctx=fb len=192
[link] data_plain len=128 preview=69d501e6cc31a4301060838e059a83ad1222dee5383b88a2a87c3d837c447343
[tp] link_request dst=/6dee4caf17f87a1051504791002c8786/ ctx=00 hops=2
[tp] link_proof_tx dst=/6dee4caf17f87a1051504791002c8786/ link_id=/bdd3954e06955de561d6aff2e0f6f5c4/
[tp] link_data dst=/40fa3c9142b542c9953ccb473b294b0a/ ctx=08 len=32
[tp] link_data dst=/bdd3954e06955de561d6aff2e0f6f5c4/ ctx=fe len=64
[tp] link_data dst=/bdd3954e06955de561d6aff2e0f6f5c4/ ctx=fb len=192
[link] data_plain len=128 preview=3f8f84ffe6b68f168b03338be78519e42a3a446c0c19c2c6dfaaf906eba7f61d
[tp] path_request dest=/b18bb3d4ac56c99c5ee4791d79496ca2/ iface=/d86e8112f3c4c4442126f8e9f44f1686/
[tp] link_data dst=/5b1af1221649ab5c2426001dc5ea56c3/ ctx=08 len=32
[tp] link_data dst=/5b1af1221649ab5c2426001dc5ea56c3/ ctx=06 len=96
[tp] link_data dst=/5b1af1221649ab5c2426001dc5ea56c3/ ctx=fc len=80
[tp] link_request dst=/6dee4caf17f87a1051504791002c8786/ ctx=00 hops=2
[tp] link_proof_tx dst=/6dee4caf17f87a1051504791002c8786/ link_id=/4e077cc562eeff10997b32aadc561c5b/
[tp] path_request dest=/12cb1ed29943213839f0b0d18cd42761/ iface=/d86e8112f3c4c4442126f8e9f44f1686/
[tp] path_request dest=/995cc3851347f138f51af73d182d5e1d/ iface=/d86e8112f3c4c4442126f8e9f44f1686/
[tp] path_request dest=/b8bbfff472fe128873c9395a3ff8b353/ iface=/d86e8112f3c4c4442126f8e9f44f1686/
[tp] path_request dest=/a3dfea289534e4b2d0f5730310eebd99/ iface=/d86e8112f3c4c4442126f8e9f44f1686/
[tp] link_request dst=/6dee4caf17f87a1051504791002c8786/ ctx=00 hops=1
[tp] link_proof_tx dst=/6dee4caf17f87a1051504791002c8786/ link_id=/fc2cb2fa6008b88bee0f93d487256a8e/
[tp] link_data dst=/fc2cb2fa6008b88bee0f93d487256a8e/ ctx=fe len=64
[tp] link_data dst=/fc2cb2fa6008b88bee0f93d487256a8e/ ctx=fb len=192
[link] data_plain len=128 preview=722fe51808e9a53c865100a3d27a9490d79d892a18343cef7df37d080fa80170
[tp] path_request dest=/177ab81a7ff8259290bd886b64360ead/ iface=/d86e8112f3c4c4442126f8e9f44f1686/
[tp] link_data dst=/52d680665a6afd8bbb3e8e204bc047f8/ ctx=fa len=1
[tp] link_data dst=/40fa3c9142b542c9953ccb473b294b0a/ ctx=06 len=96
[tp] link_data dst=/40fa3c9142b542c9953ccb473b294b0a/ ctx=fc len=80
[tp] link_request dst=/6dee4caf17f87a1051504791002c8786/ ctx=00 hops=3
[tp] link_proof_tx dst=/6dee4caf17f87a1051504791002c8786/ link_id=/ee3a064d4e2ab7abd000a124041ed951/
[tp] link_data dst=/ee3a064d4e2ab7abd000a124041ed951/ ctx=fe len=64
[tp] link_data dst=/ee3a064d4e2ab7abd000a124041ed951/ ctx=fb len=192
[link] data_plain len=128 preview=086def840ff0e656498ad1a760c4de7bc001c603809e441f7018d2e042a3ca4e
[tp] link_data dst=/8bc737ba662e4eb82f0150b6ffe029db/ ctx=fa len=1
[tp] link_data dst=/6b75634088d1788cd8d24acab529e910/ ctx=fa len=1
[tp] link_data dst=/8bc737ba662e4eb82f0150b6ffe029db/ ctx=fc len=80
[tp] path_request dest=/48a811bf93be297afc2f9652c2ebf8c4/ iface=/d86e8112f3c4c4442126f8e9f44f1686/
[tp] link_data dst=/fc2cb2fa6008b88bee0f93d487256a8e/ ctx=08 len=32
[tp] path_request dest=/58681bf71893d092811b7b97b6f767cf/ iface=/d86e8112f3c4c4442126f8e9f44f1686/
[tp] link_data dst=/d5955713f7d16e7c786dbc7f64f0e6fc/ ctx=fa len=1
[tp] path_request dest=/12cb1ed29943213839f0b0d18cd42761/ iface=/d86e8112f3c4c4442126f8e9f44f1686/
[tp] link_data dst=/17b91f3860bc74d5d7502ca398d5a3fa/ ctx=fa len=1
[tp] announce_tx dst=/6dee4caf17f87a1051504791002c8786/ app_data_len=36
[tp] announce_tx dst=/f2e29f00e8ddda9f81d1845a7224793e/ app_data_len=0
[tp] link_request dst=/6dee4caf17f87a1051504791002c8786/ ctx=00 hops=2
[tp] link_proof_tx dst=/6dee4caf17f87a1051504791002c8786/ link_id=/e636a4e5aaa320c69534893fc9aa0201/
[tp] link_data dst=/e636a4e5aaa320c69534893fc9aa0201/ ctx=fe len=64
[tp] link_data dst=/e636a4e5aaa320c69534893fc9aa0201/ ctx=fb len=192
[link] data_plain len=128 preview=110f3e3a6c3313c98373133edc3b5ebd7dc3c7c9c2669240e36e1152654b325b
[tp] path_request dest=/d9a4296c02b1208fad2b4ac5c08af067/ iface=/d86e8112f3c4c4442126f8e9f44f1686/
[tp] path_request dest=/b8bbfff472fe128873c9395a3ff8b353/ iface=/d86e8112f3c4c4442126f8e9f44f1686/
[tp] path_request dest=/c5210cdf7fda275c7f978533ec4ece80/ iface=/d86e8112f3c4c4442126f8e9f44f1686/
[tp] link_data dst=/fc2cb2fa6008b88bee0f93d487256a8e/ ctx=06 len=96
[tp] link_data dst=/fc2cb2fa6008b88bee0f93d487256a8e/ ctx=fc len=80
[tp] link_request dst=/6dee4caf17f87a1051504791002c8786/ ctx=00 hops=3
[tp] link_proof_tx dst=/6dee4caf17f87a1051504791002c8786/ link_id=/03d9a999fb509ff10594ef8229f15a16/
[tp] link_data dst=/03d9a999fb509ff10594ef8229f15a16/ ctx=fe len=64
[tp] link_data dst=/03d9a999fb509ff10594ef8229f15a16/ ctx=fb len=192
[link] data_plain len=128 preview=caeb241290061ad1380b094471a8ab92b78aeb000a7b67d3c3af96b3825f2026
[tp] path_request dest=/995cc3851347f138f51af73d182d5e1d/ iface=/d86e8112f3c4c4442126f8e9f44f1686/
[tp] path_request dest=/a3dfea289534e4b2d0f5730310eebd99/ iface=/d86e8112f3c4c4442126f8e9f44f1686/
[tp] link_data dst=/d5955713f7d16e7c786dbc7f64f0e6fc/ ctx=06 len=96
[tp] link_data dst=/d5955713f7d16e7c786dbc7f64f0e6fc/ ctx=fc len=80
[tp] path_request dest=/b18bb3d4ac56c99c5ee4791d79496ca2/ iface=/d86e8112f3c4c4442126f8e9f44f1686/
[tp] link_data dst=/6b75634088d1788cd8d24acab529e910/ ctx=fa len=1
[tp] link_request dst=/6dee4caf17f87a1051504791002c8786/ ctx=00 hops=2
[tp] link_proof_tx dst=/6dee4caf17f87a1051504791002c8786/ link_id=/6c3ff2e4e00a78714c30ca97486dbfbc/
[tp] path_request dest=/12cb1ed29943213839f0b0d18cd42761/ iface=/d86e8112f3c4c4442126f8e9f44f1686/
[tp] link_data dst=/6c3ff2e4e00a78714c30ca97486dbfbc/ ctx=fe len=64
[tp] link_data dst=/6c3ff2e4e00a78714c30ca97486dbfbc/ ctx=fb len=192
[link] data_plain len=128 preview=35e65fe12a80ee3d00278ef932383927bd791670aa6a7f7a029c1a472045933f
[tp] link_data dst=/6b75634088d1788cd8d24acab529e910/ ctx=fc len=80
[tp] path_request dest=/6fd9c56a0d375ee60023aaedc1b03377/ iface=/d86e8112f3c4c4442126f8e9f44f1686/
[tp] path_request dest=/379f204da5a77a6c340f6fae26097054/ iface=/d86e8112f3c4c4442126f8e9f44f1686/
[tp] path_request dest=/0ffa0968a18cb499c260e774cd3d9f28/ iface=/d86e8112f3c4c4442126f8e9f44f1686/
[tp] link_data dst=/03d9a999fb509ff10594ef8229f15a16/ ctx=08 len=32
[tp] link_request dst=/6dee4caf17f87a1051504791002c8786/ ctx=00 hops=1
[tp] link_proof_tx dst=/6dee4caf17f87a1051504791002c8786/ link_id=/e8091a7b7ff730f40da77472ac8a183e/
[tp] link_data dst=/e8091a7b7ff730f40da77472ac8a183e/ ctx=fe len=64
[tp] link_data dst=/e8091a7b7ff730f40da77472ac8a183e/ ctx=fb len=192
[link] data_plain len=128 preview=69d501e6cc31a4301060838e059a83ad1222dee5383b88a2a87c3d837c447343
[tp] path_request dest=/e233d8d7e9c5f61419d45138ef0d90ff/ iface=/d86e8112f3c4c4442126f8e9f44f1686/
[tp] path_request dest=/b8bbfff472fe128873c9395a3ff8b353/ iface=/d86e8112f3c4c4442126f8e9f44f1686/
[tp] link_data dst=/03d9a999fb509ff10594ef8229f15a16/ ctx=06 len=96
[tp] link_data dst=/03d9a999fb509ff10594ef8229f15a16/ ctx=fc len=80
[tp] link_data dst=/e636a4e5aaa320c69534893fc9aa0201/ ctx=fa len=1
[tp] path_request dest=/12cb1ed29943213839f0b0d18cd42761/ iface=/d86e8112f3c4c4442126f8e9f44f1686/
[tp] path_request dest=/34b2d5e6e88abd17de1616d24ab7a66f/ iface=/d86e8112f3c4c4442126f8e9f44f1686/
[tp] path_request dest=/c06124a96602644e22108ab7705dce64/ iface=/d86e8112f3c4c4442126f8e9f44f1686/
[tp] path_request dest=/c5210cdf7fda275c7f978533ec4ece80/ iface=/d86e8112f3c4c4442126f8e9f44f1686/
[tp] path_request dest=/b18bb3d4ac56c99c5ee4791d79496ca2/ iface=/d86e8112f3c4c4442126f8e9f44f1686/
[tp] link_data dst=/e8091a7b7ff730f40da77472ac8a183e/ ctx=fa len=1
[tp] path_request dest=/e233d8d7e9c5f61419d45138ef0d90ff/ iface=/d86e8112f3c4c4442126f8e9f44f1686/
[tp] path_request dest=/995cc3851347f138f51af73d182d5e1d/ iface=/d86e8112f3c4c4442126f8e9f44f1686/
[tp] link_request dst=/6dee4caf17f87a1051504791002c8786/ ctx=00 hops=3
[tp] link_proof_tx dst=/6dee4caf17f87a1051504791002c8786/ link_id=/0bb9a40828e526937391a0be8354e289/
[tp] link_data dst=/0bb9a40828e526937391a0be8354e289/ ctx=fe len=64
[tp] link_data dst=/0bb9a40828e526937391a0be8354e289/ ctx=fb len=192
[link] data_plain len=128 preview=caeb241290061ad1380b094471a8ab92b78aeb000a7b67d3c3af96b3825f2026
[tp] link_data dst=/ee3a064d4e2ab7abd000a124041ed951/ ctx=fa len=1
[tp] path_request dest=/a3dfea289534e4b2d0f5730310eebd99/ iface=/d86e8112f3c4c4442126f8e9f44f1686/
[tp] link_data dst=/6c3ff2e4e00a78714c30ca97486dbfbc/ ctx=fa len=1
[tp] link_request dst=/6dee4caf17f87a1051504791002c8786/ ctx=00 hops=1
[tp] link_proof_tx dst=/6dee4caf17f87a1051504791002c8786/ link_id=/b1cbaf107e57d81ca726e4ccf9650c8c/
[tp] link_data dst=/b1cbaf107e57d81ca726e4ccf9650c8c/ ctx=fe len=64
[tp] link_data dst=/b1cbaf107e57d81ca726e4ccf9650c8c/ ctx=fb len=192
[link] data_plain len=128 preview=48239eb3ae793e1da445b9b6068893bd1378929c015a521651146fb7e3d25320
[tp] link_data dst=/0bb9a40828e526937391a0be8354e289/ ctx=08 len=32
[tp] path_request dest=/c5210cdf7fda275c7f978533ec4ece80/ iface=/d86e8112f3c4c4442126f8e9f44f1686/
[tp] link_data dst=/ee3a064d4e2ab7abd000a124041ed951/ ctx=fa len=1
[tp] link_data dst=/ee3a064d4e2ab7abd000a124041ed951/ ctx=fc len=80
[tp] path_request dest=/b8bbfff472fe128873c9395a3ff8b353/ iface=/d86e8112f3c4c4442126f8e9f44f1686/
[tp] path_request dest=/12cb1ed29943213839f0b0d18cd42761/ iface=/d86e8112f3c4c4442126f8e9f44f1686/
[tp] link_data dst=/b1cbaf107e57d81ca726e4ccf9650c8c/ ctx=08 len=32
[tp] path_request dest=/0afd2d4541ff8c768f8015a3c76971be/ iface=/d86e8112f3c4c4442126f8e9f44f1686/
[tp] path_request dest=/47b6cea814d9ca40bb0cadad2139625a/ iface=/d86e8112f3c4c4442126f8e9f44f1686/
[tp] link_data dst=/e8091a7b7ff730f40da77472ac8a183e/ ctx=fa len=1
[tp] link_data dst=/0bb9a40828e526937391a0be8354e289/ ctx=06 len=96
[tp] link_data dst=/0bb9a40828e526937391a0be8354e289/ ctx=fc len=80
[tp] link_data dst=/6c3ff2e4e00a78714c30ca97486dbfbc/ ctx=06 len=96
[tp] link_data dst=/6c3ff2e4e00a78714c30ca97486dbfbc/ ctx=fc len=80
[tp] link_data dst=/e8091a7b7ff730f40da77472ac8a183e/ ctx=fc len=80
[tp] link_request dst=/6dee4caf17f87a1051504791002c8786/ ctx=00 hops=2
[tp] link_proof_tx dst=/6dee4caf17f87a1051504791002c8786/ link_id=/a226a60d4ef315911f780f7dbd6588c7/
[tp] link_data dst=/a226a60d4ef315911f780f7dbd6588c7/ ctx=fe len=64
[tp] link_data dst=/a226a60d4ef315911f780f7dbd6588c7/ ctx=fb len=192
[link] data_plain len=128 preview=c757c88946ae81f0974a33437ab209bac39469edc778f04bc7c155cdb8ea1441
[tp] path_request dest=/58681bf71893d092811b7b97b6f767cf/ iface=/d86e8112f3c4c4442126f8e9f44f1686/
[tp] link_data dst=/b1cbaf107e57d81ca726e4ccf9650c8c/ ctx=06 len=96
[tp] link_data dst=/b1cbaf107e57d81ca726e4ccf9650c8c/ ctx=fc len=80
[tp] path_request dest=/12cb1ed29943213839f0b0d18cd42761/ iface=/d86e8112f3c4c4442126f8e9f44f1686/
[tp] path_request dest=/995cc3851347f138f51af73d182d5e1d/ iface=/d86e8112f3c4c4442126f8e9f44f1686/
[tp] link_data dst=/a226a60d4ef315911f780f7dbd6588c7/ ctx=08 len=32
[tp] path_request dest=/e233d8d7e9c5f61419d45138ef0d90ff/ iface=/d86e8112f3c4c4442126f8e9f44f1686/
[tp] path_request dest=/b8bbfff472fe128873c9395a3ff8b353/ iface=/d86e8112f3c4c4442126f8e9f44f1686/
[tp] link_request dst=/6dee4caf17f87a1051504791002c8786/ ctx=00 hops=1
[tp] link_proof_tx dst=/6dee4caf17f87a1051504791002c8786/ link_id=/268527fc1a36a65d718c12cd3e1c31d5/
[tp] link_data dst=/268527fc1a36a65d718c12cd3e1c31d5/ ctx=fe len=64
[tp] link_data dst=/268527fc1a36a65d718c12cd3e1c31d5/ ctx=fb len=192
[link] data_plain len=128 preview=69d501e6cc31a4301060838e059a83ad1222dee5383b88a2a87c3d837c447343
[tp] link_request dst=/6dee4caf17f87a1051504791002c8786/ ctx=00 hops=2
[tp] link_proof_tx dst=/6dee4caf17f87a1051504791002c8786/ link_id=/1c22a1539ee890f798d33b12ebd21ec5/
[tp] link_data dst=/1c22a1539ee890f798d33b12ebd21ec5/ ctx=fe len=64
[tp] link_data dst=/1c22a1539ee890f798d33b12ebd21ec5/ ctx=fb len=192
[link] data_plain len=128 preview=722fe51808e9a53c865100a3d27a9490d79d892a18343cef7df37d080fa80170
[tp] link_data dst=/1c22a1539ee890f798d33b12ebd21ec5/ ctx=08 len=32
[tp] path_request dest=/e36c13fd857732740ed3421a512e06aa/ iface=/d86e8112f3c4c4442126f8e9f44f1686/
[tp] link_data dst=/a226a60d4ef315911f780f7dbd6588c7/ ctx=06 len=96
[tp] link_data dst=/a226a60d4ef315911f780f7dbd6588c7/ ctx=fc len=80
[tp] path_request dest=/12cb1ed29943213839f0b0d18cd42761/ iface=/d86e8112f3c4c4442126f8e9f44f1686/
[tp] link_data dst=/52d680665a6afd8bbb3e8e204bc047f8/ ctx=fa len=1
[tp] link_request dst=/6dee4caf17f87a1051504791002c8786/ ctx=00 hops=3
[tp] link_proof_tx dst=/6dee4caf17f87a1051504791002c8786/ link_id=/829a80cc3fab01dc0f9a2555717a01fb/
[tp] link_data dst=/829a80cc3fab01dc0f9a2555717a01fb/ ctx=fe len=64
[tp] link_data dst=/829a80cc3fab01dc0f9a2555717a01fb/ ctx=fb len=192
[link] data_plain len=128 preview=caeb241290061ad1380b094471a8ab92b78aeb000a7b67d3c3af96b3825f2026
[tp] link_data dst=/52d680665a6afd8bbb3e8e204bc047f8/ ctx=fc len=80
[tp] link_data dst=/e636a4e5aaa320c69534893fc9aa0201/ ctx=fa len=1
[tp] link_data dst=/e636a4e5aaa320c69534893fc9aa0201/ ctx=fc len=80
[tp] link_request dst=/6dee4caf17f87a1051504791002c8786/ ctx=00 hops=2
[tp] link_proof_tx dst=/6dee4caf17f87a1051504791002c8786/ link_id=/367a1858a06aa7e7ce9928489c49aad6/
[tp] link_data dst=/268527fc1a36a65d718c12cd3e1c31d5/ ctx=fa len=1
[tp] path_request dest=/a3dfea289534e4b2d0f5730310eebd99/ iface=/d86e8112f3c4c4442126f8e9f44f1686/
[tp] path_request dest=/b8bbfff472fe128873c9395a3ff8b353/ iface=/d86e8112f3c4c4442126f8e9f44f1686/
[tp] link_data dst=/1c22a1539ee890f798d33b12ebd21ec5/ ctx=06 len=96
[tp] link_data dst=/1c22a1539ee890f798d33b12ebd21ec5/ ctx=fc len=80
[tp] link_data dst=/829a80cc3fab01dc0f9a2555717a01fb/ ctx=08 len=32
[tp] path_request dest=/0ffa0968a18cb499c260e774cd3d9f28/ iface=/d86e8112f3c4c4442126f8e9f44f1686/
[tp] link_request dst=/6dee4caf17f87a1051504791002c8786/ ctx=00 hops=2
[tp] link_proof_tx dst=/6dee4caf17f87a1051504791002c8786/ link_id=/810b6d219c8b7c63f3c4bbefa49945af/
[tp] link_data dst=/810b6d219c8b7c63f3c4bbefa49945af/ ctx=fe len=64
[tp] link_data dst=/810b6d219c8b7c63f3c4bbefa49945af/ ctx=fb len=192
[link] data_plain len=128 preview=c757c88946ae81f0974a33437ab209bac39469edc778f04bc7c155cdb8ea1441
[tp] path_request dest=/965511769c059271e655c503e810a670/ iface=/d86e8112f3c4c4442126f8e9f44f1686/
[tp] path_request dest=/12cb1ed29943213839f0b0d18cd42761/ iface=/d86e8112f3c4c4442126f8e9f44f1686/
[tp] path_request dest=/e36c13fd857732740ed3421a512e06aa/ iface=/d86e8112f3c4c4442126f8e9f44f1686/
[tp] link_request dst=/6dee4caf17f87a1051504791002c8786/ ctx=00 hops=3
[tp] link_proof_tx dst=/6dee4caf17f87a1051504791002c8786/ link_id=/6c7b0aac16dfe8e23326364d1e886794/
[tp] link_data dst=/6c7b0aac16dfe8e23326364d1e886794/ ctx=fe len=64
[tp] link_data dst=/6c7b0aac16dfe8e23326364d1e886794/ ctx=fb len=192
[link] data_plain len=128 preview=037a7857dfd539123ae67b4b07ff332d2bc3c151d0c8db5361e9cbbcf8519300
[tp] path_request dest=/e792a1b9b43cc8b95d12ecd2d1d3e8b2/ iface=/d86e8112f3c4c4442126f8e9f44f1686/
[tp] link_data dst=/829a80cc3fab01dc0f9a2555717a01fb/ ctx=06 len=96
[tp] link_data dst=/829a80cc3fab01dc0f9a2555717a01fb/ ctx=fc len=80
[tp] link_data dst=/810b6d219c8b7c63f3c4bbefa49945af/ ctx=08 len=32
[tp] path_request dest=/053db2ffc4105a601f6ac5f23cc356d6/ iface=/d86e8112f3c4c4442126f8e9f44f1686/
[tp] link_request dst=/6dee4caf17f87a1051504791002c8786/ ctx=00 hops=2
[tp] link_proof_tx dst=/6dee4caf17f87a1051504791002c8786/ link_id=/0f588455e137d3436b70c9059184cc99/
[tp] link_data dst=/0f588455e137d3436b70c9059184cc99/ ctx=fe len=64
[tp] link_data dst=/0f588455e137d3436b70c9059184cc99/ ctx=fb len=192
[link] data_plain len=128 preview=35e65fe12a80ee3d00278ef932383927bd791670aa6a7f7a029c1a472045933f
[tp] link_request dst=/6dee4caf17f87a1051504791002c8786/ ctx=00 hops=2
[tp] link_proof_tx dst=/6dee4caf17f87a1051504791002c8786/ link_id=/b2b668afd563ccdbdde9b22f38cd9ebb/
[tp] link_data dst=/b2b668afd563ccdbdde9b22f38cd9ebb/ ctx=fe len=64
[tp] link_data dst=/b2b668afd563ccdbdde9b22f38cd9ebb/ ctx=fb len=192
[link] data_plain len=128 preview=4913e1db3253c4f39555ffdfe8435b1baf2b5b7dfdbb6065f8ca81371cbd5b17
[tp] link_data dst=/b2b668afd563ccdbdde9b22f38cd9ebb/ ctx=09 len=192
[link] data_plain len=132 preview=93cb41da6cc4dd2d92a9c41094fd9fd7b04a5caae5882616446bb9ef92c420d5
[tp] link_data dst=/268527fc1a36a65d718c12cd3e1c31d5/ ctx=fa len=1
[tp] link_data dst=/bdd3954e06955de561d6aff2e0f6f5c4/ ctx=fa len=1
[tp] link_data dst=/268527fc1a36a65d718c12cd3e1c31d5/ ctx=fc len=80
[tp] path_request dest=/b18bb3d4ac56c99c5ee4791d79496ca2/ iface=/d86e8112f3c4c4442126f8e9f44f1686/
[tp] path_request dest=/e233d8d7e9c5f61419d45138ef0d90ff/ iface=/d86e8112f3c4c4442126f8e9f44f1686/
[tp] path_request dest=/e792a1b9b43cc8b95d12ecd2d1d3e8b2/ iface=/d86e8112f3c4c4442126f8e9f44f1686/
[tp] path_request dest=/b8bbfff472fe128873c9395a3ff8b353/ iface=/d86e8112f3c4c4442126f8e9f44f1686/
[tp] path_request dest=/bbc29395549d0fcb7b4f5540c5625015/ iface=/d86e8112f3c4c4442126f8e9f44f1686/
[tp] path_request dest=/585f25214d432629c509e176ce7d386f/ iface=/d86e8112f3c4c4442126f8e9f44f1686/
[tp] link_data dst=/810b6d219c8b7c63f3c4bbefa49945af/ ctx=06 len=96
[tp] link_data dst=/810b6d219c8b7c63f3c4bbefa49945af/ ctx=fc len=80
[tp] path_request dest=/12cb1ed29943213839f0b0d18cd42761/ iface=/d86e8112f3c4c4442126f8e9f44f1686/
[tp] path_request dest=/995cc3851347f138f51af73d182d5e1d/ iface=/d86e8112f3c4c4442126f8e9f44f1686/
[tp] link_request dst=/6dee4caf17f87a1051504791002c8786/ ctx=00 hops=3
[tp] link_proof_tx dst=/6dee4caf17f87a1051504791002c8786/ link_id=/fe0c85fde868a746a828fc80208ba759/
[tp] link_data dst=/fe0c85fde868a746a828fc80208ba759/ ctx=fe len=64
[tp] link_data dst=/fe0c85fde868a746a828fc80208ba759/ ctx=fb len=192
[link] data_plain len=128 preview=caeb241290061ad1380b094471a8ab92b78aeb000a7b67d3c3af96b3825f2026
[tp] path_request dest=/a3dfea289534e4b2d0f5730310eebd99/ iface=/d86e8112f3c4c4442126f8e9f44f1686/
[tp] path_request dest=/f8de3e21f2b92e8eb4bb505f1e1381c4/ iface=/d86e8112f3c4c4442126f8e9f44f1686/
[tp] path_request dest=/e233d8d7e9c5f61419d45138ef0d90ff/ iface=/d86e8112f3c4c4442126f8e9f44f1686/
[tp] link_request dst=/6dee4caf17f87a1051504791002c8786/ ctx=00 hops=2
[tp] link_proof_tx dst=/6dee4caf17f87a1051504791002c8786/ link_id=/4564fdf7078d9ace1483aa36926a3ea3/
[tp] path_request dest=/c5210cdf7fda275c7f978533ec4ece80/ iface=/d86e8112f3c4c4442126f8e9f44f1686/
[tp] link_request dst=/6dee4caf17f87a1051504791002c8786/ ctx=00 hops=2
[tp] link_proof_tx dst=/6dee4caf17f87a1051504791002c8786/ link_id=/7dec9982455d54798bd5c0ce618a160a/
[tp] link_data dst=/4564fdf7078d9ace1483aa36926a3ea3/ ctx=fe len=64
[tp] link_data dst=/4564fdf7078d9ace1483aa36926a3ea3/ ctx=fb len=192
[link] data_plain len=128 preview=586528998cc5cb6f63d677614052350359a4eaac0310a30853a9bed5643f890d
[tp] link_data dst=/7dec9982455d54798bd5c0ce618a160a/ ctx=fe len=64
[tp] link_data dst=/7dec9982455d54798bd5c0ce618a160a/ ctx=fb len=192
[link] data_plain len=128 preview=722fe51808e9a53c865100a3d27a9490d79d892a18343cef7df37d080fa80170
[tp] link_data dst=/fe0c85fde868a746a828fc80208ba759/ ctx=08 len=32
[tp] link_data dst=/17b91f3860bc74d5d7502ca398d5a3fa/ ctx=fa len=1
[tp] path_request dest=/bbc29395549d0fcb7b4f5540c5625015/ iface=/d86e8112f3c4c4442126f8e9f44f1686/
[tp] path_request dest=/c69f216ed33d3834e67391b99aaa32f1/ iface=/d86e8112f3c4c4442126f8e9f44f1686/
[tp] link_data dst=/17b91f3860bc74d5d7502ca398d5a3fa/ ctx=fc len=80
[tp] path_request dest=/58681bf71893d092811b7b97b6f767cf/ iface=/d86e8112f3c4c4442126f8e9f44f1686/
[tp] link_data dst=/7dec9982455d54798bd5c0ce618a160a/ ctx=08 len=32
[tp] link_data dst=/4564fdf7078d9ace1483aa36926a3ea3/ ctx=08 len=32
[tp] path_request dest=/e792a1b9b43cc8b95d12ecd2d1d3e8b2/ iface=/d86e8112f3c4c4442126f8e9f44f1686/
[tp] path_request dest=/b8bbfff472fe128873c9395a3ff8b353/ iface=/d86e8112f3c4c4442126f8e9f44f1686/
[tp] link_data dst=/b2b668afd563ccdbdde9b22f38cd9ebb/ ctx=fa len=1
[tp] path_request dest=/e36c13fd857732740ed3421a512e06aa/ iface=/d86e8112f3c4c4442126f8e9f44f1686/
[tp] path_request dest=/585f25214d432629c509e176ce7d386f/ iface=/d86e8112f3c4c4442126f8e9f44f1686/
[tp] link_request dst=/6dee4caf17f87a1051504791002c8786/ ctx=00 hops=3
[tp] link_proof_tx dst=/6dee4caf17f87a1051504791002c8786/ link_id=/47ab8d8b92292a1d439345b03fb25d73/
[tp] link_data dst=/47ab8d8b92292a1d439345b03fb25d73/ ctx=fe len=64
[tp] link_data dst=/47ab8d8b92292a1d439345b03fb25d73/ ctx=fb len=192
[link] data_plain len=128 preview=b1d08b2315cf53c1efdf0a60cadf0ab72f82a691adf040c6b9990f393fcaaf53
[tp] path_request dest=/12cb1ed29943213839f0b0d18cd42761/ iface=/d86e8112f3c4c4442126f8e9f44f1686/
[tp] path_request dest=/bbc29395549d0fcb7b4f5540c5625015/ iface=/d86e8112f3c4c4442126f8e9f44f1686/
[tp] link_data dst=/fe0c85fde868a746a828fc80208ba759/ ctx=06 len=96
[tp] link_data dst=/fe0c85fde868a746a828fc80208ba759/ ctx=fc len=80
[tp] path_request dest=/c5210cdf7fda275c7f978533ec4ece80/ iface=/d86e8112f3c4c4442126f8e9f44f1686/
[tp] path_request dest=/13f265a4ff954ec4f28fd71185f73850/ iface=/d86e8112f3c4c4442126f8e9f44f1686/
[tp] link_request dst=/6dee4caf17f87a1051504791002c8786/ ctx=00 hops=2
[tp] link_proof_tx dst=/6dee4caf17f87a1051504791002c8786/ link_id=/e6c85f1e227e4680a3a059d94075278e/
[tp] link_data dst=/e6c85f1e227e4680a3a059d94075278e/ ctx=fe len=64
[tp] link_data dst=/e6c85f1e227e4680a3a059d94075278e/ ctx=fb len=192
[link] data_plain len=128 preview=c757c88946ae81f0974a33437ab209bac39469edc778f04bc7c155cdb8ea1441
[tp] link_request dst=/6dee4caf17f87a1051504791002c8786/ ctx=00 hops=2
[tp] link_proof_tx dst=/6dee4caf17f87a1051504791002c8786/ link_id=/d2ac4bbfcb82bec35847a7e24a0a4870/
[tp] link_data dst=/d2ac4bbfcb82bec35847a7e24a0a4870/ ctx=fe len=64
[tp] link_data dst=/d2ac4bbfcb82bec35847a7e24a0a4870/ ctx=fb len=192
[link] data_plain len=128 preview=086def840ff0e656498ad1a760c4de7bc001c603809e441f7018d2e042a3ca4e
[tp] path_request dest=/585f25214d432629c509e176ce7d386f/ iface=/d86e8112f3c4c4442126f8e9f44f1686/
[tp] path_request dest=/e792a1b9b43cc8b95d12ecd2d1d3e8b2/ iface=/d86e8112f3c4c4442126f8e9f44f1686/
[tp] link_data dst=/6c7b0aac16dfe8e23326364d1e886794/ ctx=fa len=1
[tp] link_data dst=/4564fdf7078d9ace1483aa36926a3ea3/ ctx=06 len=96
[tp] link_data dst=/4564fdf7078d9ace1483aa36926a3ea3/ ctx=fc len=80
[tp] path_request dest=/995cc3851347f138f51af73d182d5e1d/ iface=/d86e8112f3c4c4442126f8e9f44f1686/
[tp] link_data dst=/7dec9982455d54798bd5c0ce618a160a/ ctx=06 len=96
[tp] link_data dst=/7dec9982455d54798bd5c0ce618a160a/ ctx=fc len=80
[tp] path_request dest=/a3dfea289534e4b2d0f5730310eebd99/ iface=/d86e8112f3c4c4442126f8e9f44f1686/
[tp] path_request dest=/b4508c693ae1ddc6a0d472977be93bfc/ iface=/d86e8112f3c4c4442126f8e9f44f1686/
[tp] link_data dst=/e6c85f1e227e4680a3a059d94075278e/ ctx=08 len=32
[tp] path_request dest=/b8bbfff472fe128873c9395a3ff8b353/ iface=/d86e8112f3c4c4442126f8e9f44f1686/
[tp] path_request dest=/12cb1ed29943213839f0b0d18cd42761/ iface=/d86e8112f3c4c4442126f8e9f44f1686/
[tp] path_request dest=/a011c3309e1754c1bd12003e69132d87/ iface=/d86e8112f3c4c4442126f8e9f44f1686/
[tp] path_request dest=/b18bb3d4ac56c99c5ee4791d79496ca2/ iface=/d86e8112f3c4c4442126f8e9f44f1686/
[tp] link_data dst=/0f588455e137d3436b70c9059184cc99/ ctx=fa len=1
[tp] path_request dest=/58681bf71893d092811b7b97b6f767cf/ iface=/d86e8112f3c4c4442126f8e9f44f1686/
[tp] path_request dest=/379f204da5a77a6c340f6fae26097054/ iface=/d86e8112f3c4c4442126f8e9f44f1686/
[tp] path_request dest=/13f265a4ff954ec4f28fd71185f73850/ iface=/d86e8112f3c4c4442126f8e9f44f1686/
[tp] path_request dest=/8655f099fc174653a0da9b062ede64ea/ iface=/d86e8112f3c4c4442126f8e9f44f1686/
[tp] link_data dst=/e6c85f1e227e4680a3a059d94075278e/ ctx=06 len=96
[tp] link_data dst=/e6c85f1e227e4680a3a059d94075278e/ ctx=fc len=80
[tp] link_data dst=/0f588455e137d3436b70c9059184cc99/ ctx=06 len=96
[tp] link_data dst=/0f588455e137d3436b70c9059184cc99/ ctx=fc len=80
[tp] link_data dst=/b2b668afd563ccdbdde9b22f38cd9ebb/ ctx=fa len=1
[tp] path_request dest=/627c60c9a9df4e50c15f5c104661c096/ iface=/d86e8112f3c4c4442126f8e9f44f1686/
[tp] link_request dst=/6dee4caf17f87a1051504791002c8786/ ctx=00 hops=3
[tp] link_proof_tx dst=/6dee4caf17f87a1051504791002c8786/ link_id=/da71300d3cce379ee243d89f0868da36/
[tp] link_data dst=/da71300d3cce379ee243d89f0868da36/ ctx=fe len=64
[tp] link_data dst=/da71300d3cce379ee243d89f0868da36/ ctx=fb len=192
[link] data_plain len=128 preview=caeb241290061ad1380b094471a8ab92b78aeb000a7b67d3c3af96b3825f2026
[tp] link_request dst=/6dee4caf17f87a1051504791002c8786/ ctx=00 hops=1
[tp] link_proof_tx dst=/6dee4caf17f87a1051504791002c8786/ link_id=/3c77a779128409a28c95ac26effdb6ac/
[tp] link_data dst=/3c77a779128409a28c95ac26effdb6ac/ ctx=fe len=64
[tp] link_data dst=/3c77a779128409a28c95ac26effdb6ac/ ctx=fb len=192
[link] data_plain len=128 preview=69d501e6cc31a4301060838e059a83ad1222dee5383b88a2a87c3d837c447343
[tp] link_data dst=/b2b668afd563ccdbdde9b22f38cd9ebb/ ctx=fc len=80
[tp] path_request dest=/585f25214d432629c509e176ce7d386f/ iface=/d86e8112f3c4c4442126f8e9f44f1686/
[tp] link_request dst=/6dee4caf17f87a1051504791002c8786/ ctx=00 hops=2
[tp] link_proof_tx dst=/6dee4caf17f87a1051504791002c8786/ link_id=/3dab0177d0f9a6a1a7931e5933120d67/
[tp] link_data dst=/3dab0177d0f9a6a1a7931e5933120d67/ ctx=fe len=64
[tp] link_data dst=/3dab0177d0f9a6a1a7931e5933120d67/ ctx=fb len=192
[link] data_plain len=128 preview=c757c88946ae81f0974a33437ab209bac39469edc778f04bc7c155cdb8ea1441
[tp] path_request dest=/13f265a4ff954ec4f28fd71185f73850/ iface=/d86e8112f3c4c4442126f8e9f44f1686/
[tp] path_request dest=/0ffa0968a18cb499c260e774cd3d9f28/ iface=/d86e8112f3c4c4442126f8e9f44f1686/
[tp] path_request dest=/12cb1ed29943213839f0b0d18cd42761/ iface=/d86e8112f3c4c4442126f8e9f44f1686/
[tp] path_request dest=/c5210cdf7fda275c7f978533ec4ece80/ iface=/d86e8112f3c4c4442126f8e9f44f1686/
[tp] link_request dst=/6dee4caf17f87a1051504791002c8786/ ctx=00 hops=2
[tp] link_proof_tx dst=/6dee4caf17f87a1051504791002c8786/ link_id=/67663cdfc608bc4fdbfcc35177a3ed5b/
[tp] link_data dst=/67663cdfc608bc4fdbfcc35177a3ed5b/ ctx=fe len=64
[tp] link_data dst=/67663cdfc608bc4fdbfcc35177a3ed5b/ ctx=fb len=192
[link] data_plain len=128 preview=35e65fe12a80ee3d00278ef932383927bd791670aa6a7f7a029c1a472045933f
[tp] link_data dst=/da71300d3cce379ee243d89f0868da36/ ctx=08 len=32
[tp] link_data dst=/3dab0177d0f9a6a1a7931e5933120d67/ ctx=08 len=32
[tp] path_request dest=/57e2d0ef3bd6127a75f53884d04418c4/ iface=/d86e8112f3c4c4442126f8e9f44f1686/
[tp] link_request dst=/6dee4caf17f87a1051504791002c8786/ ctx=00 hops=2
[tp] link_proof_tx dst=/6dee4caf17f87a1051504791002c8786/ link_id=/811e80e8aa0abef40983f61e751fb41b/
[tp] path_request dest=/585f25214d432629c509e176ce7d386f/ iface=/d86e8112f3c4c4442126f8e9f44f1686/
[tp] path_request dest=/4762234229b7e0b83c68b857bdf245c3/ iface=/d86e8112f3c4c4442126f8e9f44f1686/
[tp] link_data dst=/811e80e8aa0abef40983f61e751fb41b/ ctx=fe len=64
[tp] link_data dst=/811e80e8aa0abef40983f61e751fb41b/ ctx=fb len=192
[link] data_plain len=128 preview=4913e1db3253c4f39555ffdfe8435b1baf2b5b7dfdbb6065f8ca81371cbd5b17
[tp] link_data dst=/811e80e8aa0abef40983f61e751fb41b/ ctx=09 len=256
[link] data_plain len=200 preview=93cb41da6cc50ea3ddeac41094fd9fd7b04a5caae5882616446bb9ef92c420d5
[tp] path_request dest=/b8bbfff472fe128873c9395a3ff8b353/ iface=/d86e8112f3c4c4442126f8e9f44f1686/
[tp] link_data dst=/47ab8d8b92292a1d439345b03fb25d73/ ctx=fa len=1
[tp] path_request dest=/995cc3851347f138f51af73d182d5e1d/ iface=/d86e8112f3c4c4442126f8e9f44f1686/
[tp] path_request dest=/13f265a4ff954ec4f28fd71185f73850/ iface=/d86e8112f3c4c4442126f8e9f44f1686/
[tp] path_request dest=/0afd2d4541ff8c768f8015a3c76971be/ iface=/d86e8112f3c4c4442126f8e9f44f1686/
[tp] path_request dest=/4447b200737e3fead7d054e5fc58e081/ iface=/d86e8112f3c4c4442126f8e9f44f1686/
[tp] link_data dst=/da71300d3cce379ee243d89f0868da36/ ctx=06 len=96
[tp] link_data dst=/da71300d3cce379ee243d89f0868da36/ ctx=fc len=80
[tp] link_data dst=/3c77a779128409a28c95ac26effdb6ac/ ctx=fa len=1
[tp] path_request dest=/0769357259e48819ea9194b6230b2cef/ iface=/d86e8112f3c4c4442126f8e9f44f1686/
[tp] path_request dest=/12cb1ed29943213839f0b0d18cd42761/ iface=/d86e8112f3c4c4442126f8e9f44f1686/
[tp] link_data dst=/3dab0177d0f9a6a1a7931e5933120d67/ ctx=06 len=96
[tp] link_data dst=/3dab0177d0f9a6a1a7931e5933120d67/ ctx=fc len=80
[tp] path_request dest=/13f265a4ff954ec4f28fd71185f73850/ iface=/d86e8112f3c4c4442126f8e9f44f1686/
[tp] link_data dst=/6c7b0aac16dfe8e23326364d1e886794/ ctx=fa len=1
[tp] link_data dst=/6c7b0aac16dfe8e23326364d1e886794/ ctx=fc len=80
[tp] path_request dest=/b18bb3d4ac56c99c5ee4791d79496ca2/ iface=/d86e8112f3c4c4442126f8e9f44f1686/
[tp] path_request dest=/b8bbfff472fe128873c9395a3ff8b353/ iface=/d86e8112f3c4c4442126f8e9f44f1686/
[tp] path_request dest=/995cc3851347f138f51af73d182d5e1d/ iface=/d86e8112f3c4c4442126f8e9f44f1686/
[tp] path_request dest=/f8de3e21f2b92e8eb4bb505f1e1381c4/ iface=/d86e8112f3c4c4442126f8e9f44f1686/
[tp] link_data dst=/67663cdfc608bc4fdbfcc35177a3ed5b/ ctx=fa len=1
[tp] link_request dst=/6dee4caf17f87a1051504791002c8786/ ctx=00 hops=3
[tp] link_proof_tx dst=/6dee4caf17f87a1051504791002c8786/ link_id=/538571ff4274f5893156327ec0626f89/
[tp] path_request dest=/a3dfea289534e4b2d0f5730310eebd99/ iface=/d86e8112f3c4c4442126f8e9f44f1686/
[tp] link_data dst=/538571ff4274f5893156327ec0626f89/ ctx=fe len=64
[tp] link_data dst=/538571ff4274f5893156327ec0626f89/ ctx=fb len=192
[link] data_plain len=128 preview=caeb241290061ad1380b094471a8ab92b78aeb000a7b67d3c3af96b3825f2026
[tp] link_data dst=/d2ac4bbfcb82bec35847a7e24a0a4870/ ctx=fa len=1
[tp] path_request dest=/12cb1ed29943213839f0b0d18cd42761/ iface=/d86e8112f3c4c4442126f8e9f44f1686/
[tp] path_request dest=/13f265a4ff954ec4f28fd71185f73850/ iface=/d86e8112f3c4c4442126f8e9f44f1686/
[tp] link_data dst=/3c77a779128409a28c95ac26effdb6ac/ ctx=fa len=1
[tp] link_data dst=/3c77a779128409a28c95ac26effdb6ac/ ctx=fc len=80
[tp] path_request dest=/e233d8d7e9c5f61419d45138ef0d90ff/ iface=/d86e8112f3c4c4442126f8e9f44f1686/
[tp] path_request dest=/88082fd6f73e93e3e5fad9af6ee05453/ iface=/d86e8112f3c4c4442126f8e9f44f1686/
[tp] link_data dst=/811e80e8aa0abef40983f61e751fb41b/ ctx=fa len=1
[tp] path_request dest=/58681bf71893d092811b7b97b6f767cf/ iface=/d86e8112f3c4c4442126f8e9f44f1686/
[tp] link_request dst=/6dee4caf17f87a1051504791002c8786/ ctx=00 hops=2
[tp] link_proof_tx dst=/6dee4caf17f87a1051504791002c8786/ link_id=/96b165e46d1252445d2515f29d304e9e/
[tp] link_data dst=/96b165e46d1252445d2515f29d304e9e/ ctx=fe len=64
[tp] link_data dst=/96b165e46d1252445d2515f29d304e9e/ ctx=fb len=192
[link] data_plain len=128 preview=c757c88946ae81f0974a33437ab209bac39469edc778f04bc7c155cdb8ea1441
[tp] link_data dst=/538571ff4274f5893156327ec0626f89/ ctx=08 len=32
[tp] path_request dest=/13f265a4ff954ec4f28fd71185f73850/ iface=/d86e8112f3c4c4442126f8e9f44f1686/
[tp] link_data dst=/67663cdfc608bc4fdbfcc35177a3ed5b/ ctx=06 len=96
[tp] link_data dst=/67663cdfc608bc4fdbfcc35177a3ed5b/ ctx=fc len=80
[tp] link_request dst=/6dee4caf17f87a1051504791002c8786/ ctx=00 hops=2
[tp] link_proof_tx dst=/6dee4caf17f87a1051504791002c8786/ link_id=/d81ef15ad5a4ad87d97c15dd3940049b/
[tp] link_data dst=/d81ef15ad5a4ad87d97c15dd3940049b/ ctx=fe len=64
[tp] link_data dst=/d81ef15ad5a4ad87d97c15dd3940049b/ ctx=fb len=192
[link] data_plain len=128 preview=35e65fe12a80ee3d00278ef932383927bd791670aa6a7f7a029c1a472045933f
[tp] path_request dest=/47b6cea814d9ca40bb0cadad2139625a/ iface=/d86e8112f3c4c4442126f8e9f44f1686/
[tp] link_data dst=/96b165e46d1252445d2515f29d304e9e/ ctx=08 len=32
[tp] path_request dest=/b8bbfff472fe128873c9395a3ff8b353/ iface=/d86e8112f3c4c4442126f8e9f44f1686/
[tp] path_request dest=/12cb1ed29943213839f0b0d18cd42761/ iface=/d86e8112f3c4c4442126f8e9f44f1686/
[tp] path_request dest=/b87d16a2ead83fd1c567cf8a45c83df4/ iface=/d86e8112f3c4c4442126f8e9f44f1686/
[tp] link_data dst=/47ab8d8b92292a1d439345b03fb25d73/ ctx=fa len=1
[tp] link_data dst=/47ab8d8b92292a1d439345b03fb25d73/ ctx=fc len=80
[tp] link_request dst=/6dee4caf17f87a1051504791002c8786/ ctx=00 hops=2
[tp] link_proof_tx dst=/6dee4caf17f87a1051504791002c8786/ link_id=/61a6720813ea998143ca7b5ca36d2642/
[tp] link_data dst=/61a6720813ea998143ca7b5ca36d2642/ ctx=fe len=64
[tp] link_data dst=/61a6720813ea998143ca7b5ca36d2642/ ctx=fb len=192
[link] data_plain len=128 preview=1b599a71ed6a929084c48c8f1ef3621f995f1fab242197d824024fb4f6f4d551
[tp] path_request dest=/13f265a4ff954ec4f28fd71185f73850/ iface=/d86e8112f3c4c4442126f8e9f44f1686/
[tp] link_request dst=/6dee4caf17f87a1051504791002c8786/ ctx=00 hops=1
[tp] link_proof_tx dst=/6dee4caf17f87a1051504791002c8786/ link_id=/b587b3a19cf674de68b3d1dc5556c2d2/
[tp] link_data dst=/b587b3a19cf674de68b3d1dc5556c2d2/ ctx=fe len=64
[tp] link_data dst=/b587b3a19cf674de68b3d1dc5556c2d2/ ctx=fb len=192
[link] data_plain len=128 preview=69d501e6cc31a4301060838e059a83ad1222dee5383b88a2a87c3d837c447343
[tp] link_data dst=/538571ff4274f5893156327ec0626f89/ ctx=06 len=96
[tp] link_data dst=/538571ff4274f5893156327ec0626f89/ ctx=fc len=80
[tp] path_request dest=/995cc3851347f138f51af73d182d5e1d/ iface=/d86e8112f3c4c4442126f8e9f44f1686/
[tp] path_request dest=/a3dfea289534e4b2d0f5730310eebd99/ iface=/d86e8112f3c4c4442126f8e9f44f1686/
[tp] link_data dst=/61a6720813ea998143ca7b5ca36d2642/ ctx=08 len=32
[tp] path_request dest=/e233d8d7e9c5f61419d45138ef0d90ff/ iface=/d86e8112f3c4c4442126f8e9f44f1686/
[tp] link_data dst=/96b165e46d1252445d2515f29d304e9e/ ctx=06 len=96
[tp] link_data dst=/96b165e46d1252445d2515f29d304e9e/ ctx=fc len=80
[tp] path_request dest=/13f265a4ff954ec4f28fd71185f73850/ iface=/d86e8112f3c4c4442126f8e9f44f1686/
[tp] path_request dest=/12cb1ed29943213839f0b0d18cd42761/ iface=/d86e8112f3c4c4442126f8e9f44f1686/
[tp] link_data dst=/bdd3954e06955de561d6aff2e0f6f5c4/ ctx=fa len=1
[tp] path_request dest=/e233d8d7e9c5f61419d45138ef0d90ff/ iface=/d86e8112f3c4c4442126f8e9f44f1686/
[tp] link_data dst=/bdd3954e06955de561d6aff2e0f6f5c4/ ctx=fc len=80
[tp] path_request dest=/b8bbfff472fe128873c9395a3ff8b353/ iface=/d86e8112f3c4c4442126f8e9f44f1686/
[tp] link_request dst=/6dee4caf17f87a1051504791002c8786/ ctx=00 hops=2
[tp] link_proof_tx dst=/6dee4caf17f87a1051504791002c8786/ link_id=/998ef3845f74a2fda3f102f9052cd64d/
[tp] link_data dst=/998ef3845f74a2fda3f102f9052cd64d/ ctx=fe len=64
[tp] link_data dst=/998ef3845f74a2fda3f102f9052cd64d/ ctx=fb len=192
[link] data_plain len=128 preview=3f8f84ffe6b68f168b03338be78519e42a3a446c0c19c2c6dfaaf906eba7f61d
[tp] path_request dest=/c5210cdf7fda275c7f978533ec4ece80/ iface=/d86e8112f3c4c4442126f8e9f44f1686/
[tp] link_data dst=/d2ac4bbfcb82bec35847a7e24a0a4870/ ctx=fa len=1
[tp] link_data dst=/b587b3a19cf674de68b3d1dc5556c2d2/ ctx=fa len=1
[tp] path_request dest=/13f265a4ff954ec4f28fd71185f73850/ iface=/d86e8112f3c4c4442126f8e9f44f1686/
[tp] path_request dest=/0ffa0968a18cb499c260e774cd3d9f28/ iface=/d86e8112f3c4c4442126f8e9f44f1686/
[tp] link_data dst=/d2ac4bbfcb82bec35847a7e24a0a4870/ ctx=fc len=80
[tp] link_data dst=/811e80e8aa0abef40983f61e751fb41b/ ctx=fa len=1
[tp] link_data dst=/811e80e8aa0abef40983f61e751fb41b/ ctx=fc len=80
[tp] path_request dest=/58681bf71893d092811b7b97b6f767cf/ iface=/d86e8112f3c4c4442126f8e9f44f1686/
[tp] link_request dst=/6dee4caf17f87a1051504791002c8786/ ctx=00 hops=2
[tp] link_proof_tx dst=/6dee4caf17f87a1051504791002c8786/ link_id=/c8f93d9e5c9fef5541a4505ac12d8163/
[tp] link_data dst=/c8f93d9e5c9fef5541a4505ac12d8163/ ctx=fe len=64
[tp] link_data dst=/c8f93d9e5c9fef5541a4505ac12d8163/ ctx=fb len=192
[link] data_plain len=128 preview=4913e1db3253c4f39555ffdfe8435b1baf2b5b7dfdbb6065f8ca81371cbd5b17
[tp] link_data dst=/c8f93d9e5c9fef5541a4505ac12d8163/ ctx=09 len=352
[link] data_plain len=302 preview=93cb41da6cc53fc7b5ecc41094fd9fd7b04a5caae5882616446bb9ef92c420d5
[tp] path_request dest=/a15f32cc809931cb4fcdf27adbe05aa6/ iface=/d86e8112f3c4c4442126f8e9f44f1686/
[tp] path_request dest=/12cb1ed29943213839f0b0d18cd42761/ iface=/d86e8112f3c4c4442126f8e9f44f1686/
[tp] path_request dest=/995cc3851347f138f51af73d182d5e1d/ iface=/d86e8112f3c4c4442126f8e9f44f1686/
[tp] path_request dest=/a3dfea289534e4b2d0f5730310eebd99/ iface=/d86e8112f3c4c4442126f8e9f44f1686/
[tp] link_data dst=/d81ef15ad5a4ad87d97c15dd3940049b/ ctx=fa len=1
[tp] path_request dest=/13f265a4ff954ec4f28fd71185f73850/ iface=/d86e8112f3c4c4442126f8e9f44f1686/
[tp] path_request dest=/58681bf71893d092811b7b97b6f767cf/ iface=/d86e8112f3c4c4442126f8e9f44f1686/
[tp] path_request dest=/c5210cdf7fda275c7f978533ec4ece80/ iface=/d86e8112f3c4c4442126f8e9f44f1686/
[tp] link_request dst=/6dee4caf17f87a1051504791002c8786/ ctx=00 hops=2
[tp] link_proof_tx dst=/6dee4caf17f87a1051504791002c8786/ link_id=/011ebd414e7af947ffbc498ae294df8c/
[tp] link_data dst=/011ebd414e7af947ffbc498ae294df8c/ ctx=fe len=64
[tp] link_data dst=/011ebd414e7af947ffbc498ae294df8c/ ctx=fb len=192
[link] data_plain len=128 preview=586528998cc5cb6f63d677614052350359a4eaac0310a30853a9bed5643f890d
[tp] link_data dst=/d81ef15ad5a4ad87d97c15dd3940049b/ ctx=06 len=96
[tp] link_data dst=/d81ef15ad5a4ad87d97c15dd3940049b/ ctx=fc len=80
[tp] link_request dst=/6dee4caf17f87a1051504791002c8786/ ctx=00 hops=2
[tp] link_proof_tx dst=/6dee4caf17f87a1051504791002c8786/ link_id=/42708f026b861d276d54c5ac0352831a/
[tp] link_data dst=/42708f026b861d276d54c5ac0352831a/ ctx=fe len=64
[tp] link_data dst=/42708f026b861d276d54c5ac0352831a/ ctx=fb len=192
[link] data_plain len=128 preview=35e65fe12a80ee3d00278ef932383927bd791670aa6a7f7a029c1a472045933f
[tp] link_data dst=/998ef3845f74a2fda3f102f9052cd64d/ ctx=fa len=1
[tp] path_request dest=/5145ebb9a76875bd92db68ba1973d652/ iface=/d86e8112f3c4c4442126f8e9f44f1686/
[tp] path_request dest=/b8bbfff472fe128873c9395a3ff8b353/ iface=/d86e8112f3c4c4442126f8e9f44f1686/
[tp] link_data dst=/b587b3a19cf674de68b3d1dc5556c2d2/ ctx=fa len=1
[tp] link_request dst=/6dee4caf17f87a1051504791002c8786/ ctx=00 hops=3
[tp] link_proof_tx dst=/6dee4caf17f87a1051504791002c8786/ link_id=/b24a2da924a1565a28b4954830a5b285/
[tp] link_data dst=/b24a2da924a1565a28b4954830a5b285/ ctx=fe len=64
[tp] link_data dst=/b24a2da924a1565a28b4954830a5b285/ ctx=fb len=192
[link] data_plain len=128 preview=b1d08b2315cf53c1efdf0a60cadf0ab72f82a691adf040c6b9990f393fcaaf53
[tp] link_data dst=/b587b3a19cf674de68b3d1dc5556c2d2/ ctx=fc len=80
[tp] link_data dst=/011ebd414e7af947ffbc498ae294df8c/ ctx=08 len=32
[tp] path_request dest=/13f265a4ff954ec4f28fd71185f73850/ iface=/d86e8112f3c4c4442126f8e9f44f1686/
[tp] path_request dest=/12cb1ed29943213839f0b0d18cd42761/ iface=/d86e8112f3c4c4442126f8e9f44f1686/
[tp] path_request dest=/a15f32cc809931cb4fcdf27adbe05aa6/ iface=/d86e8112f3c4c4442126f8e9f44f1686/
[tp] link_request dst=/6dee4caf17f87a1051504791002c8786/ ctx=00 hops=3
[tp] link_proof_tx dst=/6dee4caf17f87a1051504791002c8786/ link_id=/2f90024bdda56c8f396391dde4bbfcf1/
[tp] link_data dst=/2f90024bdda56c8f396391dde4bbfcf1/ ctx=fe len=64
[tp] link_data dst=/2f90024bdda56c8f396391dde4bbfcf1/ ctx=fb len=192
[link] data_plain len=128 preview=037a7857dfd539123ae67b4b07ff332d2bc3c151d0c8db5361e9cbbcf8519300
[tp] link_data dst=/c8f93d9e5c9fef5541a4505ac12d8163/ ctx=fa len=1
[tp] link_request dst=/6dee4caf17f87a1051504791002c8786/ ctx=00 hops=2
[tp] link_proof_tx dst=/6dee4caf17f87a1051504791002c8786/ link_id=/af591920de29cf0b3db6630f37317686/
[tp] link_request dst=/6dee4caf17f87a1051504791002c8786/ ctx=00 hops=2
[tp] link_proof_tx dst=/6dee4caf17f87a1051504791002c8786/ link_id=/115b83dd8ce2e786cbaa5cfd9942e988/
[tp] link_data dst=/af591920de29cf0b3db6630f37317686/ ctx=fe len=64
[tp] link_data dst=/af591920de29cf0b3db6630f37317686/ ctx=fb len=192
[link] data_plain len=128 preview=086def840ff0e656498ad1a760c4de7bc001c603809e441f7018d2e042a3ca4e
[tp] link_data dst=/115b83dd8ce2e786cbaa5cfd9942e988/ ctx=fe len=64
[tp] link_data dst=/115b83dd8ce2e786cbaa5cfd9942e988/ ctx=fb len=192
[link] data_plain len=128 preview=722fe51808e9a53c865100a3d27a9490d79d892a18343cef7df37d080fa80170
[tp] link_request dst=/6dee4caf17f87a1051504791002c8786/ ctx=00 hops=1
[tp] link_proof_tx dst=/6dee4caf17f87a1051504791002c8786/ link_id=/08e0378b5a3002ee8d2d144feba456c8/
[tp] link_data dst=/08e0378b5a3002ee8d2d144feba456c8/ ctx=fe len=64
[tp] link_data dst=/08e0378b5a3002ee8d2d144feba456c8/ ctx=fb len=192
[link] data_plain len=128 preview=69d501e6cc31a4301060838e059a83ad1222dee5383b88a2a87c3d837c447343
[tp] path_request dest=/58681bf71893d092811b7b97b6f767cf/ iface=/d86e8112f3c4c4442126f8e9f44f1686/
[tp] path_request dest=/13f265a4ff954ec4f28fd71185f73850/ iface=/d86e8112f3c4c4442126f8e9f44f1686/
[tp] link_data dst=/011ebd414e7af947ffbc498ae294df8c/ ctx=06 len=96
[tp] link_data dst=/011ebd414e7af947ffbc498ae294df8c/ ctx=fc len=80
[tp] path_request dest=/995cc3851347f138f51af73d182d5e1d/ iface=/d86e8112f3c4c4442126f8e9f44f1686/
[tp] path_request dest=/f8de3e21f2b92e8eb4bb505f1e1381c4/ iface=/d86e8112f3c4c4442126f8e9f44f1686/
[tp] path_request dest=/a3dfea289534e4b2d0f5730310eebd99/ iface=/d86e8112f3c4c4442126f8e9f44f1686/
[tp] link_data dst=/61a6720813ea998143ca7b5ca36d2642/ ctx=06 len=96
[tp] link_data dst=/61a6720813ea998143ca7b5ca36d2642/ ctx=fc len=80
[tp] link_request dst=/6dee4caf17f87a1051504791002c8786/ ctx=00 hops=2
[tp] link_proof_tx dst=/6dee4caf17f87a1051504791002c8786/ link_id=/fb9753d3bd9e6e708abf9afa16f7e8ae/
[tp] path_request dest=/a15f32cc809931cb4fcdf27adbe05aa6/ iface=/d86e8112f3c4c4442126f8e9f44f1686/
[tp] link_data dst=/115b83dd8ce2e786cbaa5cfd9942e988/ ctx=08 len=32
[tp] link_data dst=/998ef3845f74a2fda3f102f9052cd64d/ ctx=fa len=1
[tp] path_request dest=/e233d8d7e9c5f61419d45138ef0d90ff/ iface=/d86e8112f3c4c4442126f8e9f44f1686/
[tp] path_request dest=/b8bbfff472fe128873c9395a3ff8b353/ iface=/d86e8112f3c4c4442126f8e9f44f1686/
[tp] link_data dst=/998ef3845f74a2fda3f102f9052cd64d/ ctx=fc len=80
[tp] path_request dest=/12cb1ed29943213839f0b0d18cd42761/ iface=/d86e8112f3c4c4442126f8e9f44f1686/
[tp] path_request dest=/0afd2d4541ff8c768f8015a3c76971be/ iface=/d86e8112f3c4c4442126f8e9f44f1686/
[tp] path_request dest=/47b6cea814d9ca40bb0cadad2139625a/ iface=/d86e8112f3c4c4442126f8e9f44f1686/
[tp] path_request dest=/e233d8d7e9c5f61419d45138ef0d90ff/ iface=/d86e8112f3c4c4442126f8e9f44f1686/
[tp] path_request dest=/0ffa0968a18cb499c260e774cd3d9f28/ iface=/d86e8112f3c4c4442126f8e9f44f1686/
[tp] link_data dst=/08e0378b5a3002ee8d2d144feba456c8/ ctx=fa len=1
[tp] link_data dst=/115b83dd8ce2e786cbaa5cfd9942e988/ ctx=06 len=96
[tp] link_data dst=/115b83dd8ce2e786cbaa5cfd9942e988/ ctx=fc len=80
[tp] link_data dst=/42708f026b861d276d54c5ac0352831a/ ctx=fa len=1
[tp] link_data dst=/c8f93d9e5c9fef5541a4505ac12d8163/ ctx=fa len=1
[tp] path_request dest=/12cb1ed29943213839f0b0d18cd42761/ iface=/d86e8112f3c4c4442126f8e9f44f1686/
[tp] link_data dst=/c8f93d9e5c9fef5541a4505ac12d8163/ ctx=fc len=80
[tp] link_data dst=/b24a2da924a1565a28b4954830a5b285/ ctx=fa len=1
[tp] link_data dst=/42708f026b861d276d54c5ac0352831a/ ctx=06 len=96
[tp] link_data dst=/42708f026b861d276d54c5ac0352831a/ ctx=fc len=80
[tp] path_request dest=/e233d8d7e9c5f61419d45138ef0d90ff/ iface=/d86e8112f3c4c4442126f8e9f44f1686/
[tp] path_request dest=/b8bbfff472fe128873c9395a3ff8b353/ iface=/d86e8112f3c4c4442126f8e9f44f1686/
[tp] path_request dest=/995cc3851347f138f51af73d182d5e1d/ iface=/d86e8112f3c4c4442126f8e9f44f1686/
[tp] link_data dst=/2f90024bdda56c8f396391dde4bbfcf1/ ctx=fa len=1
[tp] path_request dest=/a3dfea289534e4b2d0f5730310eebd99/ iface=/d86e8112f3c4c4442126f8e9f44f1686/
[tp] link_request dst=/6dee4caf17f87a1051504791002c8786/ ctx=00 hops=2
[tp] link_proof_tx dst=/6dee4caf17f87a1051504791002c8786/ link_id=/78af2c9c4dc2087565bc5aeca3cdbf46/
[tp] link_data dst=/78af2c9c4dc2087565bc5aeca3cdbf46/ ctx=fe len=64
[tp] link_data dst=/78af2c9c4dc2087565bc5aeca3cdbf46/ ctx=fb len=192
[link] data_plain len=128 preview=4913e1db3253c4f39555ffdfe8435b1baf2b5b7dfdbb6065f8ca81371cbd5b17
[tp] link_data dst=/78af2c9c4dc2087565bc5aeca3cdbf46/ ctx=09 len=352
[link] data_plain len=302 preview=93cb41da6cc56aede4ccc41094fd9fd7b04a5caae5882616446bb9ef92c420d5
[tp] link_request dst=/6dee4caf17f87a1051504791002c8786/ ctx=00 hops=3
[tp] link_proof_tx dst=/6dee4caf17f87a1051504791002c8786/ link_id=/126eb05e95b4087dab768fecb73bf6ad/
[tp] link_data dst=/126eb05e95b4087dab768fecb73bf6ad/ ctx=fe len=64
[tp] link_data dst=/126eb05e95b4087dab768fecb73bf6ad/ ctx=fb len=192
[link] data_plain len=128 preview=caeb241290061ad1380b094471a8ab92b78aeb000a7b67d3c3af96b3825f2026
[tp] link_data dst=/08e0378b5a3002ee8d2d144feba456c8/ ctx=fa len=1
[tp] link_data dst=/126eb05e95b4087dab768fecb73bf6ad/ ctx=08 len=32
[tp] link_data dst=/08e0378b5a3002ee8d2d144feba456c8/ ctx=fc len=80
[tp] path_request dest=/12cb1ed29943213839f0b0d18cd42761/ iface=/d86e8112f3c4c4442126f8e9f44f1686/
[tp] path_request dest=/0ffa0968a18cb499c260e774cd3d9f28/ iface=/d86e8112f3c4c4442126f8e9f44f1686/
[tp] link_request dst=/6dee4caf17f87a1051504791002c8786/ ctx=00 hops=2
[tp] link_proof_tx dst=/6dee4caf17f87a1051504791002c8786/ link_id=/5f58497ce8273662996d90bcdd531894/
[tp] path_request dest=/58681bf71893d092811b7b97b6f767cf/ iface=/d86e8112f3c4c4442126f8e9f44f1686/
[tp] link_data dst=/5f58497ce8273662996d90bcdd531894/ ctx=fe len=64
[tp] link_data dst=/5f58497ce8273662996d90bcdd531894/ ctx=fb len=192
[link] data_plain len=128 preview=35e65fe12a80ee3d00278ef932383927bd791670aa6a7f7a029c1a472045933f
[tp] link_data dst=/af591920de29cf0b3db6630f37317686/ ctx=fa len=1
[tp] path_request dest=/b8bbfff472fe128873c9395a3ff8b353/ iface=/d86e8112f3c4c4442126f8e9f44f1686/
[tp] link_request dst=/6dee4caf17f87a1051504791002c8786/ ctx=00 hops=2
[tp] link_proof_tx dst=/6dee4caf17f87a1051504791002c8786/ link_id=/d54edccf225e225a87112e87bf244a2a/
[tp] link_data dst=/d54edccf225e225a87112e87bf244a2a/ ctx=fe len=64
[tp] link_data dst=/d54edccf225e225a87112e87bf244a2a/ ctx=fb len=192
[link] data_plain len=128 preview=c757c88946ae81f0974a33437ab209bac39469edc778f04bc7c155cdb8ea1441
[tp] link_request dst=/6dee4caf17f87a1051504791002c8786/ ctx=00 hops=2
[tp] link_proof_tx dst=/6dee4caf17f87a1051504791002c8786/ link_id=/c30eddea3d1743b49f73b15556aeb24f/
[tp] link_data dst=/c30eddea3d1743b49f73b15556aeb24f/ ctx=fe len=64
[tp] link_data dst=/c30eddea3d1743b49f73b15556aeb24f/ ctx=fb len=192
[link] data_plain len=128 preview=110f3e3a6c3313c98373133edc3b5ebd7dc3c7c9c2669240e36e1152654b325b
[tp] link_data dst=/126eb05e95b4087dab768fecb73bf6ad/ ctx=06 len=96
[tp] link_data dst=/126eb05e95b4087dab768fecb73bf6ad/ ctx=fc len=80
[tp] path_request dest=/995cc3851347f138f51af73d182d5e1d/ iface=/d86e8112f3c4c4442126f8e9f44f1686/
[tp] path_request dest=/a3dfea289534e4b2d0f5730310eebd99/ iface=/d86e8112f3c4c4442126f8e9f44f1686/
[tp] link_data dst=/d54edccf225e225a87112e87bf244a2a/ ctx=08 len=32
[tp] path_request dest=/12cb1ed29943213839f0b0d18cd42761/ iface=/d86e8112f3c4c4442126f8e9f44f1686/
[tp] link_request dst=/6dee4caf17f87a1051504791002c8786/ ctx=00 hops=1
[tp] link_proof_tx dst=/6dee4caf17f87a1051504791002c8786/ link_id=/1ff032f22db8cc726292ce346c766fc1/
[tp] link_data dst=/1ff032f22db8cc726292ce346c766fc1/ ctx=fe len=64
[tp] link_data dst=/1ff032f22db8cc726292ce346c766fc1/ ctx=fb len=192
[link] data_plain len=128 preview=69d501e6cc31a4301060838e059a83ad1222dee5383b88a2a87c3d837c447343
[tp] link_request dst=/6dee4caf17f87a1051504791002c8786/ ctx=00 hops=3
[tp] link_proof_tx dst=/6dee4caf17f87a1051504791002c8786/ link_id=/ee4064d99c1fd9604fa9ec32ff2b2eb5/
[tp] link_data dst=/ee4064d99c1fd9604fa9ec32ff2b2eb5/ ctx=fe len=64
[tp] link_data dst=/ee4064d99c1fd9604fa9ec32ff2b2eb5/ ctx=fb len=192
[link] data_plain len=128 preview=caeb241290061ad1380b094471a8ab92b78aeb000a7b67d3c3af96b3825f2026
[tp] path_request dest=/b18bb3d4ac56c99c5ee4791d79496ca2/ iface=/d86e8112f3c4c4442126f8e9f44f1686/
[tp] path_request dest=/e233d8d7e9c5f61419d45138ef0d90ff/ iface=/d86e8112f3c4c4442126f8e9f44f1686/
[tp] link_data dst=/78af2c9c4dc2087565bc5aeca3cdbf46/ ctx=fa len=1
[tp] path_request dest=/379f204da5a77a6c340f6fae26097054/ iface=/d86e8112f3c4c4442126f8e9f44f1686/
[tp] path_request dest=/c5210cdf7fda275c7f978533ec4ece80/ iface=/d86e8112f3c4c4442126f8e9f44f1686/
[tp] link_data dst=/b24a2da924a1565a28b4954830a5b285/ ctx=fa len=1
[tp] link_data dst=/1ff032f22db8cc726292ce346c766fc1/ ctx=08 len=32
[tp] link_data dst=/ee4064d99c1fd9604fa9ec32ff2b2eb5/ ctx=08 len=32
[tp] link_data dst=/b24a2da924a1565a28b4954830a5b285/ ctx=fc len=80
[tp] link_data dst=/2f90024bdda56c8f396391dde4bbfcf1/ ctx=fa len=1
[tp] link_request dst=/6dee4caf17f87a1051504791002c8786/ ctx=00 hops=2
[tp] link_proof_tx dst=/6dee4caf17f87a1051504791002c8786/ link_id=/b406089e42a576feff0f3cdb2fd5d69d/
[tp] link_data dst=/b406089e42a576feff0f3cdb2fd5d69d/ ctx=fe len=64
[tp] link_data dst=/b406089e42a576feff0f3cdb2fd5d69d/ ctx=fb len=192
[link] data_plain len=128 preview=722fe51808e9a53c865100a3d27a9490d79d892a18343cef7df37d080fa80170
[tp] link_data dst=/d54edccf225e225a87112e87bf244a2a/ ctx=06 len=96
[tp] link_data dst=/d54edccf225e225a87112e87bf244a2a/ ctx=fc len=80
[tp] link_data dst=/2f90024bdda56c8f396391dde4bbfcf1/ ctx=fc len=80
[tp] link_request dst=/6dee4caf17f87a1051504791002c8786/ ctx=00 hops=3
[tp] link_proof_tx dst=/6dee4caf17f87a1051504791002c8786/ link_id=/00c48b7a28a0f815d05865455e540f02/
[tp] path_request dest=/b8bbfff472fe128873c9395a3ff8b353/ iface=/d86e8112f3c4c4442126f8e9f44f1686/
[tp] link_data dst=/00c48b7a28a0f815d05865455e540f02/ ctx=fe len=64
[tp] link_data dst=/00c48b7a28a0f815d05865455e540f02/ ctx=fb len=192
[link] data_plain len=128 preview=b1d08b2315cf53c1efdf0a60cadf0ab72f82a691adf040c6b9990f393fcaaf53
[tp] path_request dest=/12cb1ed29943213839f0b0d18cd42761/ iface=/d86e8112f3c4c4442126f8e9f44f1686/
[tp] link_data dst=/5f58497ce8273662996d90bcdd531894/ ctx=fa len=1
[tp] link_data dst=/b406089e42a576feff0f3cdb2fd5d69d/ ctx=08 len=32
[tp] path_request dest=/61b559b610b8c1d973ef42023d459eed/ iface=/d86e8112f3c4c4442126f8e9f44f1686/
[tp] link_data dst=/1ff032f22db8cc726292ce346c766fc1/ ctx=06 len=96
[tp] link_data dst=/1ff032f22db8cc726292ce346c766fc1/ ctx=fc len=80
[tp] link_data dst=/ee4064d99c1fd9604fa9ec32ff2b2eb5/ ctx=06 len=96
[tp] link_data dst=/ee4064d99c1fd9604fa9ec32ff2b2eb5/ ctx=fc len=80
[tp] path_request dest=/b18bb3d4ac56c99c5ee4791d79496ca2/ iface=/d86e8112f3c4c4442126f8e9f44f1686/
[tp] path_request dest=/e233d8d7e9c5f61419d45138ef0d90ff/ iface=/d86e8112f3c4c4442126f8e9f44f1686/
[tp] path_request dest=/e792a1b9b43cc8b95d12ecd2d1d3e8b2/ iface=/d86e8112f3c4c4442126f8e9f44f1686/
[tp] path_request dest=/995cc3851347f138f51af73d182d5e1d/ iface=/d86e8112f3c4c4442126f8e9f44f1686/
[tp] link_request dst=/6dee4caf17f87a1051504791002c8786/ ctx=00 hops=3
[tp] link_proof_tx dst=/6dee4caf17f87a1051504791002c8786/ link_id=/9b763e788b1186e27db87cc1025129a2/
[tp] path_request dest=/a3dfea289534e4b2d0f5730310eebd99/ iface=/d86e8112f3c4c4442126f8e9f44f1686/
[tp] link_data dst=/9b763e788b1186e27db87cc1025129a2/ ctx=fe len=64
[tp] link_data dst=/9b763e788b1186e27db87cc1025129a2/ ctx=fb len=192
[link] data_plain len=128 preview=037a7857dfd539123ae67b4b07ff332d2bc3c151d0c8db5361e9cbbcf8519300
[tp] path_request dest=/b4508c693ae1ddc6a0d472977be93bfc/ iface=/d86e8112f3c4c4442126f8e9f44f1686/
[tp] link_request dst=/6dee4caf17f87a1051504791002c8786/ ctx=00 hops=2
[tp] link_proof_tx dst=/6dee4caf17f87a1051504791002c8786/ link_id=/d06825dfd48e40c22a2bcbc0a7c6b97e/
[tp] link_data dst=/d06825dfd48e40c22a2bcbc0a7c6b97e/ ctx=fe len=64
[tp] link_data dst=/d06825dfd48e40c22a2bcbc0a7c6b97e/ ctx=fb len=192
[link] data_plain len=128 preview=c757c88946ae81f0974a33437ab209bac39469edc778f04bc7c155cdb8ea1441
[tp] link_data dst=/af591920de29cf0b3db6630f37317686/ ctx=fa len=1
[tp] link_request dst=/6dee4caf17f87a1051504791002c8786/ ctx=00 hops=3
[tp] link_proof_tx dst=/6dee4caf17f87a1051504791002c8786/ link_id=/4982d1cf92800cd34b5d1eb06f569f9d/
[tp] link_data dst=/4982d1cf92800cd34b5d1eb06f569f9d/ ctx=fe len=64
[tp] link_data dst=/4982d1cf92800cd34b5d1eb06f569f9d/ ctx=fb len=192
[link] data_plain len=128 preview=caeb241290061ad1380b094471a8ab92b78aeb000a7b67d3c3af96b3825f2026
[tp] link_data dst=/af591920de29cf0b3db6630f37317686/ ctx=fc len=80
[tp] link_data dst=/b406089e42a576feff0f3cdb2fd5d69d/ ctx=06 len=96
[tp] link_data dst=/b406089e42a576feff0f3cdb2fd5d69d/ ctx=fc len=80
[tp] link_request dst=/6dee4caf17f87a1051504791002c8786/ ctx=00 hops=2
[tp] link_proof_tx dst=/6dee4caf17f87a1051504791002c8786/ link_id=/808ba2af83826ac9a998ec6592227d10/
[tp] link_data dst=/808ba2af83826ac9a998ec6592227d10/ ctx=fe len=64
[tp] link_data dst=/808ba2af83826ac9a998ec6592227d10/ ctx=fb len=192
[link] data_plain len=128 preview=3f8f84ffe6b68f168b03338be78519e42a3a446c0c19c2c6dfaaf906eba7f61d
[tp] link_data dst=/78af2c9c4dc2087565bc5aeca3cdbf46/ ctx=fa len=1
[tp] path_request dest=/12cb1ed29943213839f0b0d18cd42761/ iface=/d86e8112f3c4c4442126f8e9f44f1686/
[tp] link_data dst=/5f58497ce8273662996d90bcdd531894/ ctx=06 len=96
[tp] link_data dst=/5f58497ce8273662996d90bcdd531894/ ctx=fc len=80
[tp] link_data dst=/78af2c9c4dc2087565bc5aeca3cdbf46/ ctx=fc len=80
[tp] link_request dst=/6dee4caf17f87a1051504791002c8786/ ctx=00 hops=2
[tp] link_proof_tx dst=/6dee4caf17f87a1051504791002c8786/ link_id=/ec963c73881d84a6e4614a762aefa09b/
[tp] link_data dst=/ec963c73881d84a6e4614a762aefa09b/ ctx=fe len=64
[tp] link_data dst=/ec963c73881d84a6e4614a762aefa09b/ ctx=fb len=192
[link] data_plain len=128 preview=35e65fe12a80ee3d00278ef932383927bd791670aa6a7f7a029c1a472045933f
[tp] link_request dst=/6dee4caf17f87a1051504791002c8786/ ctx=00 hops=3
[tp] link_proof_tx dst=/6dee4caf17f87a1051504791002c8786/ link_id=/52b1be3550b469f451c7befbe3188305/
[tp] link_data dst=/52b1be3550b469f451c7befbe3188305/ ctx=fe len=64
[tp] link_data dst=/52b1be3550b469f451c7befbe3188305/ ctx=fb len=192
[link] data_plain len=128 preview=cbd4a6d311ba97b671bd75d501e048cad1f23eba47622f0bde8eed57b0d56814
[tp] path_request dest=/b18bb3d4ac56c99c5ee4791d79496ca2/ iface=/d86e8112f3c4c4442126f8e9f44f1686/
[tp] path_request dest=/e233d8d7e9c5f61419d45138ef0d90ff/ iface=/d86e8112f3c4c4442126f8e9f44f1686/
[tp] link_data dst=/d06825dfd48e40c22a2bcbc0a7c6b97e/ ctx=08 len=32
[tp] path_request dest=/e792a1b9b43cc8b95d12ecd2d1d3e8b2/ iface=/d86e8112f3c4c4442126f8e9f44f1686/
[tp] path_request dest=/b8bbfff472fe128873c9395a3ff8b353/ iface=/d86e8112f3c4c4442126f8e9f44f1686/
[tp] link_data dst=/4982d1cf92800cd34b5d1eb06f569f9d/ ctx=08 len=32
[tp] link_data dst=/52b1be3550b469f451c7befbe3188305/ ctx=08 len=32
[tp] link_request dst=/6dee4caf17f87a1051504791002c8786/ ctx=00 hops=2
[tp] link_proof_tx dst=/6dee4caf17f87a1051504791002c8786/ link_id=/cfcfcec31b101a06163ba782b7c2af93/
[tp] link_data dst=/cfcfcec31b101a06163ba782b7c2af93/ ctx=fe len=64
[tp] link_data dst=/cfcfcec31b101a06163ba782b7c2af93/ ctx=fb len=192
[link] data_plain len=128 preview=722fe51808e9a53c865100a3d27a9490d79d892a18343cef7df37d080fa80170
[tp] path_request dest=/b18bb3d4ac56c99c5ee4791d79496ca2/ iface=/d86e8112f3c4c4442126f8e9f44f1686/
[tp] path_request dest=/e233d8d7e9c5f61419d45138ef0d90ff/ iface=/d86e8112f3c4c4442126f8e9f44f1686/
[tp] path_request dest=/e792a1b9b43cc8b95d12ecd2d1d3e8b2/ iface=/d86e8112f3c4c4442126f8e9f44f1686/
[tp] link_data dst=/d06825dfd48e40c22a2bcbc0a7c6b97e/ ctx=06 len=96
[tp] link_data dst=/d06825dfd48e40c22a2bcbc0a7c6b97e/ ctx=fc len=80
[tp] link_data dst=/4982d1cf92800cd34b5d1eb06f569f9d/ ctx=06 len=96
[tp] link_data dst=/4982d1cf92800cd34b5d1eb06f569f9d/ ctx=fc len=80
[tp] link_data dst=/00c48b7a28a0f815d05865455e540f02/ ctx=fa len=1
[tp] link_data dst=/cfcfcec31b101a06163ba782b7c2af93/ ctx=08 len=32
[tp] path_request dest=/995cc3851347f138f51af73d182d5e1d/ iface=/d86e8112f3c4c4442126f8e9f44f1686/
[tp] path_request dest=/12cb1ed29943213839f0b0d18cd42761/ iface=/d86e8112f3c4c4442126f8e9f44f1686/
[tp] link_request dst=/6dee4caf17f87a1051504791002c8786/ ctx=00 hops=2
[tp] link_proof_tx dst=/6dee4caf17f87a1051504791002c8786/ link_id=/782c2e6c0dd9ec1d46b7067c94e839fc/
[tp] path_request dest=/a3dfea289534e4b2d0f5730310eebd99/ iface=/d86e8112f3c4c4442126f8e9f44f1686/
[tp] link_data dst=/782c2e6c0dd9ec1d46b7067c94e839fc/ ctx=fe len=64
[tp] link_data dst=/782c2e6c0dd9ec1d46b7067c94e839fc/ ctx=fb len=192
[link] data_plain len=128 preview=4913e1db3253c4f39555ffdfe8435b1baf2b5b7dfdbb6065f8ca81371cbd5b17
[tp] path_request dest=/208fe458f2080d7d1a9a545ad3106ccf/ iface=/d86e8112f3c4c4442126f8e9f44f1686/
[tp] link_data dst=/52b1be3550b469f451c7befbe3188305/ ctx=06 len=96
[tp] link_data dst=/52b1be3550b469f451c7befbe3188305/ ctx=fc len=80
[tp] path_request dest=/b8bbfff472fe128873c9395a3ff8b353/ iface=/d86e8112f3c4c4442126f8e9f44f1686/
[tp] path_request dest=/e36c13fd857732740ed3421a512e06aa/ iface=/d86e8112f3c4c4442126f8e9f44f1686/
[tp] path_request dest=/0ffa0968a18cb499c260e774cd3d9f28/ iface=/d86e8112f3c4c4442126f8e9f44f1686/
[tp] link_data dst=/ec963c73881d84a6e4614a762aefa09b/ ctx=fa len=1
[tp] link_data dst=/cfcfcec31b101a06163ba782b7c2af93/ ctx=06 len=96
[tp] link_data dst=/cfcfcec31b101a06163ba782b7c2af93/ ctx=fc len=80
[tp] path_request dest=/12cb1ed29943213839f0b0d18cd42761/ iface=/d86e8112f3c4c4442126f8e9f44f1686/
[tp] link_data dst=/9b763e788b1186e27db87cc1025129a2/ ctx=fa len=1
[tp] path_request dest=/b18bb3d4ac56c99c5ee4791d79496ca2/ iface=/d86e8112f3c4c4442126f8e9f44f1686/
[tp] path_request dest=/e233d8d7e9c5f61419d45138ef0d90ff/ iface=/d86e8112f3c4c4442126f8e9f44f1686/
[tp] link_data dst=/808ba2af83826ac9a998ec6592227d10/ ctx=fa len=1
[tp] path_request dest=/4447b200737e3fead7d054e5fc58e081/ iface=/d86e8112f3c4c4442126f8e9f44f1686/
[tp] path_request dest=/58681bf71893d092811b7b97b6f767cf/ iface=/d86e8112f3c4c4442126f8e9f44f1686/
[tp] link_request dst=/6dee4caf17f87a1051504791002c8786/ ctx=00 hops=2
[tp] link_proof_tx dst=/6dee4caf17f87a1051504791002c8786/ link_id=/78a6e5d35d19e86a1ae0741b51a2c36b/
[tp] link_data dst=/78a6e5d35d19e86a1ae0741b51a2c36b/ ctx=fe len=64
[tp] link_data dst=/78a6e5d35d19e86a1ae0741b51a2c36b/ ctx=fb len=192
[link] data_plain len=128 preview=722fe51808e9a53c865100a3d27a9490d79d892a18343cef7df37d080fa80170
[tp] link_request dst=/6dee4caf17f87a1051504791002c8786/ ctx=00 hops=1
[tp] link_proof_tx dst=/6dee4caf17f87a1051504791002c8786/ link_id=/385c2fbd5aabb5eb80b67f2e4bdd229d/
[tp] link_data dst=/385c2fbd5aabb5eb80b67f2e4bdd229d/ ctx=fe len=64
[tp] link_data dst=/385c2fbd5aabb5eb80b67f2e4bdd229d/ ctx=fb len=192
[link] data_plain len=128 preview=69d501e6cc31a4301060838e059a83ad1222dee5383b88a2a87c3d837c447343
[tp] path_request dest=/2acf71fea3b4bbd50fb51766b1fe10ab/ iface=/d86e8112f3c4c4442126f8e9f44f1686/
[tp] link_request dst=/6dee4caf17f87a1051504791002c8786/ ctx=00 hops=3
[tp] link_proof_tx dst=/6dee4caf17f87a1051504791002c8786/ link_id=/679d5818047ac35b26e7aa6860e9c6b5/
[tp] link_data dst=/679d5818047ac35b26e7aa6860e9c6b5/ ctx=fe len=64
[tp] link_data dst=/679d5818047ac35b26e7aa6860e9c6b5/ ctx=fb len=192
[link] data_plain len=128 preview=caeb241290061ad1380b094471a8ab92b78aeb000a7b67d3c3af96b3825f2026
[tp] link_request dst=/6dee4caf17f87a1051504791002c8786/ ctx=00 hops=2
[tp] link_proof_tx dst=/6dee4caf17f87a1051504791002c8786/ link_id=/a2c20d2e5a2b52a8c2a18c92af7d4755/
[tp] link_data dst=/a2c20d2e5a2b52a8c2a18c92af7d4755/ ctx=fe len=64
[tp] link_data dst=/a2c20d2e5a2b52a8c2a18c92af7d4755/ ctx=fb len=192
[link] data_plain len=128 preview=c757c88946ae81f0974a33437ab209bac39469edc778f04bc7c155cdb8ea1441
[tp] link_data dst=/c30eddea3d1743b49f73b15556aeb24f/ ctx=fa len=1
[tp] link_data dst=/ec963c73881d84a6e4614a762aefa09b/ ctx=06 len=96
[tp] link_data dst=/ec963c73881d84a6e4614a762aefa09b/ ctx=fc len=80
[tp] link_data dst=/78a6e5d35d19e86a1ae0741b51a2c36b/ ctx=08 len=32
[tp] path_request dest=/47b6cea814d9ca40bb0cadad2139625a/ iface=/d86e8112f3c4c4442126f8e9f44f1686/
[tp] path_request dest=/e233d8d7e9c5f61419d45138ef0d90ff/ iface=/d86e8112f3c4c4442126f8e9f44f1686/
[tp] link_data dst=/385c2fbd5aabb5eb80b67f2e4bdd229d/ ctx=08 len=32
[tp] path_request dest=/b8bbfff472fe128873c9395a3ff8b353/ iface=/d86e8112f3c4c4442126f8e9f44f1686/
[tp] link_data dst=/782c2e6c0dd9ec1d46b7067c94e839fc/ ctx=fa len=1
[tp] link_data dst=/c30eddea3d1743b49f73b15556aeb24f/ ctx=fa len=1
[tp] link_data dst=/c30eddea3d1743b49f73b15556aeb24f/ ctx=fc len=80
[tp] path_request dest=/a3dfea289534e4b2d0f5730310eebd99/ iface=/d86e8112f3c4c4442126f8e9f44f1686/
[tp] link_request dst=/6dee4caf17f87a1051504791002c8786/ ctx=00 hops=2
[tp] link_proof_tx dst=/6dee4caf17f87a1051504791002c8786/ link_id=/ce079710b17ab2d772be856632b22838/
[tp] link_data dst=/679d5818047ac35b26e7aa6860e9c6b5/ ctx=08 len=32
[tp] path_request dest=/12cb1ed29943213839f0b0d18cd42761/ iface=/d86e8112f3c4c4442126f8e9f44f1686/
[tp] link_data dst=/a2c20d2e5a2b52a8c2a18c92af7d4755/ ctx=08 len=32
[tp] link_data dst=/00c48b7a28a0f815d05865455e540f02/ ctx=fa len=1
[tp] path_request dest=/995cc3851347f138f51af73d182d5e1d/ iface=/d86e8112f3c4c4442126f8e9f44f1686/
[tp] link_request dst=/6dee4caf17f87a1051504791002c8786/ ctx=00 hops=3
[tp] link_proof_tx dst=/6dee4caf17f87a1051504791002c8786/ link_id=/42dc9731c14788d06fc5f902ccd98f97/
[tp] link_data dst=/42dc9731c14788d06fc5f902ccd98f97/ ctx=fe len=64
[tp] link_data dst=/42dc9731c14788d06fc5f902ccd98f97/ ctx=fb len=192
[link] data_plain len=128 preview=cbd4a6d311ba97b671bd75d501e048cad1f23eba47622f0bde8eed57b0d56814
[tp] link_data dst=/00c48b7a28a0f815d05865455e540f02/ ctx=fc len=80
[tp] link_request dst=/6dee4caf17f87a1051504791002c8786/ ctx=00 hops=2
[tp] link_proof_tx dst=/6dee4caf17f87a1051504791002c8786/ link_id=/1e8d7408c05aa48dbf31d200604e1555/
[tp] link_data dst=/1e8d7408c05aa48dbf31d200604e1555/ ctx=fe len=64
[tp] link_data dst=/1e8d7408c05aa48dbf31d200604e1555/ ctx=fb len=192
[link] data_plain len=128 preview=35e65fe12a80ee3d00278ef932383927bd791670aa6a7f7a029c1a472045933f
[tp] path_request dest=/e233d8d7e9c5f61419d45138ef0d90ff/ iface=/d86e8112f3c4c4442126f8e9f44f1686/
[tp] link_data dst=/78a6e5d35d19e86a1ae0741b51a2c36b/ ctx=06 len=96
[tp] link_data dst=/78a6e5d35d19e86a1ae0741b51a2c36b/ ctx=fc len=80
[tp] link_data dst=/385c2fbd5aabb5eb80b67f2e4bdd229d/ ctx=06 len=96
[tp] link_data dst=/385c2fbd5aabb5eb80b67f2e4bdd229d/ ctx=fc len=80
[tp] path_request dest=/f8de3e21f2b92e8eb4bb505f1e1381c4/ iface=/d86e8112f3c4c4442126f8e9f44f1686/
[tp] link_data dst=/42dc9731c14788d06fc5f902ccd98f97/ ctx=08 len=32
[tp] path_request dest=/47b6cea814d9ca40bb0cadad2139625a/ iface=/d86e8112f3c4c4442126f8e9f44f1686/
[tp] link_data dst=/679d5818047ac35b26e7aa6860e9c6b5/ ctx=06 len=96
[tp] link_data dst=/679d5818047ac35b26e7aa6860e9c6b5/ ctx=fc len=80
[tp] path_request dest=/61b559b610b8c1d973ef42023d459eed/ iface=/d86e8112f3c4c4442126f8e9f44f1686/
[tp] path_request dest=/e792a1b9b43cc8b95d12ecd2d1d3e8b2/ iface=/d86e8112f3c4c4442126f8e9f44f1686/
[tp] link_request dst=/6dee4caf17f87a1051504791002c8786/ ctx=00 hops=2
[tp] link_proof_tx dst=/6dee4caf17f87a1051504791002c8786/ link_id=/518257562ad4affa40671561760ef4f2/
[tp] link_data dst=/518257562ad4affa40671561760ef4f2/ ctx=fe len=64
[tp] link_data dst=/518257562ad4affa40671561760ef4f2/ ctx=fb len=192
[link] data_plain len=128 preview=086def840ff0e656498ad1a760c4de7bc001c603809e441f7018d2e042a3ca4e
[tp] path_request dest=/12cb1ed29943213839f0b0d18cd42761/ iface=/d86e8112f3c4c4442126f8e9f44f1686/
[tp] path_request dest=/b8bbfff472fe128873c9395a3ff8b353/ iface=/d86e8112f3c4c4442126f8e9f44f1686/
[tp] link_data dst=/a2c20d2e5a2b52a8c2a18c92af7d4755/ ctx=06 len=96
[tp] link_data dst=/a2c20d2e5a2b52a8c2a18c92af7d4755/ ctx=fc len=80
[tp] path_request dest=/58681bf71893d092811b7b97b6f767cf/ iface=/d86e8112f3c4c4442126f8e9f44f1686/
[tp] path_request dest=/b18bb3d4ac56c99c5ee4791d79496ca2/ iface=/d86e8112f3c4c4442126f8e9f44f1686/
[tp] link_data dst=/808ba2af83826ac9a998ec6592227d10/ ctx=fa len=1
[tp] link_data dst=/9b763e788b1186e27db87cc1025129a2/ ctx=fa len=1
[tp] link_request dst=/6dee4caf17f87a1051504791002c8786/ ctx=00 hops=1
[tp] link_proof_tx dst=/6dee4caf17f87a1051504791002c8786/ link_id=/81c9f62e20c82125f45ae17d7f3783b2/
[tp] link_data dst=/81c9f62e20c82125f45ae17d7f3783b2/ ctx=fe len=64
[tp] link_data dst=/81c9f62e20c82125f45ae17d7f3783b2/ ctx=fb len=192
[link] data_plain len=128 preview=69d501e6cc31a4301060838e059a83ad1222dee5383b88a2a87c3d837c447343
[tp] link_data dst=/782c2e6c0dd9ec1d46b7067c94e839fc/ ctx=fa len=1
[tp] link_data dst=/808ba2af83826ac9a998ec6592227d10/ ctx=fc len=80
[tp] link_data dst=/9b763e788b1186e27db87cc1025129a2/ ctx=fc len=80
[tp] path_request dest=/995cc3851347f138f51af73d182d5e1d/ iface=/d86e8112f3c4c4442126f8e9f44f1686/
[tp] path_request dest=/a3dfea289534e4b2d0f5730310eebd99/ iface=/d86e8112f3c4c4442126f8e9f44f1686/
[tp] link_data dst=/782c2e6c0dd9ec1d46b7067c94e839fc/ ctx=fc len=80
[tp] link_request dst=/6dee4caf17f87a1051504791002c8786/ ctx=00 hops=3
[tp] link_proof_tx dst=/6dee4caf17f87a1051504791002c8786/ link_id=/ce31ba31319d8a909a705162a7814b03/
[tp] link_data dst=/ce31ba31319d8a909a705162a7814b03/ ctx=fe len=64
[tp] link_data dst=/ce31ba31319d8a909a705162a7814b03/ ctx=fb len=192
[link] data_plain len=128 preview=037a7857dfd539123ae67b4b07ff332d2bc3c151d0c8db5361e9cbbcf8519300
[tp] link_data dst=/42dc9731c14788d06fc5f902ccd98f97/ ctx=06 len=96
[tp] link_data dst=/42dc9731c14788d06fc5f902ccd98f97/ ctx=fc len=80
[tp] link_request dst=/6dee4caf17f87a1051504791002c8786/ ctx=00 hops=3
[tp] link_proof_tx dst=/6dee4caf17f87a1051504791002c8786/ link_id=/3db26401f3b8960415a8e46d742304cb/
[tp] link_data dst=/3db26401f3b8960415a8e46d742304cb/ ctx=fe len=64
[tp] link_data dst=/3db26401f3b8960415a8e46d742304cb/ ctx=fb len=192
[link] data_plain len=128 preview=caeb241290061ad1380b094471a8ab92b78aeb000a7b67d3c3af96b3825f2026
[tp] link_request dst=/6dee4caf17f87a1051504791002c8786/ ctx=00 hops=2
[tp] link_proof_tx dst=/6dee4caf17f87a1051504791002c8786/ link_id=/50492beb8069c5c581a22da7ed8fa320/
[tp] link_data dst=/50492beb8069c5c581a22da7ed8fa320/ ctx=fe len=64
[tp] link_data dst=/50492beb8069c5c581a22da7ed8fa320/ ctx=fb len=192
[link] data_plain len=128 preview=3f8f84ffe6b68f168b03338be78519e42a3a446c0c19c2c6dfaaf906eba7f61d
[tp] path_request dest=/e36c13fd857732740ed3421a512e06aa/ iface=/d86e8112f3c4c4442126f8e9f44f1686/
[tp] link_data dst=/81c9f62e20c82125f45ae17d7f3783b2/ ctx=08 len=32
[tp] path_request dest=/12cb1ed29943213839f0b0d18cd42761/ iface=/d86e8112f3c4c4442126f8e9f44f1686/
[tp] path_request dest=/58681bf71893d092811b7b97b6f767cf/ iface=/d86e8112f3c4c4442126f8e9f44f1686/
[tp] link_request dst=/6dee4caf17f87a1051504791002c8786/ ctx=00 hops=2
[tp] link_proof_tx dst=/6dee4caf17f87a1051504791002c8786/ link_id=/3a44af5e8876003fbee03c350dfa22e7/
[tp] link_data dst=/3a44af5e8876003fbee03c350dfa22e7/ ctx=fe len=64
[tp] link_data dst=/3a44af5e8876003fbee03c350dfa22e7/ ctx=fb len=192
[link] data_plain len=128 preview=4913e1db3253c4f39555ffdfe8435b1baf2b5b7dfdbb6065f8ca81371cbd5b17
[tp] path_request dest=/8820a40208664464c4347306ccab2745/ iface=/d86e8112f3c4c4442126f8e9f44f1686/
[tp] link_data dst=/3db26401f3b8960415a8e46d742304cb/ ctx=08 len=32
[tp] link_data dst=/1e8d7408c05aa48dbf31d200604e1555/ ctx=fa len=1
[tp] path_request dest=/b18bb3d4ac56c99c5ee4791d79496ca2/ iface=/d86e8112f3c4c4442126f8e9f44f1686/
[tp] path_request dest=/e233d8d7e9c5f61419d45138ef0d90ff/ iface=/d86e8112f3c4c4442126f8e9f44f1686/
[tp] path_request dest=/b8bbfff472fe128873c9395a3ff8b353/ iface=/d86e8112f3c4c4442126f8e9f44f1686/
[tp] link_data dst=/81c9f62e20c82125f45ae17d7f3783b2/ ctx=06 len=96
[tp] link_data dst=/81c9f62e20c82125f45ae17d7f3783b2/ ctx=fc len=80
[tp] path_request dest=/58681bf71893d092811b7b97b6f767cf/ iface=/d86e8112f3c4c4442126f8e9f44f1686/
[tp] link_data dst=/50492beb8069c5c581a22da7ed8fa320/ ctx=fa len=1
[tp] link_request dst=/6dee4caf17f87a1051504791002c8786/ ctx=00 hops=3
[tp] link_proof_tx dst=/6dee4caf17f87a1051504791002c8786/ link_id=/65c31e92d9b0a8145643ab7c3b2f4ba2/
[tp] link_data dst=/65c31e92d9b0a8145643ab7c3b2f4ba2/ ctx=fe len=64
[tp] link_data dst=/65c31e92d9b0a8145643ab7c3b2f4ba2/ ctx=fb len=192
[link] data_plain len=128 preview=cbd4a6d311ba97b671bd75d501e048cad1f23eba47622f0bde8eed57b0d56814
[tp] path_request dest=/12cb1ed29943213839f0b0d18cd42761/ iface=/d86e8112f3c4c4442126f8e9f44f1686/
[tp] link_data dst=/3db26401f3b8960415a8e46d742304cb/ ctx=06 len=96
[tp] link_data dst=/3db26401f3b8960415a8e46d742304cb/ ctx=fc len=80
[tp] path_request dest=/0ffa0968a18cb499c260e774cd3d9f28/ iface=/d86e8112f3c4c4442126f8e9f44f1686/
[tp] path_request dest=/995cc3851347f138f51af73d182d5e1d/ iface=/d86e8112f3c4c4442126f8e9f44f1686/
[tp] path_request dest=/a3dfea289534e4b2d0f5730310eebd99/ iface=/d86e8112f3c4c4442126f8e9f44f1686/
[tp] path_request dest=/b4508c693ae1ddc6a0d472977be93bfc/ iface=/d86e8112f3c4c4442126f8e9f44f1686/
[tp] link_request dst=/6dee4caf17f87a1051504791002c8786/ ctx=00 hops=2
[tp] link_proof_tx dst=/6dee4caf17f87a1051504791002c8786/ link_id=/38903f2b8ca0db32742e8ecf54561244/
[tp] link_data dst=/38903f2b8ca0db32742e8ecf54561244/ ctx=fe len=64
[tp] link_data dst=/38903f2b8ca0db32742e8ecf54561244/ ctx=fb len=192
[link] data_plain len=128 preview=c757c88946ae81f0974a33437ab209bac39469edc778f04bc7c155cdb8ea1441
[tp] link_data dst=/1e8d7408c05aa48dbf31d200604e1555/ ctx=06 len=96
[tp] link_data dst=/1e8d7408c05aa48dbf31d200604e1555/ ctx=fc len=80
[tp] link_data dst=/65c31e92d9b0a8145643ab7c3b2f4ba2/ ctx=08 len=32
[tp] link_data dst=/3a44af5e8876003fbee03c350dfa22e7/ ctx=fa len=1
[tp] link_data dst=/518257562ad4affa40671561760ef4f2/ ctx=fa len=1
[tp] link_data dst=/38903f2b8ca0db32742e8ecf54561244/ ctx=08 len=32
[tp] path_request dest=/b8bbfff472fe128873c9395a3ff8b353/ iface=/d86e8112f3c4c4442126f8e9f44f1686/
[tp] path_request dest=/04b15fcd28ec8ed7fab945cc9d082dd3/ iface=/d86e8112f3c4c4442126f8e9f44f1686/
[tp] link_data dst=/ce31ba31319d8a909a705162a7814b03/ ctx=fa len=1
[tp] path_request dest=/12cb1ed29943213839f0b0d18cd42761/ iface=/d86e8112f3c4c4442126f8e9f44f1686/
[tp] link_data dst=/50492beb8069c5c581a22da7ed8fa320/ ctx=fa len=1
[tp] link_data dst=/65c31e92d9b0a8145643ab7c3b2f4ba2/ ctx=06 len=96
[tp] link_data dst=/65c31e92d9b0a8145643ab7c3b2f4ba2/ ctx=fc len=80
[tp] link_data dst=/50492beb8069c5c581a22da7ed8fa320/ ctx=fc len=80
[tp] link_data dst=/38903f2b8ca0db32742e8ecf54561244/ ctx=06 len=96
[tp] link_data dst=/38903f2b8ca0db32742e8ecf54561244/ ctx=fc len=80
[tp] link_request dst=/6dee4caf17f87a1051504791002c8786/ ctx=00 hops=3
[tp] link_proof_tx dst=/6dee4caf17f87a1051504791002c8786/ link_id=/bb904e7dacbeded32bad694f057a552a/
[tp] link_data dst=/bb904e7dacbeded32bad694f057a552a/ ctx=fe len=64
[tp] link_data dst=/bb904e7dacbeded32bad694f057a552a/ ctx=fb len=192
[link] data_plain len=128 preview=caeb241290061ad1380b094471a8ab92b78aeb000a7b67d3c3af96b3825f2026
[tp] link_request dst=/6dee4caf17f87a1051504791002c8786/ ctx=00 hops=3
[tp] link_proof_tx dst=/6dee4caf17f87a1051504791002c8786/ link_id=/3e2fb5bd909b1f7e19a1e25d3af4af37/
[tp] link_data dst=/3e2fb5bd909b1f7e19a1e25d3af4af37/ ctx=fe len=64
[tp] link_data dst=/3e2fb5bd909b1f7e19a1e25d3af4af37/ ctx=fb len=192
[link] data_plain len=128 preview=b1d08b2315cf53c1efdf0a60cadf0ab72f82a691adf040c6b9990f393fcaaf53
[tp] path_request dest=/995cc3851347f138f51af73d182d5e1d/ iface=/d86e8112f3c4c4442126f8e9f44f1686/
[tp] path_request dest=/a3dfea289534e4b2d0f5730310eebd99/ iface=/d86e8112f3c4c4442126f8e9f44f1686/
[tp] link_data dst=/bb904e7dacbeded32bad694f057a552a/ ctx=08 len=32
[tp] path_request dest=/12cb1ed29943213839f0b0d18cd42761/ iface=/d86e8112f3c4c4442126f8e9f44f1686/
[tp] path_request dest=/b8bbfff472fe128873c9395a3ff8b353/ iface=/d86e8112f3c4c4442126f8e9f44f1686/
[tp] link_request dst=/6dee4caf17f87a1051504791002c8786/ ctx=00 hops=2
[tp] link_proof_tx dst=/6dee4caf17f87a1051504791002c8786/ link_id=/c1219e02e1550ce8fc906193d3dc4db0/
[tp] link_data dst=/c1219e02e1550ce8fc906193d3dc4db0/ ctx=fe len=64
[tp] link_data dst=/c1219e02e1550ce8fc906193d3dc4db0/ ctx=fb len=192
[link] data_plain len=128 preview=586528998cc5cb6f63d677614052350359a4eaac0310a30853a9bed5643f890d
[tp] path_request dest=/e792a1b9b43cc8b95d12ecd2d1d3e8b2/ iface=/d86e8112f3c4c4442126f8e9f44f1686/
[tp] link_data dst=/3a44af5e8876003fbee03c350dfa22e7/ ctx=fa len=1
[tp] link_data dst=/3a44af5e8876003fbee03c350dfa22e7/ ctx=fc len=80
[tp] link_request dst=/6dee4caf17f87a1051504791002c8786/ ctx=00 hops=2
[tp] link_proof_tx dst=/6dee4caf17f87a1051504791002c8786/ link_id=/18e95564eaa589cf19920d7997724048/
[tp] link_data dst=/18e95564eaa589cf19920d7997724048/ ctx=fe len=64
[tp] link_data dst=/18e95564eaa589cf19920d7997724048/ ctx=fb len=192
[link] data_plain len=128 preview=35e65fe12a80ee3d00278ef932383927bd791670aa6a7f7a029c1a472045933f
[tp] path_request dest=/0769357259e48819ea9194b6230b2cef/ iface=/d86e8112f3c4c4442126f8e9f44f1686/
[tp] link_request dst=/6dee4caf17f87a1051504791002c8786/ ctx=00 hops=2
[tp] link_proof_tx dst=/6dee4caf17f87a1051504791002c8786/ link_id=/b53d4e09e3f9be68a5b455880e176bb5/
[tp] link_data dst=/b53d4e09e3f9be68a5b455880e176bb5/ ctx=fe len=64
[tp] link_data dst=/b53d4e09e3f9be68a5b455880e176bb5/ ctx=fb len=192
[link] data_plain len=128 preview=3f8f84ffe6b68f168b03338be78519e42a3a446c0c19c2c6dfaaf906eba7f61d
[tp] link_request dst=/6dee4caf17f87a1051504791002c8786/ ctx=00 hops=1
[tp] link_proof_tx dst=/6dee4caf17f87a1051504791002c8786/ link_id=/59043066db1d2870f73aed44eede3f11/
[tp] link_data dst=/59043066db1d2870f73aed44eede3f11/ ctx=fe len=64
[tp] link_data dst=/59043066db1d2870f73aed44eede3f11/ ctx=fb len=192
[link] data_plain len=128 preview=69d501e6cc31a4301060838e059a83ad1222dee5383b88a2a87c3d837c447343
[tp] link_data dst=/bb904e7dacbeded32bad694f057a552a/ ctx=06 len=96
[tp] link_data dst=/bb904e7dacbeded32bad694f057a552a/ ctx=fc len=80
[tp] link_data dst=/c1219e02e1550ce8fc906193d3dc4db0/ ctx=08 len=32
[tp] link_request dst=/6dee4caf17f87a1051504791002c8786/ ctx=00 hops=2
[tp] link_proof_tx dst=/6dee4caf17f87a1051504791002c8786/ link_id=/194306f4caac759d99380e08735a20fa/
[tp] link_data dst=/194306f4caac759d99380e08735a20fa/ ctx=fe len=64
[tp] link_data dst=/194306f4caac759d99380e08735a20fa/ ctx=fb len=192
[link] data_plain len=128 preview=1b599a71ed6a929084c48c8f1ef3621f995f1fab242197d824024fb4f6f4d551
[tp] link_request dst=/6dee4caf17f87a1051504791002c8786/ ctx=00 hops=2
[tp] link_proof_tx dst=/6dee4caf17f87a1051504791002c8786/ link_id=/18fb5bd46bf4548d85fe792038932a56/
[tp] link_data dst=/18fb5bd46bf4548d85fe792038932a56/ ctx=fe len=64
[tp] link_data dst=/18fb5bd46bf4548d85fe792038932a56/ ctx=fb len=192
[link] data_plain len=128 preview=c757c88946ae81f0974a33437ab209bac39469edc778f04bc7c155cdb8ea1441
[tp] path_request dest=/12cb1ed29943213839f0b0d18cd42761/ iface=/d86e8112f3c4c4442126f8e9f44f1686/
[tp] link_data dst=/59043066db1d2870f73aed44eede3f11/ ctx=08 len=32
[tp] link_request dst=/6dee4caf17f87a1051504791002c8786/ ctx=00 hops=3
[tp] link_proof_tx dst=/6dee4caf17f87a1051504791002c8786/ link_id=/f3a9239a9fce6c585590d80fcf4b721f/
[tp] link_data dst=/f3a9239a9fce6c585590d80fcf4b721f/ ctx=fe len=64
[tp] link_data dst=/f3a9239a9fce6c585590d80fcf4b721f/ ctx=fb len=192
[link] data_plain len=128 preview=cbd4a6d311ba97b671bd75d501e048cad1f23eba47622f0bde8eed57b0d56814
[tp] link_request dst=/6dee4caf17f87a1051504791002c8786/ ctx=00 hops=3
[tp] link_proof_tx dst=/6dee4caf17f87a1051504791002c8786/ link_id=/633f54d55d16c89d6ec924b6ddb112e0/
[tp] link_data dst=/633f54d55d16c89d6ec924b6ddb112e0/ ctx=fe len=64
[tp] link_data dst=/633f54d55d16c89d6ec924b6ddb112e0/ ctx=fb len=192
[link] data_plain len=128 preview=caeb241290061ad1380b094471a8ab92b78aeb000a7b67d3c3af96b3825f2026
[tp] path_request dest=/b18bb3d4ac56c99c5ee4791d79496ca2/ iface=/d86e8112f3c4c4442126f8e9f44f1686/
[tp] path_request dest=/4762234229b7e0b83c68b857bdf245c3/ iface=/d86e8112f3c4c4442126f8e9f44f1686/
[tp] path_request dest=/b8bbfff472fe128873c9395a3ff8b353/ iface=/d86e8112f3c4c4442126f8e9f44f1686/
[tp] link_data dst=/194306f4caac759d99380e08735a20fa/ ctx=08 len=32
[tp] link_data dst=/ce31ba31319d8a909a705162a7814b03/ ctx=fa len=1
[tp] link_data dst=/518257562ad4affa40671561760ef4f2/ ctx=fa len=1
[tp] link_data dst=/c1219e02e1550ce8fc906193d3dc4db0/ ctx=06 len=96
[tp] link_data dst=/c1219e02e1550ce8fc906193d3dc4db0/ ctx=fc len=80
[tp] path_request dest=/995cc3851347f138f51af73d182d5e1d/ iface=/d86e8112f3c4c4442126f8e9f44f1686/
[tp] link_data dst=/518257562ad4affa40671561760ef4f2/ ctx=fc len=80
[tp] path_request dest=/0afd2d4541ff8c768f8015a3c76971be/ iface=/d86e8112f3c4c4442126f8e9f44f1686/
[tp] link_data dst=/18fb5bd46bf4548d85fe792038932a56/ ctx=08 len=32
[tp] link_data dst=/f3a9239a9fce6c585590d80fcf4b721f/ ctx=08 len=32
[tp] path_request dest=/a3dfea289534e4b2d0f5730310eebd99/ iface=/d86e8112f3c4c4442126f8e9f44f1686/
[tp] link_data dst=/633f54d55d16c89d6ec924b6ddb112e0/ ctx=08 len=32
[tp] link_data dst=/ce31ba31319d8a909a705162a7814b03/ ctx=fc len=80
[tp] path_request dest=/4447b200737e3fead7d054e5fc58e081/ iface=/d86e8112f3c4c4442126f8e9f44f1686/
[tp] link_data dst=/b53d4e09e3f9be68a5b455880e176bb5/ ctx=fa len=1
[tp] link_data dst=/59043066db1d2870f73aed44eede3f11/ ctx=06 len=96
[tp] link_data dst=/59043066db1d2870f73aed44eede3f11/ ctx=fc len=80
[tp] link_data dst=/3e2fb5bd909b1f7e19a1e25d3af4af37/ ctx=fa len=1
[tp] path_request dest=/e233d8d7e9c5f61419d45138ef0d90ff/ iface=/d86e8112f3c4c4442126f8e9f44f1686/
[tp] path_request dest=/12cb1ed29943213839f0b0d18cd42761/ iface=/d86e8112f3c4c4442126f8e9f44f1686/
[tp] link_data dst=/18e95564eaa589cf19920d7997724048/ ctx=fa len=1
[tp] link_data dst=/194306f4caac759d99380e08735a20fa/ ctx=06 len=96
[tp] link_data dst=/194306f4caac759d99380e08735a20fa/ ctx=fc len=80
[tp] link_request dst=/6dee4caf17f87a1051504791002c8786/ ctx=00 hops=1
[tp] link_proof_tx dst=/6dee4caf17f87a1051504791002c8786/ link_id=/490c4a80cb0197ec54673ef9204a74fd/
[tp] link_data dst=/490c4a80cb0197ec54673ef9204a74fd/ ctx=fe len=64
[tp] link_data dst=/490c4a80cb0197ec54673ef9204a74fd/ ctx=fb len=192
[link] data_plain len=128 preview=69d501e6cc31a4301060838e059a83ad1222dee5383b88a2a87c3d837c447343
[tp] link_data dst=/18fb5bd46bf4548d85fe792038932a56/ ctx=06 len=96
[tp] link_data dst=/18fb5bd46bf4548d85fe792038932a56/ ctx=fc len=80
[tp] path_request dest=/e792a1b9b43cc8b95d12ecd2d1d3e8b2/ iface=/d86e8112f3c4c4442126f8e9f44f1686/
[tp] link_data dst=/f3a9239a9fce6c585590d80fcf4b721f/ ctx=06 len=96
[tp] link_data dst=/f3a9239a9fce6c585590d80fcf4b721f/ ctx=fc len=80
[tp] link_data dst=/490c4a80cb0197ec54673ef9204a74fd/ ctx=08 len=32
[tp] link_request dst=/6dee4caf17f87a1051504791002c8786/ ctx=00 hops=2
[tp] link_proof_tx dst=/6dee4caf17f87a1051504791002c8786/ link_id=/9fa50d891efebe6c60f6cd2d843d3b94/
[tp] link_data dst=/9fa50d891efebe6c60f6cd2d843d3b94/ ctx=fe len=64
[tp] link_data dst=/9fa50d891efebe6c60f6cd2d843d3b94/ ctx=fb len=192
[link] data_plain len=128 preview=c757c88946ae81f0974a33437ab209bac39469edc778f04bc7c155cdb8ea1441
[tp] link_data dst=/633f54d55d16c89d6ec924b6ddb112e0/ ctx=06 len=96
[tp] link_data dst=/633f54d55d16c89d6ec924b6ddb112e0/ ctx=fc len=80
[tp] path_request dest=/b8bbfff472fe128873c9395a3ff8b353/ iface=/d86e8112f3c4c4442126f8e9f44f1686/
[tp] path_request dest=/e233d8d7e9c5f61419d45138ef0d90ff/ iface=/d86e8112f3c4c4442126f8e9f44f1686/
[tp] link_request dst=/6dee4caf17f87a1051504791002c8786/ ctx=00 hops=3
[tp] link_proof_tx dst=/6dee4caf17f87a1051504791002c8786/ link_id=/ee616a5854ef94fe92b86318dfeb1879/
[tp] link_data dst=/ee616a5854ef94fe92b86318dfeb1879/ ctx=fe len=64
[tp] link_data dst=/ee616a5854ef94fe92b86318dfeb1879/ ctx=fb len=192
[link] data_plain len=128 preview=caeb241290061ad1380b094471a8ab92b78aeb000a7b67d3c3af96b3825f2026
[tp] path_request dest=/0ffa0968a18cb499c260e774cd3d9f28/ iface=/d86e8112f3c4c4442126f8e9f44f1686/
[tp] path_request dest=/12cb1ed29943213839f0b0d18cd42761/ iface=/d86e8112f3c4c4442126f8e9f44f1686/
[tp] path_request dest=/ed1969043a11942c661fef36f200006e/ iface=/d86e8112f3c4c4442126f8e9f44f1686/
[tp] link_data dst=/b53d4e09e3f9be68a5b455880e176bb5/ ctx=fa len=1
[tp] link_data dst=/9fa50d891efebe6c60f6cd2d843d3b94/ ctx=08 len=32
[tp] link_data dst=/18e95564eaa589cf19920d7997724048/ ctx=06 len=96
[tp] link_data dst=/18e95564eaa589cf19920d7997724048/ ctx=fc len=80
[tp] link_data dst=/b53d4e09e3f9be68a5b455880e176bb5/ ctx=fc len=80
[tp] path_request dest=/995cc3851347f138f51af73d182d5e1d/ iface=/d86e8112f3c4c4442126f8e9f44f1686/
[tp] path_request dest=/f8de3e21f2b92e8eb4bb505f1e1381c4/ iface=/d86e8112f3c4c4442126f8e9f44f1686/
[tp] path_request dest=/a3dfea289534e4b2d0f5730310eebd99/ iface=/d86e8112f3c4c4442126f8e9f44f1686/
[tp] path_request dest=/8777301cc7cc14107104ae50e0d06cfa/ iface=/d86e8112f3c4c4442126f8e9f44f1686/
[tp] link_data dst=/ee616a5854ef94fe92b86318dfeb1879/ ctx=08 len=32
[tp] link_request dst=/6dee4caf17f87a1051504791002c8786/ ctx=00 hops=3
[tp] link_proof_tx dst=/6dee4caf17f87a1051504791002c8786/ link_id=/7f944ad6a59603d288f14fd46df448cf/
[tp] link_data dst=/7f944ad6a59603d288f14fd46df448cf/ ctx=fe len=64
[tp] link_data dst=/7f944ad6a59603d288f14fd46df448cf/ ctx=fb len=192
[link] data_plain len=128 preview=cbd4a6d311ba97b671bd75d501e048cad1f23eba47622f0bde8eed57b0d56814
[tp] path_request dest=/e233d8d7e9c5f61419d45138ef0d90ff/ iface=/d86e8112f3c4c4442126f8e9f44f1686/
[tp] link_data dst=/490c4a80cb0197ec54673ef9204a74fd/ ctx=06 len=96
[tp] link_data dst=/490c4a80cb0197ec54673ef9204a74fd/ ctx=fc len=80
[tp] link_request dst=/6dee4caf17f87a1051504791002c8786/ ctx=00 hops=2
[tp] link_proof_tx dst=/6dee4caf17f87a1051504791002c8786/ link_id=/6759959a37af3aa0853ff2b5a775d248/
[tp] link_data dst=/6759959a37af3aa0853ff2b5a775d248/ ctx=fe len=64
[tp] link_data dst=/6759959a37af3aa0853ff2b5a775d248/ ctx=fb len=192
[link] data_plain len=128 preview=35e65fe12a80ee3d00278ef932383927bd791670aa6a7f7a029c1a472045933f
[tp] link_request dst=/6dee4caf17f87a1051504791002c8786/ ctx=00 hops=2
[tp] link_proof_tx dst=/6dee4caf17f87a1051504791002c8786/ link_id=/fb0fc5d55094074c13241b77fc7632fd/
[tp] link_data dst=/fb0fc5d55094074c13241b77fc7632fd/ ctx=fe len=64
[tp] link_data dst=/fb0fc5d55094074c13241b77fc7632fd/ ctx=fb len=192
[link] data_plain len=128 preview=4913e1db3253c4f39555ffdfe8435b1baf2b5b7dfdbb6065f8ca81371cbd5b17
[tp] link_data dst=/7f944ad6a59603d288f14fd46df448cf/ ctx=08 len=32
[tp] link_data dst=/9fa50d891efebe6c60f6cd2d843d3b94/ ctx=06 len=96
[tp] link_data dst=/9fa50d891efebe6c60f6cd2d843d3b94/ ctx=fc len=80
[tp] path_request dest=/58681bf71893d092811b7b97b6f767cf/ iface=/d86e8112f3c4c4442126f8e9f44f1686/
[tp] link_data dst=/ee616a5854ef94fe92b86318dfeb1879/ ctx=06 len=96
[tp] link_data dst=/ee616a5854ef94fe92b86318dfeb1879/ ctx=fc len=80
[tp] path_request dest=/b8bbfff472fe128873c9395a3ff8b353/ iface=/d86e8112f3c4c4442126f8e9f44f1686/
[tp] path_request dest=/12cb1ed29943213839f0b0d18cd42761/ iface=/d86e8112f3c4c4442126f8e9f44f1686/
[tp] path_request dest=/88082fd6f73e93e3e5fad9af6ee05453/ iface=/d86e8112f3c4c4442126f8e9f44f1686/
[tp] link_data dst=/3e2fb5bd909b1f7e19a1e25d3af4af37/ ctx=fa len=1
[tp] link_request dst=/6dee4caf17f87a1051504791002c8786/ ctx=00 hops=3
[tp] link_proof_tx dst=/6dee4caf17f87a1051504791002c8786/ link_id=/16a52724236144f6bd015b614ebb56d2/
[tp] link_request dst=/6dee4caf17f87a1051504791002c8786/ ctx=00 hops=1
[tp] link_proof_tx dst=/6dee4caf17f87a1051504791002c8786/ link_id=/30a45333571ec218af9739c47f59f56a/
[tp] link_data dst=/30a45333571ec218af9739c47f59f56a/ ctx=fe len=64
[tp] link_data dst=/30a45333571ec218af9739c47f59f56a/ ctx=fb len=192
[link] data_plain len=128 preview=69d501e6cc31a4301060838e059a83ad1222dee5383b88a2a87c3d837c447343
[tp] link_data dst=/16a52724236144f6bd015b614ebb56d2/ ctx=fe len=64
[tp] link_data dst=/16a52724236144f6bd015b614ebb56d2/ ctx=fb len=192
[link] data_plain len=128 preview=037a7857dfd539123ae67b4b07ff332d2bc3c151d0c8db5361e9cbbcf8519300
[tp] link_data dst=/3e2fb5bd909b1f7e19a1e25d3af4af37/ ctx=fc len=80
[tp] path_request dest=/379f204da5a77a6c340f6fae26097054/ iface=/d86e8112f3c4c4442126f8e9f44f1686/
[tp] link_data dst=/7f944ad6a59603d288f14fd46df448cf/ ctx=06 len=96
[tp] link_data dst=/7f944ad6a59603d288f14fd46df448cf/ ctx=fc len=80
[tp] link_request dst=/6dee4caf17f87a1051504791002c8786/ ctx=00 hops=3
[tp] link_proof_tx dst=/6dee4caf17f87a1051504791002c8786/ link_id=/c8383dc3094b714adf906c2aa8caa593/
[tp] link_data dst=/c8383dc3094b714adf906c2aa8caa593/ ctx=fe len=64
[tp] link_data dst=/c8383dc3094b714adf906c2aa8caa593/ ctx=fb len=192
[link] data_plain len=128 preview=caeb241290061ad1380b094471a8ab92b78aeb000a7b67d3c3af96b3825f2026
[tp] path_request dest=/995cc3851347f138f51af73d182d5e1d/ iface=/d86e8112f3c4c4442126f8e9f44f1686/
[tp] path_request dest=/a3dfea289534e4b2d0f5730310eebd99/ iface=/d86e8112f3c4c4442126f8e9f44f1686/
[tp] link_request dst=/6dee4caf17f87a1051504791002c8786/ ctx=00 hops=2
[tp] link_proof_tx dst=/6dee4caf17f87a1051504791002c8786/ link_id=/339cc938f2861a669c4b1e2bbe31cefb/
[tp] link_data dst=/30a45333571ec218af9739c47f59f56a/ ctx=08 len=32
[tp] link_data dst=/339cc938f2861a669c4b1e2bbe31cefb/ ctx=fe len=64
[tp] link_data dst=/339cc938f2861a669c4b1e2bbe31cefb/ ctx=fb len=192
[link] data_plain len=128 preview=c757c88946ae81f0974a33437ab209bac39469edc778f04bc7c155cdb8ea1441
[tp] path_request dest=/b4508c693ae1ddc6a0d472977be93bfc/ iface=/d86e8112f3c4c4442126f8e9f44f1686/
[tp] link_request dst=/6dee4caf17f87a1051504791002c8786/ ctx=00 hops=2
[tp] link_proof_tx dst=/6dee4caf17f87a1051504791002c8786/ link_id=/65081d749698a2e37d3d002004446d89/
[tp] link_data dst=/65081d749698a2e37d3d002004446d89/ ctx=fe len=64
[tp] link_data dst=/65081d749698a2e37d3d002004446d89/ ctx=fb len=192
[link] data_plain len=128 preview=3f8f84ffe6b68f168b03338be78519e42a3a446c0c19c2c6dfaaf906eba7f61d
[tp] link_data dst=/c8383dc3094b714adf906c2aa8caa593/ ctx=08 len=32
[tp] link_request dst=/6dee4caf17f87a1051504791002c8786/ ctx=00 hops=2
[tp] link_proof_tx dst=/6dee4caf17f87a1051504791002c8786/ link_id=/be6631e0d750f565296c0ddeb4be1a1b/
[tp] path_request dest=/12cb1ed29943213839f0b0d18cd42761/ iface=/d86e8112f3c4c4442126f8e9f44f1686/
[tp] link_data dst=/fb0fc5d55094074c13241b77fc7632fd/ ctx=fa len=1
[tp] link_data dst=/339cc938f2861a669c4b1e2bbe31cefb/ ctx=08 len=32
[tp] path_request dest=/b18bb3d4ac56c99c5ee4791d79496ca2/ iface=/d86e8112f3c4c4442126f8e9f44f1686/
[tp] path_request dest=/b8bbfff472fe128873c9395a3ff8b353/ iface=/d86e8112f3c4c4442126f8e9f44f1686/
[tp] link_request dst=/6dee4caf17f87a1051504791002c8786/ ctx=00 hops=2
[tp] link_proof_tx dst=/6dee4caf17f87a1051504791002c8786/ link_id=/cc2211df2b4b4e2d64eddbcc365a136e/
[tp] link_data dst=/cc2211df2b4b4e2d64eddbcc365a136e/ ctx=fe len=64
[tp] link_data dst=/cc2211df2b4b4e2d64eddbcc365a136e/ ctx=fb len=192
[link] data_plain len=128 preview=722fe51808e9a53c865100a3d27a9490d79d892a18343cef7df37d080fa80170
[tp] link_data dst=/6759959a37af3aa0853ff2b5a775d248/ ctx=fa len=1
[tp] link_request dst=/6dee4caf17f87a1051504791002c8786/ ctx=00 hops=3
[tp] link_proof_tx dst=/6dee4caf17f87a1051504791002c8786/ link_id=/0b371895f506dfb6ea74a69d0aa31796/
[tp] link_data dst=/0b371895f506dfb6ea74a69d0aa31796/ ctx=fe len=64
[tp] link_data dst=/0b371895f506dfb6ea74a69d0aa31796/ ctx=fb len=192
[link] data_plain len=128 preview=b1d08b2315cf53c1efdf0a60cadf0ab72f82a691adf040c6b9990f393fcaaf53
[tp] link_data dst=/30a45333571ec218af9739c47f59f56a/ ctx=06 len=96
[tp] link_data dst=/30a45333571ec218af9739c47f59f56a/ ctx=fc len=80
[tp] link_data dst=/c8383dc3094b714adf906c2aa8caa593/ ctx=06 len=96
[tp] link_data dst=/c8383dc3094b714adf906c2aa8caa593/ ctx=fc len=80
[tp] path_request dest=/04b15fcd28ec8ed7fab945cc9d082dd3/ iface=/d86e8112f3c4c4442126f8e9f44f1686/
[tp] link_data dst=/cc2211df2b4b4e2d64eddbcc365a136e/ ctx=08 len=32
[tp] path_request dest=/58681bf71893d092811b7b97b6f767cf/ iface=/d86e8112f3c4c4442126f8e9f44f1686/
[tp] link_data dst=/339cc938f2861a669c4b1e2bbe31cefb/ ctx=06 len=96
[tp] link_data dst=/339cc938f2861a669c4b1e2bbe31cefb/ ctx=fc len=80
[tp] path_request dest=/12cb1ed29943213839f0b0d18cd42761/ iface=/d86e8112f3c4c4442126f8e9f44f1686/
[tp] link_data dst=/65081d749698a2e37d3d002004446d89/ ctx=fa len=1
[tp] link_data dst=/6759959a37af3aa0853ff2b5a775d248/ ctx=06 len=96
[tp] link_data dst=/6759959a37af3aa0853ff2b5a775d248/ ctx=fc len=80
[tp] path_request dest=/995cc3851347f138f51af73d182d5e1d/ iface=/d86e8112f3c4c4442126f8e9f44f1686/
[tp] path_request dest=/a3dfea289534e4b2d0f5730310eebd99/ iface=/d86e8112f3c4c4442126f8e9f44f1686/
[tp] link_request dst=/6dee4caf17f87a1051504791002c8786/ ctx=00 hops=2
[tp] link_proof_tx dst=/6dee4caf17f87a1051504791002c8786/ link_id=/5b5fa45f2d37153dc0330ab80da89905/
[tp] link_data dst=/5b5fa45f2d37153dc0330ab80da89905/ ctx=fe len=64
[tp] link_data dst=/5b5fa45f2d37153dc0330ab80da89905/ ctx=fb len=192
[link] data_plain len=128 preview=35e65fe12a80ee3d00278ef932383927bd791670aa6a7f7a029c1a472045933f
[tp] link_request dst=/6dee4caf17f87a1051504791002c8786/ ctx=00 hops=2
[tp] link_proof_tx dst=/6dee4caf17f87a1051504791002c8786/ link_id=/4ef57bd2a3b28807548eb6697aabed7a/
[tp] link_data dst=/4ef57bd2a3b28807548eb6697aabed7a/ ctx=fe len=64
[tp] link_data dst=/4ef57bd2a3b28807548eb6697aabed7a/ ctx=fb len=192
[link] data_plain len=128 preview=086def840ff0e656498ad1a760c4de7bc001c603809e441f7018d2e042a3ca4e
[tp] link_data dst=/cc2211df2b4b4e2d64eddbcc365a136e/ ctx=06 len=96
[tp] link_data dst=/cc2211df2b4b4e2d64eddbcc365a136e/ ctx=fc len=80
[tp] path_request dest=/58681bf71893d092811b7b97b6f767cf/ iface=/d86e8112f3c4c4442126f8e9f44f1686/
[tp] path_request dest=/b8bbfff472fe128873c9395a3ff8b353/ iface=/d86e8112f3c4c4442126f8e9f44f1686/
[tp] link_data dst=/16a52724236144f6bd015b614ebb56d2/ ctx=fa len=1
[tp] link_data dst=/fb0fc5d55094074c13241b77fc7632fd/ ctx=fa len=1
[tp] path_request dest=/8777301cc7cc14107104ae50e0d06cfa/ iface=/d86e8112f3c4c4442126f8e9f44f1686/
[tp] link_data dst=/fb0fc5d55094074c13241b77fc7632fd/ ctx=fc len=80
[tp] link_request dst=/6dee4caf17f87a1051504791002c8786/ ctx=00 hops=2
[tp] link_proof_tx dst=/6dee4caf17f87a1051504791002c8786/ link_id=/4fca09b162c43b08ba626d49c87a3f70/
[tp] link_data dst=/4fca09b162c43b08ba626d49c87a3f70/ ctx=fe len=64
[tp] link_data dst=/4fca09b162c43b08ba626d49c87a3f70/ ctx=fb len=192
[link] data_plain len=128 preview=c757c88946ae81f0974a33437ab209bac39469edc778f04bc7c155cdb8ea1441
[tp] link_request dst=/6dee4caf17f87a1051504791002c8786/ ctx=00 hops=3
[tp] link_proof_tx dst=/6dee4caf17f87a1051504791002c8786/ link_id=/97cbb4725db57c0e3775bdccb931e2af/
[tp] link_data dst=/97cbb4725db57c0e3775bdccb931e2af/ ctx=fe len=64
[tp] link_data dst=/97cbb4725db57c0e3775bdccb931e2af/ ctx=fb len=192
[link] data_plain len=128 preview=cbd4a6d311ba97b671bd75d501e048cad1f23eba47622f0bde8eed57b0d56814
[tp] path_request dest=/12cb1ed29943213839f0b0d18cd42761/ iface=/d86e8112f3c4c4442126f8e9f44f1686/
[tp] path_request dest=/b18bb3d4ac56c99c5ee4791d79496ca2/ iface=/d86e8112f3c4c4442126f8e9f44f1686/
[tp] link_request dst=/6dee4caf17f87a1051504791002c8786/ ctx=00 hops=3
[tp] link_proof_tx dst=/6dee4caf17f87a1051504791002c8786/ link_id=/91a45ec89f310f095ebf8d7d490d7634/
[tp] link_data dst=/91a45ec89f310f095ebf8d7d490d7634/ ctx=fe len=64
[tp] link_data dst=/91a45ec89f310f095ebf8d7d490d7634/ ctx=fb len=192
[link] data_plain len=128 preview=caeb241290061ad1380b094471a8ab92b78aeb000a7b67d3c3af96b3825f2026
[tp] path_request dest=/0ffa0968a18cb499c260e774cd3d9f28/ iface=/d86e8112f3c4c4442126f8e9f44f1686/
[tp] link_request dst=/6dee4caf17f87a1051504791002c8786/ ctx=00 hops=2
[tp] link_proof_tx dst=/6dee4caf17f87a1051504791002c8786/ link_id=/5fe5e1349a20e7b5b7f376082d0376ad/
[tp] link_data dst=/5fe5e1349a20e7b5b7f376082d0376ad/ ctx=fe len=64
[tp] link_data dst=/5fe5e1349a20e7b5b7f376082d0376ad/ ctx=fb len=192
[link] data_plain len=128 preview=722fe51808e9a53c865100a3d27a9490d79d892a18343cef7df37d080fa80170
[tp] link_data dst=/4fca09b162c43b08ba626d49c87a3f70/ ctx=08 len=32
[tp] link_data dst=/65081d749698a2e37d3d002004446d89/ ctx=fa len=1
[tp] link_data dst=/97cbb4725db57c0e3775bdccb931e2af/ ctx=08 len=32
[tp] link_data dst=/65081d749698a2e37d3d002004446d89/ ctx=fc len=80
[tp] link_data dst=/0b371895f506dfb6ea74a69d0aa31796/ ctx=fa len=1
[tp] link_data dst=/91a45ec89f310f095ebf8d7d490d7634/ ctx=08 len=32
[tp] path_request dest=/6fd9c56a0d375ee60023aaedc1b03377/ iface=/d86e8112f3c4c4442126f8e9f44f1686/
[tp] link_data dst=/5fe5e1349a20e7b5b7f376082d0376ad/ ctx=08 len=32
[tp] path_request dest=/b8bbfff472fe128873c9395a3ff8b353/ iface=/d86e8112f3c4c4442126f8e9f44f1686/
[tp] link_request dst=/6dee4caf17f87a1051504791002c8786/ ctx=00 hops=1
[tp] link_proof_tx dst=/6dee4caf17f87a1051504791002c8786/ link_id=/69920debdba548ac0f1b2be5e258242b/
[tp] link_data dst=/69920debdba548ac0f1b2be5e258242b/ ctx=fe len=64
[tp] link_data dst=/69920debdba548ac0f1b2be5e258242b/ ctx=fb len=192
[link] data_plain len=128 preview=69d501e6cc31a4301060838e059a83ad1222dee5383b88a2a87c3d837c447343
[tp] path_request dest=/995cc3851347f138f51af73d182d5e1d/ iface=/d86e8112f3c4c4442126f8e9f44f1686/
[tp] path_request dest=/12cb1ed29943213839f0b0d18cd42761/ iface=/d86e8112f3c4c4442126f8e9f44f1686/
[tp] link_data dst=/4fca09b162c43b08ba626d49c87a3f70/ ctx=06 len=96
[tp] link_data dst=/4fca09b162c43b08ba626d49c87a3f70/ ctx=fc len=80
[tp] path_request dest=/8777301cc7cc14107104ae50e0d06cfa/ iface=/d86e8112f3c4c4442126f8e9f44f1686/
[tp] link_data dst=/97cbb4725db57c0e3775bdccb931e2af/ ctx=06 len=96
[tp] link_data dst=/97cbb4725db57c0e3775bdccb931e2af/ ctx=fc len=80
[tp] link_data dst=/5b5fa45f2d37153dc0330ab80da89905/ ctx=fa len=1
[tp] path_request dest=/0ffa0968a18cb499c260e774cd3d9f28/ iface=/d86e8112f3c4c4442126f8e9f44f1686/
[tp] link_data dst=/91a45ec89f310f095ebf8d7d490d7634/ ctx=06 len=96
[tp] link_data dst=/91a45ec89f310f095ebf8d7d490d7634/ ctx=fc len=80
[tp] link_data dst=/69920debdba548ac0f1b2be5e258242b/ ctx=08 len=32
[tp] path_request dest=/e233d8d7e9c5f61419d45138ef0d90ff/ iface=/d86e8112f3c4c4442126f8e9f44f1686/
[tp] link_request dst=/6dee4caf17f87a1051504791002c8786/ ctx=00 hops=3
[tp] link_proof_tx dst=/6dee4caf17f87a1051504791002c8786/ link_id=/dbce388dac40ee768d28bd2c27096b26/
[tp] link_data dst=/dbce388dac40ee768d28bd2c27096b26/ ctx=fe len=64
[tp] link_data dst=/dbce388dac40ee768d28bd2c27096b26/ ctx=fb len=192
[link] data_plain len=128 preview=cbd4a6d311ba97b671bd75d501e048cad1f23eba47622f0bde8eed57b0d56814
[tp] link_data dst=/5fe5e1349a20e7b5b7f376082d0376ad/ ctx=06 len=96
[tp] link_data dst=/5fe5e1349a20e7b5b7f376082d0376ad/ ctx=fc len=80
[tp] link_data dst=/5b5fa45f2d37153dc0330ab80da89905/ ctx=06 len=96
[tp] link_data dst=/5b5fa45f2d37153dc0330ab80da89905/ ctx=fc len=80
[tp] link_data dst=/dbce388dac40ee768d28bd2c27096b26/ ctx=08 len=32
[tp] link_data dst=/16a52724236144f6bd015b614ebb56d2/ ctx=fa len=1
[tp] link_data dst=/4ef57bd2a3b28807548eb6697aabed7a/ ctx=fa len=1
[tp] link_request dst=/6dee4caf17f87a1051504791002c8786/ ctx=00 hops=2
[tp] link_proof_tx dst=/6dee4caf17f87a1051504791002c8786/ link_id=/ed3306161c06f9f855031e1aa098883a/
[tp] link_data dst=/16a52724236144f6bd015b614ebb56d2/ ctx=fc len=80
[tp] path_request dest=/d9a4296c02b1208fad2b4ac5c08af067/ iface=/d86e8112f3c4c4442126f8e9f44f1686/
[tp] link_data dst=/69920debdba548ac0f1b2be5e258242b/ ctx=06 len=96
[tp] link_data dst=/69920debdba548ac0f1b2be5e258242b/ ctx=fc len=80
[tp] link_data dst=/ed3306161c06f9f855031e1aa098883a/ ctx=fe len=64
[tp] link_data dst=/ed3306161c06f9f855031e1aa098883a/ ctx=fb len=192
[link] data_plain len=128 preview=35e65fe12a80ee3d00278ef932383927bd791670aa6a7f7a029c1a472045933f
[tp] path_request dest=/12cb1ed29943213839f0b0d18cd42761/ iface=/d86e8112f3c4c4442126f8e9f44f1686/
[tp] path_request dest=/b8bbfff472fe128873c9395a3ff8b353/ iface=/d86e8112f3c4c4442126f8e9f44f1686/
[tp] path_request dest=/0afd2d4541ff8c768f8015a3c76971be/ iface=/d86e8112f3c4c4442126f8e9f44f1686/
[tp] path_request dest=/a3dfea289534e4b2d0f5730310eebd99/ iface=/d86e8112f3c4c4442126f8e9f44f1686/
[tp] link_data dst=/dbce388dac40ee768d28bd2c27096b26/ ctx=06 len=96
[tp] link_data dst=/dbce388dac40ee768d28bd2c27096b26/ ctx=fc len=80
[tp] link_request dst=/6dee4caf17f87a1051504791002c8786/ ctx=00 hops=3
[tp] link_proof_tx dst=/6dee4caf17f87a1051504791002c8786/ link_id=/0d0448e7dda4d5e03059ccaa8e3d82f2/
[tp] link_data dst=/0d0448e7dda4d5e03059ccaa8e3d82f2/ ctx=fe len=64
[tp] link_data dst=/0d0448e7dda4d5e03059ccaa8e3d82f2/ ctx=fb len=192
[link] data_plain len=128 preview=037a7857dfd539123ae67b4b07ff332d2bc3c151d0c8db5361e9cbbcf8519300
[tp] link_data dst=/0b371895f506dfb6ea74a69d0aa31796/ ctx=fa len=1
[tp] path_request dest=/58681bf71893d092811b7b97b6f767cf/ iface=/d86e8112f3c4c4442126f8e9f44f1686/
[tp] path_request dest=/995cc3851347f138f51af73d182d5e1d/ iface=/d86e8112f3c4c4442126f8e9f44f1686/
[tp] link_data dst=/0b371895f506dfb6ea74a69d0aa31796/ ctx=fc len=80
[tp] link_request dst=/6dee4caf17f87a1051504791002c8786/ ctx=00 hops=3
[tp] link_proof_tx dst=/6dee4caf17f87a1051504791002c8786/ link_id=/eb635599be4db240f16316a03c1771b0/
[tp] link_data dst=/eb635599be4db240f16316a03c1771b0/ ctx=fe len=64
[tp] link_data dst=/eb635599be4db240f16316a03c1771b0/ ctx=fb len=192
[link] data_plain len=128 preview=caeb241290061ad1380b094471a8ab92b78aeb000a7b67d3c3af96b3825f2026
[tp] path_request dest=/12cb1ed29943213839f0b0d18cd42761/ iface=/d86e8112f3c4c4442126f8e9f44f1686/
[tp] link_request dst=/6dee4caf17f87a1051504791002c8786/ ctx=00 hops=3
[tp] link_proof_tx dst=/6dee4caf17f87a1051504791002c8786/ link_id=/30d79348c47d6426140de5c62d9f8472/
[tp] path_request dest=/b8bbfff472fe128873c9395a3ff8b353/ iface=/d86e8112f3c4c4442126f8e9f44f1686/
[tp] link_data dst=/30d79348c47d6426140de5c62d9f8472/ ctx=fe len=64
[tp] link_data dst=/30d79348c47d6426140de5c62d9f8472/ ctx=fb len=192
[link] data_plain len=128 preview=b1d08b2315cf53c1efdf0a60cadf0ab72f82a691adf040c6b9990f393fcaaf53
[tp] path_request dest=/b18bb3d4ac56c99c5ee4791d79496ca2/ iface=/d86e8112f3c4c4442126f8e9f44f1686/
[tp] path_request dest=/e233d8d7e9c5f61419d45138ef0d90ff/ iface=/d86e8112f3c4c4442126f8e9f44f1686/
[tp] link_data dst=/eb635599be4db240f16316a03c1771b0/ ctx=08 len=32
[tp] link_request dst=/6dee4caf17f87a1051504791002c8786/ ctx=00 hops=2
[tp] link_proof_tx dst=/6dee4caf17f87a1051504791002c8786/ link_id=/909f71ca2f5669b3a3ba394381553f53/
[tp] link_data dst=/909f71ca2f5669b3a3ba394381553f53/ ctx=fe len=64
[tp] link_data dst=/909f71ca2f5669b3a3ba394381553f53/ ctx=fb len=192
[link] data_plain len=128 preview=3f8f84ffe6b68f168b03338be78519e42a3a446c0c19c2c6dfaaf906eba7f61d
[tp] link_request dst=/6dee4caf17f87a1051504791002c8786/ ctx=00 hops=2
[tp] link_proof_tx dst=/6dee4caf17f87a1051504791002c8786/ link_id=/13d7cc38326c17be48d8ff8a125e85b4/
[tp] link_data dst=/13d7cc38326c17be48d8ff8a125e85b4/ ctx=fe len=64
[tp] link_data dst=/13d7cc38326c17be48d8ff8a125e85b4/ ctx=fb len=192
[link] data_plain len=128 preview=c757c88946ae81f0974a33437ab209bac39469edc778f04bc7c155cdb8ea1441
[tp] link_request dst=/6dee4caf17f87a1051504791002c8786/ ctx=00 hops=2
[tp] link_proof_tx dst=/6dee4caf17f87a1051504791002c8786/ link_id=/1276f80a079ed8ecb1daf2debb61ee50/
[tp] link_data dst=/1276f80a079ed8ecb1daf2debb61ee50/ ctx=fe len=64
[tp] link_data dst=/1276f80a079ed8ecb1daf2debb61ee50/ ctx=fb len=192
[link] data_plain len=128 preview=4913e1db3253c4f39555ffdfe8435b1baf2b5b7dfdbb6065f8ca81371cbd5b17
[tp] path_request dest=/6fe58e1d906d9f448b53533f0f2b7457/ iface=/d86e8112f3c4c4442126f8e9f44f1686/
[tp] path_request dest=/12cb1ed29943213839f0b0d18cd42761/ iface=/d86e8112f3c4c4442126f8e9f44f1686/
[tp] link_data dst=/13d7cc38326c17be48d8ff8a125e85b4/ ctx=08 len=32
[tp] link_data dst=/eb635599be4db240f16316a03c1771b0/ ctx=06 len=96
[tp] link_data dst=/eb635599be4db240f16316a03c1771b0/ ctx=fc len=80
[tp] path_request dest=/a3dfea289534e4b2d0f5730310eebd99/ iface=/d86e8112f3c4c4442126f8e9f44f1686/
[tp] path_request dest=/995cc3851347f138f51af73d182d5e1d/ iface=/d86e8112f3c4c4442126f8e9f44f1686/
[tp] path_request dest=/8777301cc7cc14107104ae50e0d06cfa/ iface=/d86e8112f3c4c4442126f8e9f44f1686/
[tp] link_request dst=/6dee4caf17f87a1051504791002c8786/ ctx=00 hops=3
[tp] link_proof_tx dst=/6dee4caf17f87a1051504791002c8786/ link_id=/81be0d83f489d54ceaabe4aaf6a9226e/
[tp] link_data dst=/81be0d83f489d54ceaabe4aaf6a9226e/ ctx=fe len=64
[tp] link_data dst=/81be0d83f489d54ceaabe4aaf6a9226e/ ctx=fb len=192
[link] data_plain len=128 preview=cbd4a6d311ba97b671bd75d501e048cad1f23eba47622f0bde8eed57b0d56814
[tp] link_data dst=/ed3306161c06f9f855031e1aa098883a/ ctx=06 len=96
[tp] link_data dst=/ed3306161c06f9f855031e1aa098883a/ ctx=fc len=80
[tp] path_request dest=/b8bbfff472fe128873c9395a3ff8b353/ iface=/d86e8112f3c4c4442126f8e9f44f1686/
[tp] path_request dest=/e233d8d7e9c5f61419d45138ef0d90ff/ iface=/d86e8112f3c4c4442126f8e9f44f1686/
[tp] link_data dst=/909f71ca2f5669b3a3ba394381553f53/ ctx=fa len=1
[tp] link_request dst=/6dee4caf17f87a1051504791002c8786/ ctx=00 hops=2
[tp] link_proof_tx dst=/6dee4caf17f87a1051504791002c8786/ link_id=/1d0baea0c688bea50b00572903aaa1d0/
[tp] link_data dst=/1d0baea0c688bea50b00572903aaa1d0/ ctx=fe len=64
[tp] link_data dst=/1d0baea0c688bea50b00572903aaa1d0/ ctx=fb len=192
[link] data_plain len=128 preview=35e65fe12a80ee3d00278ef932383927bd791670aa6a7f7a029c1a472045933f
[tp] link_data dst=/4ef57bd2a3b28807548eb6697aabed7a/ ctx=fa len=1
[tp] link_data dst=/13d7cc38326c17be48d8ff8a125e85b4/ ctx=fa len=1
[tp] path_request dest=/0afd2d4541ff8c768f8015a3c76971be/ iface=/d86e8112f3c4c4442126f8e9f44f1686/
[tp] link_data dst=/4ef57bd2a3b28807548eb6697aabed7a/ ctx=fc len=80
[tp] path_request dest=/12cb1ed29943213839f0b0d18cd42761/ iface=/d86e8112f3c4c4442126f8e9f44f1686/
[tp] link_data dst=/0d0448e7dda4d5e03059ccaa8e3d82f2/ ctx=fa len=1
[tp] link_data dst=/81be0d83f489d54ceaabe4aaf6a9226e/ ctx=08 len=32
[tp] link_data dst=/13d7cc38326c17be48d8ff8a125e85b4/ ctx=06 len=96
[tp] link_data dst=/13d7cc38326c17be48d8ff8a125e85b4/ ctx=fc len=80
[tp] link_request dst=/6dee4caf17f87a1051504791002c8786/ ctx=00 hops=2
[tp] link_proof_tx dst=/6dee4caf17f87a1051504791002c8786/ link_id=/53c096e5615ea0a851e6b4d326c476bc/
[tp] link_data dst=/53c096e5615ea0a851e6b4d326c476bc/ ctx=fe len=64
[tp] link_data dst=/53c096e5615ea0a851e6b4d326c476bc/ ctx=fb len=192
[link] data_plain len=128 preview=c757c88946ae81f0974a33437ab209bac39469edc778f04bc7c155cdb8ea1441
[tp] path_request dest=/965511769c059271e655c503e810a670/ iface=/d86e8112f3c4c4442126f8e9f44f1686/
[tp] link_data dst=/1276f80a079ed8ecb1daf2debb61ee50/ ctx=fa len=1
[tp] link_data dst=/30d79348c47d6426140de5c62d9f8472/ ctx=fa len=1
[tp] link_data dst=/53c096e5615ea0a851e6b4d326c476bc/ ctx=08 len=32
[tp] path_request dest=/a3dfea289534e4b2d0f5730310eebd99/ iface=/d86e8112f3c4c4442126f8e9f44f1686/
[tp] path_request dest=/995cc3851347f138f51af73d182d5e1d/ iface=/d86e8112f3c4c4442126f8e9f44f1686/
[tp] link_data dst=/81be0d83f489d54ceaabe4aaf6a9226e/ ctx=06 len=96
[tp] link_data dst=/81be0d83f489d54ceaabe4aaf6a9226e/ ctx=fc len=80
[tp] path_request dest=/0ffa0968a18cb499c260e774cd3d9f28/ iface=/d86e8112f3c4c4442126f8e9f44f1686/
[tp] link_data dst=/909f71ca2f5669b3a3ba394381553f53/ ctx=fa len=1
[tp] link_request dst=/6dee4caf17f87a1051504791002c8786/ ctx=00 hops=2
[tp] link_proof_tx dst=/6dee4caf17f87a1051504791002c8786/ link_id=/deb208c4ff0df0587776ef16bee20285/
[tp] link_data dst=/deb208c4ff0df0587776ef16bee20285/ ctx=fe len=64
[tp] link_data dst=/deb208c4ff0df0587776ef16bee20285/ ctx=fb len=192
[link] data_plain len=128 preview=722fe51808e9a53c865100a3d27a9490d79d892a18343cef7df37d080fa80170
[tp] path_request dest=/b8bbfff472fe128873c9395a3ff8b353/ iface=/d86e8112f3c4c4442126f8e9f44f1686/
[tp] path_request dest=/b18bb3d4ac56c99c5ee4791d79496ca2/ iface=/d86e8112f3c4c4442126f8e9f44f1686/
[tp] path_request dest=/e233d8d7e9c5f61419d45138ef0d90ff/ iface=/d86e8112f3c4c4442126f8e9f44f1686/
[tp] link_data dst=/909f71ca2f5669b3a3ba394381553f53/ ctx=fc len=80
[tp] link_request dst=/6dee4caf17f87a1051504791002c8786/ ctx=00 hops=1
[tp] link_proof_tx dst=/6dee4caf17f87a1051504791002c8786/ link_id=/3e7b95703ab9625ccd70fdbdb059b889/
[tp] link_data dst=/3e7b95703ab9625ccd70fdbdb059b889/ ctx=fe len=64
[tp] link_data dst=/3e7b95703ab9625ccd70fdbdb059b889/ ctx=fb len=192
[link] data_plain len=128 preview=69d501e6cc31a4301060838e059a83ad1222dee5383b88a2a87c3d837c447343
[tp] path_request dest=/0afd2d4541ff8c768f8015a3c76971be/ iface=/d86e8112f3c4c4442126f8e9f44f1686/
[tp] link_data dst=/deb208c4ff0df0587776ef16bee20285/ ctx=08 len=32
[tp] link_data dst=/53c096e5615ea0a851e6b4d326c476bc/ ctx=06 len=96
[tp] link_data dst=/53c096e5615ea0a851e6b4d326c476bc/ ctx=fc len=80
[tp] path_request dest=/12cb1ed29943213839f0b0d18cd42761/ iface=/d86e8112f3c4c4442126f8e9f44f1686/
[tp] link_data dst=/1d0baea0c688bea50b00572903aaa1d0/ ctx=fa len=1
[tp] path_request dest=/e36c13fd857732740ed3421a512e06aa/ iface=/d86e8112f3c4c4442126f8e9f44f1686/
[tp] link_data dst=/3e7b95703ab9625ccd70fdbdb059b889/ ctx=08 len=32
[tp] link_request dst=/6dee4caf17f87a1051504791002c8786/ ctx=00 hops=3
[tp] link_proof_tx dst=/6dee4caf17f87a1051504791002c8786/ link_id=/7ab6e3550d744868c5376427793c30fc/
[tp] link_data dst=/7ab6e3550d744868c5376427793c30fc/ ctx=fe len=64
[tp] link_data dst=/7ab6e3550d744868c5376427793c30fc/ ctx=fb len=192
[link] data_plain len=128 preview=cbd4a6d311ba97b671bd75d501e048cad1f23eba47622f0bde8eed57b0d56814
[tp] link_request dst=/6dee4caf17f87a1051504791002c8786/ ctx=00 hops=2
[tp] link_proof_tx dst=/6dee4caf17f87a1051504791002c8786/ link_id=/66fce2e063aa6374db39faa1f1e18b52/
[tp] link_request dst=/6dee4caf17f87a1051504791002c8786/ ctx=00 hops=1
[tp] link_proof_tx dst=/6dee4caf17f87a1051504791002c8786/ link_id=/98874d05f0eee4d87bd4fb5c8f1bfc46/
[tp] link_request dst=/6dee4caf17f87a1051504791002c8786/ ctx=00 hops=2
[tp] link_proof_tx dst=/6dee4caf17f87a1051504791002c8786/ link_id=/04452d6bf3d5d8ccef24e7c9a839569f/
[tp] link_data dst=/98874d05f0eee4d87bd4fb5c8f1bfc46/ ctx=fe len=64
[tp] link_data dst=/98874d05f0eee4d87bd4fb5c8f1bfc46/ ctx=fb len=192
[link] data_plain len=128 preview=48239eb3ae793e1da445b9b6068893bd1378929c015a521651146fb7e3d25320
[tp] link_data dst=/04452d6bf3d5d8ccef24e7c9a839569f/ ctx=fe len=64
[tp] link_data dst=/04452d6bf3d5d8ccef24e7c9a839569f/ ctx=fb len=192
[link] data_plain len=128 preview=586528998cc5cb6f63d677614052350359a4eaac0310a30853a9bed5643f890d
[tp] link_data dst=/deb208c4ff0df0587776ef16bee20285/ ctx=06 len=96
[tp] link_data dst=/deb208c4ff0df0587776ef16bee20285/ ctx=fc len=80
[tp] link_data dst=/7ab6e3550d744868c5376427793c30fc/ ctx=08 len=32
[tp] path_request dest=/12cb1ed29943213839f0b0d18cd42761/ iface=/d86e8112f3c4c4442126f8e9f44f1686/
[tp] link_data dst=/1276f80a079ed8ecb1daf2debb61ee50/ ctx=fa len=1
[tp] path_request dest=/b8bbfff472fe128873c9395a3ff8b353/ iface=/d86e8112f3c4c4442126f8e9f44f1686/
[tp] link_data dst=/3e7b95703ab9625ccd70fdbdb059b889/ ctx=06 len=96
[tp] link_data dst=/3e7b95703ab9625ccd70fdbdb059b889/ ctx=fc len=80
[tp] link_data dst=/0d0448e7dda4d5e03059ccaa8e3d82f2/ ctx=fa len=1
[tp] path_request dest=/e36c13fd857732740ed3421a512e06aa/ iface=/d86e8112f3c4c4442126f8e9f44f1686/
[tp] path_request dest=/0ffa0968a18cb499c260e774cd3d9f28/ iface=/d86e8112f3c4c4442126f8e9f44f1686/
[tp] link_data dst=/1276f80a079ed8ecb1daf2debb61ee50/ ctx=fc len=80
[tp] link_request dst=/6dee4caf17f87a1051504791002c8786/ ctx=00 hops=2
[tp] link_proof_tx dst=/6dee4caf17f87a1051504791002c8786/ link_id=/00551596195d1dc1f8599fa9a8e92c89/
[tp] link_data dst=/00551596195d1dc1f8599fa9a8e92c89/ ctx=fe len=64
[tp] link_data dst=/00551596195d1dc1f8599fa9a8e92c89/ ctx=fb len=192
[link] data_plain len=128 preview=4913e1db3253c4f39555ffdfe8435b1baf2b5b7dfdbb6065f8ca81371cbd5b17
[tp] path_request dest=/a3dfea289534e4b2d0f5730310eebd99/ iface=/d86e8112f3c4c4442126f8e9f44f1686/
[tp] path_request dest=/995cc3851347f138f51af73d182d5e1d/ iface=/d86e8112f3c4c4442126f8e9f44f1686/
[tp] link_data dst=/0d0448e7dda4d5e03059ccaa8e3d82f2/ ctx=fc len=80
[tp] link_request dst=/6dee4caf17f87a1051504791002c8786/ ctx=00 hops=2
[tp] link_proof_tx dst=/6dee4caf17f87a1051504791002c8786/ link_id=/c0461c6b3228acb02e99197ca3f17705/
[tp] link_data dst=/c0461c6b3228acb02e99197ca3f17705/ ctx=fe len=64
[tp] link_data dst=/c0461c6b3228acb02e99197ca3f17705/ ctx=fb len=192
[link] data_plain len=128 preview=c757c88946ae81f0974a33437ab209bac39469edc778f04bc7c155cdb8ea1441
[tp] link_data dst=/98874d05f0eee4d87bd4fb5c8f1bfc46/ ctx=08 len=32
[tp] link_data dst=/04452d6bf3d5d8ccef24e7c9a839569f/ ctx=08 len=32
[tp] link_data dst=/1d0baea0c688bea50b00572903aaa1d0/ ctx=06 len=96
[tp] link_data dst=/1d0baea0c688bea50b00572903aaa1d0/ ctx=fc len=80
[tp] path_request dest=/8777301cc7cc14107104ae50e0d06cfa/ iface=/d86e8112f3c4c4442126f8e9f44f1686/
[tp] path_request dest=/e36c13fd857732740ed3421a512e06aa/ iface=/d86e8112f3c4c4442126f8e9f44f1686/
[tp] link_data dst=/30d79348c47d6426140de5c62d9f8472/ ctx=fa len=1
[tp] path_request dest=/379f204da5a77a6c340f6fae26097054/ iface=/d86e8112f3c4c4442126f8e9f44f1686/
[tp] link_data dst=/7ab6e3550d744868c5376427793c30fc/ ctx=06 len=96
[tp] link_data dst=/7ab6e3550d744868c5376427793c30fc/ ctx=fc len=80
[tp] link_request dst=/6dee4caf17f87a1051504791002c8786/ ctx=00 hops=2
[tp] link_proof_tx dst=/6dee4caf17f87a1051504791002c8786/ link_id=/325f18903084c9cae46c2b746fa025ed/
[tp] link_data dst=/325f18903084c9cae46c2b746fa025ed/ ctx=fe len=64
[tp] link_data dst=/325f18903084c9cae46c2b746fa025ed/ ctx=fb len=192
[link] data_plain len=128 preview=722fe51808e9a53c865100a3d27a9490d79d892a18343cef7df37d080fa80170
[tp] link_data dst=/30d79348c47d6426140de5c62d9f8472/ ctx=fc len=80
[tp] link_request dst=/6dee4caf17f87a1051504791002c8786/ ctx=00 hops=3
[tp] link_proof_tx dst=/6dee4caf17f87a1051504791002c8786/ link_id=/6d1199a4b999cf51e297e2500937d277/
[tp] link_data dst=/6d1199a4b999cf51e297e2500937d277/ ctx=fe len=64
[tp] link_data dst=/6d1199a4b999cf51e297e2500937d277/ ctx=fb len=192
[link] data_plain len=128 preview=b1d08b2315cf53c1efdf0a60cadf0ab72f82a691adf040c6b9990f393fcaaf53
[tp] path_request dest=/47b6cea814d9ca40bb0cadad2139625a/ iface=/d86e8112f3c4c4442126f8e9f44f1686/
[tp] path_request dest=/e792a1b9b43cc8b95d12ecd2d1d3e8b2/ iface=/d86e8112f3c4c4442126f8e9f44f1686/
[tp] path_request dest=/58681bf71893d092811b7b97b6f767cf/ iface=/d86e8112f3c4c4442126f8e9f44f1686/
[tp] link_data dst=/98874d05f0eee4d87bd4fb5c8f1bfc46/ ctx=06 len=96
[tp] link_data dst=/98874d05f0eee4d87bd4fb5c8f1bfc46/ ctx=fc len=80
[tp] link_data dst=/04452d6bf3d5d8ccef24e7c9a839569f/ ctx=06 len=96
[tp] link_data dst=/04452d6bf3d5d8ccef24e7c9a839569f/ ctx=fc len=80
[tp] path_request dest=/647fb2cafae12eb803b9609c16f12dd2/ iface=/d86e8112f3c4c4442126f8e9f44f1686/
[tp] path_request dest=/12cb1ed29943213839f0b0d18cd42761/ iface=/d86e8112f3c4c4442126f8e9f44f1686/
[tp] link_request dst=/6dee4caf17f87a1051504791002c8786/ ctx=00 hops=3
[tp] link_proof_tx dst=/6dee4caf17f87a1051504791002c8786/ link_id=/e3a30aadc8fc025e874932555001953c/
[tp] link_data dst=/e3a30aadc8fc025e874932555001953c/ ctx=fe len=64
[tp] link_data dst=/e3a30aadc8fc025e874932555001953c/ ctx=fb len=192
[link] data_plain len=128 preview=caeb241290061ad1380b094471a8ab92b78aeb000a7b67d3c3af96b3825f2026
[tp] link_data dst=/325f18903084c9cae46c2b746fa025ed/ ctx=08 len=32
[tp] link_data dst=/c0461c6b3228acb02e99197ca3f17705/ ctx=08 len=32
[tp] path_request dest=/8777301cc7cc14107104ae50e0d06cfa/ iface=/d86e8112f3c4c4442126f8e9f44f1686/
[tp] path_request dest=/e792a1b9b43cc8b95d12ecd2d1d3e8b2/ iface=/d86e8112f3c4c4442126f8e9f44f1686/
[tp] path_request dest=/b8bbfff472fe128873c9395a3ff8b353/ iface=/d86e8112f3c4c4442126f8e9f44f1686/
[tp] link_request dst=/6dee4caf17f87a1051504791002c8786/ ctx=00 hops=2
[tp] link_proof_tx dst=/6dee4caf17f87a1051504791002c8786/ link_id=/3de02f3f23127281560325f1784289e3/
[tp] link_request dst=/6dee4caf17f87a1051504791002c8786/ ctx=00 hops=3
[tp] link_proof_tx dst=/6dee4caf17f87a1051504791002c8786/ link_id=/01465d5ab6a9af227c273df62339e414/
[tp] link_data dst=/3de02f3f23127281560325f1784289e3/ ctx=fe len=64
[tp] link_data dst=/3de02f3f23127281560325f1784289e3/ ctx=fb len=192
[link] data_plain len=128 preview=35e65fe12a80ee3d00278ef932383927bd791670aa6a7f7a029c1a472045933f
[tp] link_data dst=/01465d5ab6a9af227c273df62339e414/ ctx=fe len=64
[tp] link_data dst=/01465d5ab6a9af227c273df62339e414/ ctx=fb len=192
[link] data_plain len=128 preview=037a7857dfd539123ae67b4b07ff332d2bc3c151d0c8db5361e9cbbcf8519300
[tp] path_request dest=/a15f32cc809931cb4fcdf27adbe05aa6/ iface=/d86e8112f3c4c4442126f8e9f44f1686/
[tp] link_data dst=/00551596195d1dc1f8599fa9a8e92c89/ ctx=fa len=1
[tp] link_data dst=/e3a30aadc8fc025e874932555001953c/ ctx=08 len=32
[tp] path_request dest=/4762234229b7e0b83c68b857bdf245c3/ iface=/d86e8112f3c4c4442126f8e9f44f1686/
[tp] link_request dst=/6dee4caf17f87a1051504791002c8786/ ctx=00 hops=1
[tp] link_proof_tx dst=/6dee4caf17f87a1051504791002c8786/ link_id=/113bf6406e4e1d42ae4ff7889b2fed1f/
[tp] path_request dest=/995cc3851347f138f51af73d182d5e1d/ iface=/d86e8112f3c4c4442126f8e9f44f1686/
[tp] link_data dst=/113bf6406e4e1d42ae4ff7889b2fed1f/ ctx=fe len=64
[tp] link_data dst=/113bf6406e4e1d42ae4ff7889b2fed1f/ ctx=fb len=192
[link] data_plain len=128 preview=48239eb3ae793e1da445b9b6068893bd1378929c015a521651146fb7e3d25320
[tp] path_request dest=/e792a1b9b43cc8b95d12ecd2d1d3e8b2/ iface=/d86e8112f3c4c4442126f8e9f44f1686/
[tp] link_data dst=/325f18903084c9cae46c2b746fa025ed/ ctx=06 len=96
[tp] link_data dst=/325f18903084c9cae46c2b746fa025ed/ ctx=fc len=80
[tp] link_request dst=/6dee4caf17f87a1051504791002c8786/ ctx=00 hops=2
[tp] link_proof_tx dst=/6dee4caf17f87a1051504791002c8786/ link_id=/ec685c43a229bfad5413713c493d0536/
[tp] link_data dst=/ec685c43a229bfad5413713c493d0536/ ctx=fe len=64
[tp] link_data dst=/ec685c43a229bfad5413713c493d0536/ ctx=fb len=192
[link] data_plain len=128 preview=086def840ff0e656498ad1a760c4de7bc001c603809e441f7018d2e042a3ca4e
[tp] path_request dest=/12cb1ed29943213839f0b0d18cd42761/ iface=/d86e8112f3c4c4442126f8e9f44f1686/
[tp] path_request dest=/a15f32cc809931cb4fcdf27adbe05aa6/ iface=/d86e8112f3c4c4442126f8e9f44f1686/
[tp] link_data dst=/113bf6406e4e1d42ae4ff7889b2fed1f/ ctx=08 len=32
[tp] path_request dest=/595cc952d504591a82896317787676ca/ iface=/d86e8112f3c4c4442126f8e9f44f1686/
[tp] link_data dst=/e3a30aadc8fc025e874932555001953c/ ctx=06 len=96
[tp] link_data dst=/e3a30aadc8fc025e874932555001953c/ ctx=fc len=80
[tp] path_request dest=/b8bbfff472fe128873c9395a3ff8b353/ iface=/d86e8112f3c4c4442126f8e9f44f1686/
[tp] path_request dest=/e792a1b9b43cc8b95d12ecd2d1d3e8b2/ iface=/d86e8112f3c4c4442126f8e9f44f1686/
[tp] link_request dst=/6dee4caf17f87a1051504791002c8786/ ctx=00 hops=2
[tp] link_proof_tx dst=/6dee4caf17f87a1051504791002c8786/ link_id=/b25af5fd9a35d5a010e6118c74718788/
[tp] link_data dst=/b25af5fd9a35d5a010e6118c74718788/ ctx=fe len=64
[tp] link_data dst=/b25af5fd9a35d5a010e6118c74718788/ ctx=fb len=192
[link] data_plain len=128 preview=3f8f84ffe6b68f168b03338be78519e42a3a446c0c19c2c6dfaaf906eba7f61d
[tp] path_request dest=/0afd2d4541ff8c768f8015a3c76971be/ iface=/d86e8112f3c4c4442126f8e9f44f1686/
[tp] path_request dest=/a15f32cc809931cb4fcdf27adbe05aa6/ iface=/d86e8112f3c4c4442126f8e9f44f1686/
[tp] link_data dst=/113bf6406e4e1d42ae4ff7889b2fed1f/ ctx=06 len=96
[tp] link_data dst=/113bf6406e4e1d42ae4ff7889b2fed1f/ ctx=fc len=80
[tp] path_request dest=/965511769c059271e655c503e810a670/ iface=/d86e8112f3c4c4442126f8e9f44f1686/
[tp] link_data dst=/6d1199a4b999cf51e297e2500937d277/ ctx=fa len=1
[tp] link_data dst=/c0461c6b3228acb02e99197ca3f17705/ ctx=fa len=1
[tp] path_request dest=/12cb1ed29943213839f0b0d18cd42761/ iface=/d86e8112f3c4c4442126f8e9f44f1686/
[tp] link_data dst=/00551596195d1dc1f8599fa9a8e92c89/ ctx=fa len=1
[tp] link_request dst=/6dee4caf17f87a1051504791002c8786/ ctx=00 hops=3
[tp] link_proof_tx dst=/6dee4caf17f87a1051504791002c8786/ link_id=/7e2acb8aeb608475f417db267a9998fa/
[tp] link_data dst=/7e2acb8aeb608475f417db267a9998fa/ ctx=fe len=64
[tp] link_data dst=/7e2acb8aeb608475f417db267a9998fa/ ctx=fb len=192
[link] data_plain len=128 preview=cbd4a6d311ba97b671bd75d501e048cad1f23eba47622f0bde8eed57b0d56814
[tp] path_request dest=/0ffa0968a18cb499c260e774cd3d9f28/ iface=/d86e8112f3c4c4442126f8e9f44f1686/
[tp] link_data dst=/00551596195d1dc1f8599fa9a8e92c89/ ctx=fc len=80
[tp] link_request dst=/6dee4caf17f87a1051504791002c8786/ ctx=00 hops=2
[tp] link_proof_tx dst=/6dee4caf17f87a1051504791002c8786/ link_id=/3c77ba082a9d6c40d2c3af521c3dde5a/
[tp] link_data dst=/3c77ba082a9d6c40d2c3af521c3dde5a/ ctx=fe len=64
[tp] link_data dst=/3c77ba082a9d6c40d2c3af521c3dde5a/ ctx=fb len=192
[link] data_plain len=128 preview=4913e1db3253c4f39555ffdfe8435b1baf2b5b7dfdbb6065f8ca81371cbd5b17
[tp] path_request dest=/8777301cc7cc14107104ae50e0d06cfa/ iface=/d86e8112f3c4c4442126f8e9f44f1686/
[tp] path_request dest=/a3dfea289534e4b2d0f5730310eebd99/ iface=/d86e8112f3c4c4442126f8e9f44f1686/
[tp] link_data dst=/7e2acb8aeb608475f417db267a9998fa/ ctx=08 len=32
[tp] path_request dest=/a15f32cc809931cb4fcdf27adbe05aa6/ iface=/d86e8112f3c4c4442126f8e9f44f1686/
[tp] path_request dest=/e792a1b9b43cc8b95d12ecd2d1d3e8b2/ iface=/d86e8112f3c4c4442126f8e9f44f1686/
[tp] link_data dst=/b25af5fd9a35d5a010e6118c74718788/ ctx=fa len=1
[tp] path_request dest=/b8bbfff472fe128873c9395a3ff8b353/ iface=/d86e8112f3c4c4442126f8e9f44f1686/
[tp] link_request dst=/6dee4caf17f87a1051504791002c8786/ ctx=00 hops=3
[tp] link_proof_tx dst=/6dee4caf17f87a1051504791002c8786/ link_id=/c96e16c68480a0d2a52bce767f17955c/
[tp] link_data dst=/c96e16c68480a0d2a52bce767f17955c/ ctx=fe len=64
[tp] link_data dst=/c96e16c68480a0d2a52bce767f17955c/ ctx=fb len=192
[link] data_plain len=128 preview=caeb241290061ad1380b094471a8ab92b78aeb000a7b67d3c3af96b3825f2026
[tp] path_request dest=/47b6cea814d9ca40bb0cadad2139625a/ iface=/d86e8112f3c4c4442126f8e9f44f1686/
[tp] link_data dst=/c0461c6b3228acb02e99197ca3f17705/ ctx=06 len=96
[tp] link_data dst=/c0461c6b3228acb02e99197ca3f17705/ ctx=fc len=80
[tp] link_request dst=/6dee4caf17f87a1051504791002c8786/ ctx=00 hops=1
[tp] link_proof_tx dst=/6dee4caf17f87a1051504791002c8786/ link_id=/049d258f8a0c4dd658b3a6d2b47a07a2/
[tp] path_request dest=/12cb1ed29943213839f0b0d18cd42761/ iface=/d86e8112f3c4c4442126f8e9f44f1686/
[tp] link_data dst=/049d258f8a0c4dd658b3a6d2b47a07a2/ ctx=fe len=64
[tp] link_data dst=/049d258f8a0c4dd658b3a6d2b47a07a2/ ctx=fb len=192
[link] data_plain len=128 preview=69d501e6cc31a4301060838e059a83ad1222dee5383b88a2a87c3d837c447343
[tp] link_request dst=/6dee4caf17f87a1051504791002c8786/ ctx=00 hops=2
[tp] link_proof_tx dst=/6dee4caf17f87a1051504791002c8786/ link_id=/1cfa596511558f7e9ff1876782cb6f12/
[tp] link_data dst=/1cfa596511558f7e9ff1876782cb6f12/ ctx=fe len=64
[tp] link_data dst=/1cfa596511558f7e9ff1876782cb6f12/ ctx=fb len=192
[link] data_plain len=128 preview=1b599a71ed6a929084c48c8f1ef3621f995f1fab242197d824024fb4f6f4d551
[tp] link_data dst=/3de02f3f23127281560325f1784289e3/ ctx=06 len=96
[tp] link_data dst=/3de02f3f23127281560325f1784289e3/ ctx=fc len=80
[tp] path_request dest=/a15f32cc809931cb4fcdf27adbe05aa6/ iface=/d86e8112f3c4c4442126f8e9f44f1686/
[tp] link_data dst=/7e2acb8aeb608475f417db267a9998fa/ ctx=06 len=96
[tp] link_data dst=/7e2acb8aeb608475f417db267a9998fa/ ctx=fc len=80
[tp] link_data dst=/c96e16c68480a0d2a52bce767f17955c/ ctx=08 len=32
[tp] link_data dst=/049d258f8a0c4dd658b3a6d2b47a07a2/ ctx=08 len=32
[tp] link_data dst=/1cfa596511558f7e9ff1876782cb6f12/ ctx=08 len=32
[tp] link_data dst=/3c77ba082a9d6c40d2c3af521c3dde5a/ ctx=fa len=1
[tp] link_request dst=/6dee4caf17f87a1051504791002c8786/ ctx=00 hops=2
[tp] link_proof_tx dst=/6dee4caf17f87a1051504791002c8786/ link_id=/5e836c285952ebd219f446be42f5a073/
[tp] link_data dst=/5e836c285952ebd219f446be42f5a073/ ctx=fe len=64
[tp] link_data dst=/5e836c285952ebd219f446be42f5a073/ ctx=fb len=192
[link] data_plain len=128 preview=722fe51808e9a53c865100a3d27a9490d79d892a18343cef7df37d080fa80170
[tp] path_request dest=/a15f32cc809931cb4fcdf27adbe05aa6/ iface=/d86e8112f3c4c4442126f8e9f44f1686/
[tp] path_request dest=/a3dfea289534e4b2d0f5730310eebd99/ iface=/d86e8112f3c4c4442126f8e9f44f1686/
[tp] path_request dest=/995cc3851347f138f51af73d182d5e1d/ iface=/d86e8112f3c4c4442126f8e9f44f1686/
[tp] path_request dest=/12cb1ed29943213839f0b0d18cd42761/ iface=/d86e8112f3c4c4442126f8e9f44f1686/
[tp] link_data dst=/b25af5fd9a35d5a010e6118c74718788/ ctx=fa len=1
[tp] path_request dest=/b8bbfff472fe128873c9395a3ff8b353/ iface=/d86e8112f3c4c4442126f8e9f44f1686/
[tp] path_request dest=/b18bb3d4ac56c99c5ee4791d79496ca2/ iface=/d86e8112f3c4c4442126f8e9f44f1686/
[tp] link_data dst=/b25af5fd9a35d5a010e6118c74718788/ ctx=fc len=80
[tp] link_data dst=/5e836c285952ebd219f446be42f5a073/ ctx=08 len=32
[tp] link_data dst=/049d258f8a0c4dd658b3a6d2b47a07a2/ ctx=06 len=96
[tp] link_data dst=/049d258f8a0c4dd658b3a6d2b47a07a2/ ctx=fc len=80
[tp] link_data dst=/c96e16c68480a0d2a52bce767f17955c/ ctx=06 len=96
[tp] link_data dst=/c96e16c68480a0d2a52bce767f17955c/ ctx=fc len=80
[tp] link_data dst=/6d1199a4b999cf51e297e2500937d277/ ctx=fa len=1
[tp] link_data dst=/1cfa596511558f7e9ff1876782cb6f12/ ctx=06 len=96
[tp] link_data dst=/1cfa596511558f7e9ff1876782cb6f12/ ctx=fc len=80
[tp] link_data dst=/6d1199a4b999cf51e297e2500937d277/ ctx=fc len=80
[tp] path_request dest=/0afd2d4541ff8c768f8015a3c76971be/ iface=/d86e8112f3c4c4442126f8e9f44f1686/
[tp] link_data dst=/ec685c43a229bfad5413713c493d0536/ ctx=fa len=1
[tp] link_request dst=/6dee4caf17f87a1051504791002c8786/ ctx=00 hops=2
[tp] link_proof_tx dst=/6dee4caf17f87a1051504791002c8786/ link_id=/6d4cbc78496de5bf0f0da316c760e6e0/
[tp] link_data dst=/6d4cbc78496de5bf0f0da316c760e6e0/ ctx=fe len=64
[tp] link_data dst=/6d4cbc78496de5bf0f0da316c760e6e0/ ctx=fb len=192
[link] data_plain len=128 preview=35e65fe12a80ee3d00278ef932383927bd791670aa6a7f7a029c1a472045933f
[tp] link_request dst=/6dee4caf17f87a1051504791002c8786/ ctx=00 hops=3
[tp] link_proof_tx dst=/6dee4caf17f87a1051504791002c8786/ link_id=/5a74771dc1bed0369d95f4f8dcf52ba4/
[tp] link_data dst=/5a74771dc1bed0369d95f4f8dcf52ba4/ ctx=fe len=64
[tp] link_data dst=/5a74771dc1bed0369d95f4f8dcf52ba4/ ctx=fb len=192
[link] data_plain len=128 preview=caeb241290061ad1380b094471a8ab92b78aeb000a7b67d3c3af96b3825f2026
[tp] link_request dst=/6dee4caf17f87a1051504791002c8786/ ctx=00 hops=1
[tp] link_proof_tx dst=/6dee4caf17f87a1051504791002c8786/ link_id=/fff5229be75a9499c39fe99ea63b99f2/
[tp] link_data dst=/fff5229be75a9499c39fe99ea63b99f2/ ctx=fe len=64
[tp] link_data dst=/fff5229be75a9499c39fe99ea63b99f2/ ctx=fb len=192
[link] data_plain len=128 preview=48239eb3ae793e1da445b9b6068893bd1378929c015a521651146fb7e3d25320
[tp] path_request dest=/0769357259e48819ea9194b6230b2cef/ iface=/d86e8112f3c4c4442126f8e9f44f1686/
[tp] link_request dst=/6dee4caf17f87a1051504791002c8786/ ctx=00 hops=2
[tp] link_proof_tx dst=/6dee4caf17f87a1051504791002c8786/ link_id=/a78f55309a66693905814036a36a9d54/
[tp] link_data dst=/a78f55309a66693905814036a36a9d54/ ctx=fe len=64
[tp] link_data dst=/a78f55309a66693905814036a36a9d54/ ctx=fb len=192
[link] data_plain len=128 preview=1b599a71ed6a929084c48c8f1ef3621f995f1fab242197d824024fb4f6f4d551
[tp] link_data dst=/5e836c285952ebd219f446be42f5a073/ ctx=06 len=96
[tp] link_data dst=/5e836c285952ebd219f446be42f5a073/ ctx=fc len=80
[tp] path_request dest=/f8de3e21f2b92e8eb4bb505f1e1381c4/ iface=/d86e8112f3c4c4442126f8e9f44f1686/
[tp] path_request dest=/12cb1ed29943213839f0b0d18cd42761/ iface=/d86e8112f3c4c4442126f8e9f44f1686/
[tp] link_data dst=/5a74771dc1bed0369d95f4f8dcf52ba4/ ctx=08 len=32
[tp] path_request dest=/a15f32cc809931cb4fcdf27adbe05aa6/ iface=/d86e8112f3c4c4442126f8e9f44f1686/
[tp] link_data dst=/fff5229be75a9499c39fe99ea63b99f2/ ctx=08 len=32
[tp] link_data dst=/3c77ba082a9d6c40d2c3af521c3dde5a/ ctx=fa len=1
[tp] link_data dst=/3c77ba082a9d6c40d2c3af521c3dde5a/ ctx=fc len=80
[tp] path_request dest=/88082fd6f73e93e3e5fad9af6ee05453/ iface=/d86e8112f3c4c4442126f8e9f44f1686/
[tp] path_request dest=/e233d8d7e9c5f61419d45138ef0d90ff/ iface=/d86e8112f3c4c4442126f8e9f44f1686/
[tp] path_request dest=/b8bbfff472fe128873c9395a3ff8b353/ iface=/d86e8112f3c4c4442126f8e9f44f1686/
[tp] path_request dest=/a3dfea289534e4b2d0f5730310eebd99/ iface=/d86e8112f3c4c4442126f8e9f44f1686/
[tp] path_request dest=/995cc3851347f138f51af73d182d5e1d/ iface=/d86e8112f3c4c4442126f8e9f44f1686/
[tp] path_request dest=/0afd2d4541ff8c768f8015a3c76971be/ iface=/d86e8112f3c4c4442126f8e9f44f1686/
[tp] link_data dst=/fff5229be75a9499c39fe99ea63b99f2/ ctx=06 len=96
[tp] link_data dst=/fff5229be75a9499c39fe99ea63b99f2/ ctx=fc len=80
[tp] path_request dest=/8777301cc7cc14107104ae50e0d06cfa/ iface=/d86e8112f3c4c4442126f8e9f44f1686/
[tp] link_data dst=/5a74771dc1bed0369d95f4f8dcf52ba4/ ctx=06 len=96
[tp] link_data dst=/5a74771dc1bed0369d95f4f8dcf52ba4/ ctx=fc len=80
[tp] path_request dest=/a15f32cc809931cb4fcdf27adbe05aa6/ iface=/d86e8112f3c4c4442126f8e9f44f1686/
[tp] path_request dest=/58681bf71893d092811b7b97b6f767cf/ iface=/d86e8112f3c4c4442126f8e9f44f1686/
[tp] path_request dest=/12cb1ed29943213839f0b0d18cd42761/ iface=/d86e8112f3c4c4442126f8e9f44f1686/
[tp] path_request dest=/9dd6e35b6b7fbdecd3c2dcb86da28d6a/ iface=/d86e8112f3c4c4442126f8e9f44f1686/
[tp] link_data dst=/6d4cbc78496de5bf0f0da316c760e6e0/ ctx=fa len=1
[tp] link_request dst=/6dee4caf17f87a1051504791002c8786/ ctx=00 hops=1
[tp] link_proof_tx dst=/6dee4caf17f87a1051504791002c8786/ link_id=/ffd861cc891102c781a92aa963e86f27/
[tp] link_data dst=/ffd861cc891102c781a92aa963e86f27/ ctx=fe len=64
[tp] link_data dst=/ffd861cc891102c781a92aa963e86f27/ ctx=fb len=192
[link] data_plain len=128 preview=69d501e6cc31a4301060838e059a83ad1222dee5383b88a2a87c3d837c447343
[tp] link_request dst=/6dee4caf17f87a1051504791002c8786/ ctx=00 hops=2
[tp] link_proof_tx dst=/6dee4caf17f87a1051504791002c8786/ link_id=/d4bf9bc6535e4dc274728623fd1178a6/
[tp] link_data dst=/d4bf9bc6535e4dc274728623fd1178a6/ ctx=fe len=64
[tp] link_data dst=/d4bf9bc6535e4dc274728623fd1178a6/ ctx=fb len=192
[link] data_plain len=128 preview=4913e1db3253c4f39555ffdfe8435b1baf2b5b7dfdbb6065f8ca81371cbd5b17
[tp] link_data dst=/ffd861cc891102c781a92aa963e86f27/ ctx=08 len=32
[tp] link_request dst=/6dee4caf17f87a1051504791002c8786/ ctx=00 hops=2
[tp] link_proof_tx dst=/6dee4caf17f87a1051504791002c8786/ link_id=/06378b2a6cae2c2ca010aae10c417ab1/
[tp] link_data dst=/06378b2a6cae2c2ca010aae10c417ab1/ ctx=fe len=64
[tp] link_data dst=/06378b2a6cae2c2ca010aae10c417ab1/ ctx=fb len=192
[link] data_plain len=128 preview=c757c88946ae81f0974a33437ab209bac39469edc778f04bc7c155cdb8ea1441
[tp] link_request dst=/6dee4caf17f87a1051504791002c8786/ ctx=00 hops=3
[tp] link_proof_tx dst=/6dee4caf17f87a1051504791002c8786/ link_id=/43c028f84d3a38e1f3f2392272de4702/
[tp] link_data dst=/43c028f84d3a38e1f3f2392272de4702/ ctx=fe len=64
[tp] link_data dst=/43c028f84d3a38e1f3f2392272de4702/ ctx=fb len=192
[link] data_plain len=128 preview=b1d08b2315cf53c1efdf0a60cadf0ab72f82a691adf040c6b9990f393fcaaf53
[tp] path_request dest=/0ffa0968a18cb499c260e774cd3d9f28/ iface=/d86e8112f3c4c4442126f8e9f44f1686/
[tp] path_request dest=/b8bbfff472fe128873c9395a3ff8b353/ iface=/d86e8112f3c4c4442126f8e9f44f1686/
[tp] link_request dst=/6dee4caf17f87a1051504791002c8786/ ctx=00 hops=2
[tp] link_proof_tx dst=/6dee4caf17f87a1051504791002c8786/ link_id=/c5ffe1d397f6b87b01ea6a53b24b9b3e/
[tp] link_data dst=/c5ffe1d397f6b87b01ea6a53b24b9b3e/ ctx=fe len=64
[tp] link_data dst=/c5ffe1d397f6b87b01ea6a53b24b9b3e/ ctx=fb len=192
[link] data_plain len=128 preview=722fe51808e9a53c865100a3d27a9490d79d892a18343cef7df37d080fa80170
[tp] path_request dest=/e233d8d7e9c5f61419d45138ef0d90ff/ iface=/d86e8112f3c4c4442126f8e9f44f1686/
[tp] path_request dest=/88082fd6f73e93e3e5fad9af6ee05453/ iface=/d86e8112f3c4c4442126f8e9f44f1686/
[tp] path_request dest=/12cb1ed29943213839f0b0d18cd42761/ iface=/d86e8112f3c4c4442126f8e9f44f1686/
[tp] path_request dest=/e792a1b9b43cc8b95d12ecd2d1d3e8b2/ iface=/d86e8112f3c4c4442126f8e9f44f1686/
[tp] link_data dst=/6d4cbc78496de5bf0f0da316c760e6e0/ ctx=06 len=96
[tp] link_data dst=/6d4cbc78496de5bf0f0da316c760e6e0/ ctx=fc len=80
[tp] link_data dst=/06378b2a6cae2c2ca010aae10c417ab1/ ctx=08 len=32
[tp] link_data dst=/ffd861cc891102c781a92aa963e86f27/ ctx=06 len=96
[tp] link_data dst=/ffd861cc891102c781a92aa963e86f27/ ctx=fc len=80
[tp] link_data dst=/c5ffe1d397f6b87b01ea6a53b24b9b3e/ ctx=08 len=32
[tp] path_request dest=/b18bb3d4ac56c99c5ee4791d79496ca2/ iface=/d86e8112f3c4c4442126f8e9f44f1686/
[tp] link_request dst=/6dee4caf17f87a1051504791002c8786/ ctx=00 hops=2
[tp] link_proof_tx dst=/6dee4caf17f87a1051504791002c8786/ link_id=/7de7de8ff0cb1d412e9a15cf8efee2b2/
[tp] link_data dst=/7de7de8ff0cb1d412e9a15cf8efee2b2/ ctx=fe len=64
[tp] link_data dst=/7de7de8ff0cb1d412e9a15cf8efee2b2/ ctx=fb len=192
[link] data_plain len=128 preview=35e65fe12a80ee3d00278ef932383927bd791670aa6a7f7a029c1a472045933f
[tp] link_data dst=/06378b2a6cae2c2ca010aae10c417ab1/ ctx=06 len=96
[tp] link_data dst=/06378b2a6cae2c2ca010aae10c417ab1/ ctx=fc len=80
[tp] link_data dst=/ec685c43a229bfad5413713c493d0536/ ctx=fa len=1
[tp] path_request dest=/12cb1ed29943213839f0b0d18cd42761/ iface=/d86e8112f3c4c4442126f8e9f44f1686/
[tp] path_request dest=/b8bbfff472fe128873c9395a3ff8b353/ iface=/d86e8112f3c4c4442126f8e9f44f1686/
[tp] link_data dst=/ec685c43a229bfad5413713c493d0536/ ctx=fc len=80
[tp] link_data dst=/c5ffe1d397f6b87b01ea6a53b24b9b3e/ ctx=06 len=96
[tp] link_data dst=/c5ffe1d397f6b87b01ea6a53b24b9b3e/ ctx=fc len=80
[tp] link_data dst=/d4bf9bc6535e4dc274728623fd1178a6/ ctx=fa len=1
[tp] path_request dest=/0afd2d4541ff8c768f8015a3c76971be/ iface=/d86e8112f3c4c4442126f8e9f44f1686/
[tp] link_data dst=/a78f55309a66693905814036a36a9d54/ ctx=08 len=32
[tp] link_data dst=/a78f55309a66693905814036a36a9d54/ ctx=06 len=96
[tp] link_data dst=/a78f55309a66693905814036a36a9d54/ ctx=fc len=80
[tp] link_request dst=/6dee4caf17f87a1051504791002c8786/ ctx=00 hops=2
[tp] link_proof_tx dst=/6dee4caf17f87a1051504791002c8786/ link_id=/eb3c4524a0ae3d936f6b0a1a84ba1a35/
[tp] link_request dst=/6dee4caf17f87a1051504791002c8786/ ctx=00 hops=2
[tp] link_proof_tx dst=/6dee4caf17f87a1051504791002c8786/ link_id=/980b7712aec5ca9f47637b16daecbd76/
[tp] link_data dst=/980b7712aec5ca9f47637b16daecbd76/ ctx=fe len=64
[tp] link_data dst=/980b7712aec5ca9f47637b16daecbd76/ ctx=fb len=192
[link] data_plain len=128 preview=3f8f84ffe6b68f168b03338be78519e42a3a446c0c19c2c6dfaaf906eba7f61d
[tp] link_data dst=/01465d5ab6a9af227c273df62339e414/ ctx=fa len=1
[tp] path_request dest=/58681bf71893d092811b7b97b6f767cf/ iface=/d86e8112f3c4c4442126f8e9f44f1686/
[tp] path_request dest=/8777301cc7cc14107104ae50e0d06cfa/ iface=/d86e8112f3c4c4442126f8e9f44f1686/
[tp] path_request dest=/f8de3e21f2b92e8eb4bb505f1e1381c4/ iface=/d86e8112f3c4c4442126f8e9f44f1686/
[tp] path_request dest=/e233d8d7e9c5f61419d45138ef0d90ff/ iface=/d86e8112f3c4c4442126f8e9f44f1686/
[tp] link_data dst=/43c028f84d3a38e1f3f2392272de4702/ ctx=fa len=1
[tp] path_request dest=/a3dfea289534e4b2d0f5730310eebd99/ iface=/d86e8112f3c4c4442126f8e9f44f1686/
[tp] link_request dst=/6dee4caf17f87a1051504791002c8786/ ctx=00 hops=3
[tp] link_proof_tx dst=/6dee4caf17f87a1051504791002c8786/ link_id=/372cc5428c8ea11149050d025616c81d/
[tp] link_data dst=/372cc5428c8ea11149050d025616c81d/ ctx=fe len=64
[tp] link_data dst=/372cc5428c8ea11149050d025616c81d/ ctx=fb len=192
[link] data_plain len=128 preview=caeb241290061ad1380b094471a8ab92b78aeb000a7b67d3c3af96b3825f2026
[tp] link_request dst=/6dee4caf17f87a1051504791002c8786/ ctx=00 hops=2
[tp] link_proof_tx dst=/6dee4caf17f87a1051504791002c8786/ link_id=/8dd2821ec95e2b994426ce9a8dfea40f/
[tp] link_data dst=/8dd2821ec95e2b994426ce9a8dfea40f/ ctx=fe len=64
[tp] link_data dst=/8dd2821ec95e2b994426ce9a8dfea40f/ ctx=fb len=192
[link] data_plain len=128 preview=086def840ff0e656498ad1a760c4de7bc001c603809e441f7018d2e042a3ca4e
[tp] path_request dest=/12cb1ed29943213839f0b0d18cd42761/ iface=/d86e8112f3c4c4442126f8e9f44f1686/
[tp] link_data dst=/7de7de8ff0cb1d412e9a15cf8efee2b2/ ctx=fa len=1
[tp] path_request dest=/995cc3851347f138f51af73d182d5e1d/ iface=/d86e8112f3c4c4442126f8e9f44f1686/
[tp] link_request dst=/6dee4caf17f87a1051504791002c8786/ ctx=00 hops=1
[tp] link_proof_tx dst=/6dee4caf17f87a1051504791002c8786/ link_id=/88a7d9cb8cde764d0bbcbd9fa86ab6db/
[tp] link_data dst=/88a7d9cb8cde764d0bbcbd9fa86ab6db/ ctx=fe len=64
[tp] link_data dst=/88a7d9cb8cde764d0bbcbd9fa86ab6db/ ctx=fb len=192
[link] data_plain len=128 preview=69d501e6cc31a4301060838e059a83ad1222dee5383b88a2a87c3d837c447343
[tp] path_request dest=/b8bbfff472fe128873c9395a3ff8b353/ iface=/d86e8112f3c4c4442126f8e9f44f1686/
[tp] link_data dst=/372cc5428c8ea11149050d025616c81d/ ctx=08 len=32
[tp] link_request dst=/6dee4caf17f87a1051504791002c8786/ ctx=00 hops=2
[tp] link_proof_tx dst=/6dee4caf17f87a1051504791002c8786/ link_id=/703649d310ee238c076d4fbe98e773fa/
[tp] path_request dest=/58681bf71893d092811b7b97b6f767cf/ iface=/d86e8112f3c4c4442126f8e9f44f1686/
[tp] link_data dst=/703649d310ee238c076d4fbe98e773fa/ ctx=fe len=64
[tp] link_data dst=/703649d310ee238c076d4fbe98e773fa/ ctx=fb len=192
[link] data_plain len=128 preview=586528998cc5cb6f63d677614052350359a4eaac0310a30853a9bed5643f890d
[tp] path_request dest=/e233d8d7e9c5f61419d45138ef0d90ff/ iface=/d86e8112f3c4c4442126f8e9f44f1686/
[tp] link_data dst=/980b7712aec5ca9f47637b16daecbd76/ ctx=fa len=1
[tp] path_request dest=/0afd2d4541ff8c768f8015a3c76971be/ iface=/d86e8112f3c4c4442126f8e9f44f1686/
[tp] link_data dst=/88a7d9cb8cde764d0bbcbd9fa86ab6db/ ctx=08 len=32
[tp] link_data dst=/703649d310ee238c076d4fbe98e773fa/ ctx=08 len=32
[tp] link_data dst=/d4bf9bc6535e4dc274728623fd1178a6/ ctx=fa len=1
[tp] path_request dest=/12cb1ed29943213839f0b0d18cd42761/ iface=/d86e8112f3c4c4442126f8e9f44f1686/
[tp] path_request dest=/84c035882120217dbbe2bcea8b67960a/ iface=/d86e8112f3c4c4442126f8e9f44f1686/
[tp] link_data dst=/d4bf9bc6535e4dc274728623fd1178a6/ ctx=fc len=80
[tp] link_data dst=/372cc5428c8ea11149050d025616c81d/ ctx=06 len=96
[tp] link_data dst=/372cc5428c8ea11149050d025616c81d/ ctx=fc len=80
[tp] path_request dest=/58681bf71893d092811b7b97b6f767cf/ iface=/d86e8112f3c4c4442126f8e9f44f1686/
[tp] link_data dst=/7de7de8ff0cb1d412e9a15cf8efee2b2/ ctx=06 len=96
[tp] link_data dst=/7de7de8ff0cb1d412e9a15cf8efee2b2/ ctx=fc len=80
[tp] link_request dst=/6dee4caf17f87a1051504791002c8786/ ctx=00 hops=2
[tp] link_proof_tx dst=/6dee4caf17f87a1051504791002c8786/ link_id=/9e17c3f686d224ba5cc06523a2fe3dd5/
[tp] link_data dst=/9e17c3f686d224ba5cc06523a2fe3dd5/ ctx=fe len=64
[tp] link_data dst=/9e17c3f686d224ba5cc06523a2fe3dd5/ ctx=fb len=192
[link] data_plain len=128 preview=4913e1db3253c4f39555ffdfe8435b1baf2b5b7dfdbb6065f8ca81371cbd5b17
[tp] link_request dst=/6dee4caf17f87a1051504791002c8786/ ctx=00 hops=2
[tp] link_proof_tx dst=/6dee4caf17f87a1051504791002c8786/ link_id=/6ebaa77e9aded0dbdd83daf1c7f5a6f2/
[tp] link_data dst=/6ebaa77e9aded0dbdd83daf1c7f5a6f2/ ctx=fe len=64
[tp] link_data dst=/6ebaa77e9aded0dbdd83daf1c7f5a6f2/ ctx=fb len=192
[link] data_plain len=128 preview=c757c88946ae81f0974a33437ab209bac39469edc778f04bc7c155cdb8ea1441
[tp] link_data dst=/88a7d9cb8cde764d0bbcbd9fa86ab6db/ ctx=06 len=96
[tp] link_data dst=/88a7d9cb8cde764d0bbcbd9fa86ab6db/ ctx=fc len=80
[tp] link_request dst=/6dee4caf17f87a1051504791002c8786/ ctx=00 hops=3
[tp] link_proof_tx dst=/6dee4caf17f87a1051504791002c8786/ link_id=/92e7455f8f490781d21040d3489cd755/
[tp] link_data dst=/92e7455f8f490781d21040d3489cd755/ ctx=fe len=64
[tp] link_data dst=/92e7455f8f490781d21040d3489cd755/ ctx=fb len=192
[link] data_plain len=128 preview=caeb241290061ad1380b094471a8ab92b78aeb000a7b67d3c3af96b3825f2026
[tp] path_request dest=/995cc3851347f138f51af73d182d5e1d/ iface=/d86e8112f3c4c4442126f8e9f44f1686/
[tp] path_request dest=/b8bbfff472fe128873c9395a3ff8b353/ iface=/d86e8112f3c4c4442126f8e9f44f1686/
[tp] link_data dst=/703649d310ee238c076d4fbe98e773fa/ ctx=06 len=96
[tp] link_data dst=/703649d310ee238c076d4fbe98e773fa/ ctx=fc len=80
[tp] link_request dst=/6dee4caf17f87a1051504791002c8786/ ctx=00 hops=2
[tp] link_proof_tx dst=/6dee4caf17f87a1051504791002c8786/ link_id=/41cd8d095b9b68e1e06ec58fe93e7a45/
[tp] link_data dst=/41cd8d095b9b68e1e06ec58fe93e7a45/ ctx=fe len=64
[tp] link_data dst=/41cd8d095b9b68e1e06ec58fe93e7a45/ ctx=fb len=192
[link] data_plain len=128 preview=35e65fe12a80ee3d00278ef932383927bd791670aa6a7f7a029c1a472045933f
[tp] path_request dest=/58681bf71893d092811b7b97b6f767cf/ iface=/d86e8112f3c4c4442126f8e9f44f1686/
[tp] link_data dst=/6ebaa77e9aded0dbdd83daf1c7f5a6f2/ ctx=08 len=32
[tp] link_data dst=/980b7712aec5ca9f47637b16daecbd76/ ctx=fa len=1
[tp] link_data dst=/980b7712aec5ca9f47637b16daecbd76/ ctx=fc len=80
[tp] link_data dst=/92e7455f8f490781d21040d3489cd755/ ctx=08 len=32
[tp] path_request dest=/12cb1ed29943213839f0b0d18cd42761/ iface=/d86e8112f3c4c4442126f8e9f44f1686/
[tp] link_data dst=/43c028f84d3a38e1f3f2392272de4702/ ctx=fa len=1
[tp] link_data dst=/43c028f84d3a38e1f3f2392272de4702/ ctx=fc len=80
[tp] path_request dest=/47b6cea814d9ca40bb0cadad2139625a/ iface=/d86e8112f3c4c4442126f8e9f44f1686/
[tp] path_request dest=/58681bf71893d092811b7b97b6f767cf/ iface=/d86e8112f3c4c4442126f8e9f44f1686/
[tp] link_data dst=/6ebaa77e9aded0dbdd83daf1c7f5a6f2/ ctx=06 len=96
[tp] link_data dst=/6ebaa77e9aded0dbdd83daf1c7f5a6f2/ ctx=fc len=80
[tp] link_data dst=/8dd2821ec95e2b994426ce9a8dfea40f/ ctx=fa len=1
[tp] link_data dst=/92e7455f8f490781d21040d3489cd755/ ctx=06 len=96
[tp] link_data dst=/92e7455f8f490781d21040d3489cd755/ ctx=fc len=80
[tp] link_request dst=/6dee4caf17f87a1051504791002c8786/ ctx=00 hops=3
[tp] link_proof_tx dst=/6dee4caf17f87a1051504791002c8786/ link_id=/d0729413f5a6166d89df577a142edaf2/
[tp] link_data dst=/d0729413f5a6166d89df577a142edaf2/ ctx=fe len=64
[tp] link_data dst=/d0729413f5a6166d89df577a142edaf2/ ctx=fb len=192
[link] data_plain len=128 preview=b1d08b2315cf53c1efdf0a60cadf0ab72f82a691adf040c6b9990f393fcaaf53
[tp] link_data dst=/9e17c3f686d224ba5cc06523a2fe3dd5/ ctx=fa len=1
[tp] path_request dest=/b8bbfff472fe128873c9395a3ff8b353/ iface=/d86e8112f3c4c4442126f8e9f44f1686/
[tp] path_request dest=/e233d8d7e9c5f61419d45138ef0d90ff/ iface=/d86e8112f3c4c4442126f8e9f44f1686/
[tp] path_request dest=/12cb1ed29943213839f0b0d18cd42761/ iface=/d86e8112f3c4c4442126f8e9f44f1686/
[tp] path_request dest=/a3dfea289534e4b2d0f5730310eebd99/ iface=/d86e8112f3c4c4442126f8e9f44f1686/
[tp] path_request dest=/995cc3851347f138f51af73d182d5e1d/ iface=/d86e8112f3c4c4442126f8e9f44f1686/
[tp] path_request dest=/8777301cc7cc14107104ae50e0d06cfa/ iface=/d86e8112f3c4c4442126f8e9f44f1686/
[tp] link_request dst=/6dee4caf17f87a1051504791002c8786/ ctx=00 hops=1
[tp] link_proof_tx dst=/6dee4caf17f87a1051504791002c8786/ link_id=/05d514b76008508440fa9550b020a184/
[tp] link_data dst=/05d514b76008508440fa9550b020a184/ ctx=fe len=64
[tp] link_data dst=/05d514b76008508440fa9550b020a184/ ctx=fb len=192
[link] data_plain len=128 preview=69d501e6cc31a4301060838e059a83ad1222dee5383b88a2a87c3d837c447343
[tp] link_data dst=/41cd8d095b9b68e1e06ec58fe93e7a45/ ctx=fa len=1
[tp] link_request dst=/6dee4caf17f87a1051504791002c8786/ ctx=00 hops=2
[tp] link_proof_tx dst=/6dee4caf17f87a1051504791002c8786/ link_id=/07f5e0e48c9f4ad98d949b5fa71a31d1/
[tp] link_request dst=/6dee4caf17f87a1051504791002c8786/ ctx=00 hops=2
[tp] link_proof_tx dst=/6dee4caf17f87a1051504791002c8786/ link_id=/3d6b8689f0b1c1d0bf860902a1819aa3/
[tp] link_data dst=/07f5e0e48c9f4ad98d949b5fa71a31d1/ ctx=fe len=64
[tp] link_data dst=/07f5e0e48c9f4ad98d949b5fa71a31d1/ ctx=fb len=192
[link] data_plain len=128 preview=3f8f84ffe6b68f168b03338be78519e42a3a446c0c19c2c6dfaaf906eba7f61d
[tp] link_data dst=/3d6b8689f0b1c1d0bf860902a1819aa3/ ctx=fe len=64
[tp] link_data dst=/3d6b8689f0b1c1d0bf860902a1819aa3/ ctx=fb len=192
[link] data_plain len=128 preview=c757c88946ae81f0974a33437ab209bac39469edc778f04bc7c155cdb8ea1441
[tp] link_request dst=/6dee4caf17f87a1051504791002c8786/ ctx=00 hops=3
[tp] link_proof_tx dst=/6dee4caf17f87a1051504791002c8786/ link_id=/2b6d2a23b2818cb93d192fe655a99d3c/
[tp] link_data dst=/2b6d2a23b2818cb93d192fe655a99d3c/ ctx=fe len=64
[tp] link_data dst=/2b6d2a23b2818cb93d192fe655a99d3c/ ctx=fb len=192
[link] data_plain len=128 preview=caeb241290061ad1380b094471a8ab92b78aeb000a7b67d3c3af96b3825f2026
[tp] path_request dest=/f8de3e21f2b92e8eb4bb505f1e1381c4/ iface=/d86e8112f3c4c4442126f8e9f44f1686/
[tp] link_data dst=/05d514b76008508440fa9550b020a184/ ctx=08 len=32
[tp] path_request dest=/12cb1ed29943213839f0b0d18cd42761/ iface=/d86e8112f3c4c4442126f8e9f44f1686/
[tp] link_data dst=/2b6d2a23b2818cb93d192fe655a99d3c/ ctx=08 len=32
[tp] link_data dst=/3d6b8689f0b1c1d0bf860902a1819aa3/ ctx=08 len=32
[tp] path_request dest=/b8bbfff472fe128873c9395a3ff8b353/ iface=/d86e8112f3c4c4442126f8e9f44f1686/
[tp] path_request dest=/e179b31d2d36af78231425d8a28c823f/ iface=/d86e8112f3c4c4442126f8e9f44f1686/
[tp] link_data dst=/9e17c3f686d224ba5cc06523a2fe3dd5/ ctx=fa len=1
[tp] link_data dst=/41cd8d095b9b68e1e06ec58fe93e7a45/ ctx=06 len=96
[tp] link_data dst=/41cd8d095b9b68e1e06ec58fe93e7a45/ ctx=fc len=80
[tp] link_data dst=/9e17c3f686d224ba5cc06523a2fe3dd5/ ctx=fc len=80
[tp] link_data dst=/05d514b76008508440fa9550b020a184/ ctx=06 len=96
[tp] link_data dst=/05d514b76008508440fa9550b020a184/ ctx=fc len=80
[tp] path_request dest=/2a2c53858ac1ef449ff10c402a5e512c/ iface=/d86e8112f3c4c4442126f8e9f44f1686/
[tp] path_request dest=/a3dfea289534e4b2d0f5730310eebd99/ iface=/d86e8112f3c4c4442126f8e9f44f1686/
[tp] path_request dest=/995cc3851347f138f51af73d182d5e1d/ iface=/d86e8112f3c4c4442126f8e9f44f1686/
[tp] link_data dst=/2b6d2a23b2818cb93d192fe655a99d3c/ ctx=06 len=96
[tp] link_data dst=/2b6d2a23b2818cb93d192fe655a99d3c/ ctx=fc len=80
[tp] link_request dst=/6dee4caf17f87a1051504791002c8786/ ctx=00 hops=1
[tp] link_proof_tx dst=/6dee4caf17f87a1051504791002c8786/ link_id=/778de5cd74025477587fb17beefd8633/
[tp] link_request dst=/6dee4caf17f87a1051504791002c8786/ ctx=00 hops=2
[tp] link_proof_tx dst=/6dee4caf17f87a1051504791002c8786/ link_id=/077d457459c2564163c7d32d4ddf00ee/
[tp] link_data dst=/077d457459c2564163c7d32d4ddf00ee/ ctx=fe len=64
[tp] link_data dst=/077d457459c2564163c7d32d4ddf00ee/ ctx=fb len=192
[link] data_plain len=128 preview=4913e1db3253c4f39555ffdfe8435b1baf2b5b7dfdbb6065f8ca81371cbd5b17
[tp] link_data dst=/3d6b8689f0b1c1d0bf860902a1819aa3/ ctx=06 len=96
[tp] link_data dst=/3d6b8689f0b1c1d0bf860902a1819aa3/ ctx=fc len=80
[tp] link_data dst=/778de5cd74025477587fb17beefd8633/ ctx=fe len=64
[tp] link_data dst=/778de5cd74025477587fb17beefd8633/ ctx=fb len=192
[link] data_plain len=128 preview=69d501e6cc31a4301060838e059a83ad1222dee5383b88a2a87c3d837c447343
[tp] path_request dest=/47b6cea814d9ca40bb0cadad2139625a/ iface=/d86e8112f3c4c4442126f8e9f44f1686/
[tp] path_request dest=/12cb1ed29943213839f0b0d18cd42761/ iface=/d86e8112f3c4c4442126f8e9f44f1686/
[tp] link_request dst=/6dee4caf17f87a1051504791002c8786/ ctx=00 hops=2
[tp] link_proof_tx dst=/6dee4caf17f87a1051504791002c8786/ link_id=/a2505f007f87328ab529197a7c2909fd/
[tp] link_data dst=/a2505f007f87328ab529197a7c2909fd/ ctx=fe len=64
[tp] link_data dst=/a2505f007f87328ab529197a7c2909fd/ ctx=fb len=192
[link] data_plain len=128 preview=35e65fe12a80ee3d00278ef932383927bd791670aa6a7f7a029c1a472045933f
[tp] link_data dst=/8dd2821ec95e2b994426ce9a8dfea40f/ ctx=fa len=1
[tp] path_request dest=/f8de3e21f2b92e8eb4bb505f1e1381c4/ iface=/d86e8112f3c4c4442126f8e9f44f1686/
[tp] link_data dst=/8dd2821ec95e2b994426ce9a8dfea40f/ ctx=fc len=80
[tp] path_request dest=/b8bbfff472fe128873c9395a3ff8b353/ iface=/d86e8112f3c4c4442126f8e9f44f1686/
[tp] link_data dst=/778de5cd74025477587fb17beefd8633/ ctx=08 len=32
[tp] link_request dst=/6dee4caf17f87a1051504791002c8786/ ctx=00 hops=2
[tp] link_proof_tx dst=/6dee4caf17f87a1051504791002c8786/ link_id=/5318a83eb8406ecb4dc85c3b99cdaebc/
[tp] link_data dst=/5318a83eb8406ecb4dc85c3b99cdaebc/ ctx=fe len=64
[tp] link_data dst=/5318a83eb8406ecb4dc85c3b99cdaebc/ ctx=fb len=192
[link] data_plain len=128 preview=c757c88946ae81f0974a33437ab209bac39469edc778f04bc7c155cdb8ea1441
[tp] link_request dst=/6dee4caf17f87a1051504791002c8786/ ctx=00 hops=2
[tp] link_proof_tx dst=/6dee4caf17f87a1051504791002c8786/ link_id=/a0fa299d45c3260ae24e47d8f8431de0/
[tp] link_data dst=/a0fa299d45c3260ae24e47d8f8431de0/ ctx=fe len=64
[tp] link_data dst=/a0fa299d45c3260ae24e47d8f8431de0/ ctx=fb len=192
[link] data_plain len=128 preview=086def840ff0e656498ad1a760c4de7bc001c603809e441f7018d2e042a3ca4e
[tp] path_request dest=/12cb1ed29943213839f0b0d18cd42761/ iface=/d86e8112f3c4c4442126f8e9f44f1686/
[tp] link_data dst=/5318a83eb8406ecb4dc85c3b99cdaebc/ ctx=08 len=32
[tp] path_request dest=/2a2c53858ac1ef449ff10c402a5e512c/ iface=/d86e8112f3c4c4442126f8e9f44f1686/
[tp] path_request dest=/e792a1b9b43cc8b95d12ecd2d1d3e8b2/ iface=/d86e8112f3c4c4442126f8e9f44f1686/
[tp] path_request dest=/a3dfea289534e4b2d0f5730310eebd99/ iface=/d86e8112f3c4c4442126f8e9f44f1686/
[tp] path_request dest=/b4508c693ae1ddc6a0d472977be93bfc/ iface=/d86e8112f3c4c4442126f8e9f44f1686/
[tp] path_request dest=/995cc3851347f138f51af73d182d5e1d/ iface=/d86e8112f3c4c4442126f8e9f44f1686/
[tp] link_data dst=/778de5cd74025477587fb17beefd8633/ ctx=06 len=96
[tp] link_data dst=/778de5cd74025477587fb17beefd8633/ ctx=fc len=80
[tp] path_request dest=/e792a1b9b43cc8b95d12ecd2d1d3e8b2/ iface=/d86e8112f3c4c4442126f8e9f44f1686/
[tp] link_request dst=/6dee4caf17f87a1051504791002c8786/ ctx=00 hops=3
[tp] link_proof_tx dst=/6dee4caf17f87a1051504791002c8786/ link_id=/41a006de2dac834ecd7403a68712ce01/
[tp] link_data dst=/41a006de2dac834ecd7403a68712ce01/ ctx=fe len=64
[tp] link_data dst=/41a006de2dac834ecd7403a68712ce01/ ctx=fb len=192
[link] data_plain len=128 preview=cbd4a6d311ba97b671bd75d501e048cad1f23eba47622f0bde8eed57b0d56814
[tp] path_request dest=/58681bf71893d092811b7b97b6f767cf/ iface=/d86e8112f3c4c4442126f8e9f44f1686/
[tp] link_request dst=/6dee4caf17f87a1051504791002c8786/ ctx=00 hops=1
[tp] link_proof_tx dst=/6dee4caf17f87a1051504791002c8786/ link_id=/dfcbecb75811a6c10fe470e8842320c5/
[tp] link_data dst=/dfcbecb75811a6c10fe470e8842320c5/ ctx=fe len=64
[tp] link_data dst=/dfcbecb75811a6c10fe470e8842320c5/ ctx=fb len=192
[link] data_plain len=128 preview=93abe5bd821eef8a15e92ad1c4e0cc1828ed446f4396a42041dbaf908b558d64
[tp] path_request dest=/b8bbfff472fe128873c9395a3ff8b353/ iface=/d86e8112f3c4c4442126f8e9f44f1686/
[tp] link_data dst=/5318a83eb8406ecb4dc85c3b99cdaebc/ ctx=06 len=96
[tp] link_data dst=/5318a83eb8406ecb4dc85c3b99cdaebc/ ctx=fc len=80
[tp] link_data dst=/a2505f007f87328ab529197a7c2909fd/ ctx=fa len=1
[tp] path_request dest=/12cb1ed29943213839f0b0d18cd42761/ iface=/d86e8112f3c4c4442126f8e9f44f1686/
[tp] path_request dest=/c11629bc8f0a0c4570588fd987770315/ iface=/d86e8112f3c4c4442126f8e9f44f1686/
[tp] link_data dst=/41a006de2dac834ecd7403a68712ce01/ ctx=08 len=32
[tp] link_data dst=/01465d5ab6a9af227c273df62339e414/ ctx=fa len=1
[tp] path_request dest=/b8bbfff472fe128873c9395a3ff8b353/ iface=/d86e8112f3c4c4442126f8e9f44f1686/
[tp] path_request dest=/c4e05039498407c9d04efd67b3991d9b/ iface=/d86e8112f3c4c4442126f8e9f44f1686/
[tp] link_data dst=/01465d5ab6a9af227c273df62339e414/ ctx=fc len=80
[tp] path_request dest=/47fee00ff7fed7c4207463c32808e72b/ iface=/d86e8112f3c4c4442126f8e9f44f1686/
[tp] path_request dest=/e792a1b9b43cc8b95d12ecd2d1d3e8b2/ iface=/d86e8112f3c4c4442126f8e9f44f1686/
[tp] path_request dest=/58681bf71893d092811b7b97b6f767cf/ iface=/d86e8112f3c4c4442126f8e9f44f1686/
[tp] link_data dst=/d0729413f5a6166d89df577a142edaf2/ ctx=fa len=1
[tp] link_request dst=/6dee4caf17f87a1051504791002c8786/ ctx=00 hops=2
[tp] link_proof_tx dst=/6dee4caf17f87a1051504791002c8786/ link_id=/9c4bbfee8885d4266ab358b162a6d041/
[tp] link_data dst=/9c4bbfee8885d4266ab358b162a6d041/ ctx=fe len=64
[tp] link_data dst=/9c4bbfee8885d4266ab358b162a6d041/ ctx=fb len=192
[link] data_plain len=128 preview=722fe51808e9a53c865100a3d27a9490d79d892a18343cef7df37d080fa80170
[tp] link_data dst=/a2505f007f87328ab529197a7c2909fd/ ctx=06 len=96
[tp] link_data dst=/a2505f007f87328ab529197a7c2909fd/ ctx=fc len=80
[tp] link_request dst=/6dee4caf17f87a1051504791002c8786/ ctx=00 hops=2
[tp] link_proof_tx dst=/6dee4caf17f87a1051504791002c8786/ link_id=/79d73e4f09bcf3ec2152cdb5221734ca/
[tp] link_data dst=/79d73e4f09bcf3ec2152cdb5221734ca/ ctx=fe len=64
[tp] link_data dst=/79d73e4f09bcf3ec2152cdb5221734ca/ ctx=fb len=192
[link] data_plain len=128 preview=c757c88946ae81f0974a33437ab209bac39469edc778f04bc7c155cdb8ea1441
[tp] link_data dst=/41a006de2dac834ecd7403a68712ce01/ ctx=06 len=96
[tp] link_data dst=/41a006de2dac834ecd7403a68712ce01/ ctx=fc len=80
[tp] path_request dest=/a3dfea289534e4b2d0f5730310eebd99/ iface=/d86e8112f3c4c4442126f8e9f44f1686/
[tp] path_request dest=/12cb1ed29943213839f0b0d18cd42761/ iface=/d86e8112f3c4c4442126f8e9f44f1686/
[tp] path_request dest=/c4e05039498407c9d04efd67b3991d9b/ iface=/d86e8112f3c4c4442126f8e9f44f1686/
[tp] path_request dest=/995cc3851347f138f51af73d182d5e1d/ iface=/d86e8112f3c4c4442126f8e9f44f1686/
[tp] link_request dst=/6dee4caf17f87a1051504791002c8786/ ctx=00 hops=3
[tp] link_proof_tx dst=/6dee4caf17f87a1051504791002c8786/ link_id=/11fec961d8f7b0fafe9aaf73b3eda495/
[tp] link_request dst=/6dee4caf17f87a1051504791002c8786/ ctx=00 hops=1
[tp] link_proof_tx dst=/6dee4caf17f87a1051504791002c8786/ link_id=/32b39c6cadc7af508a093298e2195a3e/
[tp] link_data dst=/11fec961d8f7b0fafe9aaf73b3eda495/ ctx=fe len=64
[tp] link_data dst=/11fec961d8f7b0fafe9aaf73b3eda495/ ctx=fb len=192
[link] data_plain len=128 preview=caeb241290061ad1380b094471a8ab92b78aeb000a7b67d3c3af96b3825f2026
[tp] link_data dst=/32b39c6cadc7af508a093298e2195a3e/ ctx=fe len=64
[tp] link_data dst=/32b39c6cadc7af508a093298e2195a3e/ ctx=fb len=192
[link] data_plain len=128 preview=69d501e6cc31a4301060838e059a83ad1222dee5383b88a2a87c3d837c447343
[tp] path_request dest=/b8bbfff472fe128873c9395a3ff8b353/ iface=/d86e8112f3c4c4442126f8e9f44f1686/
[tp] link_data dst=/9c4bbfee8885d4266ab358b162a6d041/ ctx=08 len=32
[tp] link_data dst=/79d73e4f09bcf3ec2152cdb5221734ca/ ctx=08 len=32
[tp] link_request dst=/6dee4caf17f87a1051504791002c8786/ ctx=00 hops=2
[tp] link_proof_tx dst=/6dee4caf17f87a1051504791002c8786/ link_id=/2b74c8251b9380a991b1cb33314594b4/
[tp] link_data dst=/2b74c8251b9380a991b1cb33314594b4/ ctx=fe len=64
[tp] link_data dst=/2b74c8251b9380a991b1cb33314594b4/ ctx=fb len=192
[link] data_plain len=128 preview=35e65fe12a80ee3d00278ef932383927bd791670aa6a7f7a029c1a472045933f
[tp] link_data dst=/32b39c6cadc7af508a093298e2195a3e/ ctx=08 len=32
[tp] link_data dst=/dfcbecb75811a6c10fe470e8842320c5/ ctx=fa len=1
[tp] path_request dest=/47fee00ff7fed7c4207463c32808e72b/ iface=/d86e8112f3c4c4442126f8e9f44f1686/
[tp] path_request dest=/e36c13fd857732740ed3421a512e06aa/ iface=/d86e8112f3c4c4442126f8e9f44f1686/
[tp] link_data dst=/11fec961d8f7b0fafe9aaf73b3eda495/ ctx=08 len=32
[tp] path_request dest=/c4e05039498407c9d04efd67b3991d9b/ iface=/d86e8112f3c4c4442126f8e9f44f1686/
[tp] path_request dest=/4762234229b7e0b83c68b857bdf245c3/ iface=/d86e8112f3c4c4442126f8e9f44f1686/
[tp] link_request dst=/6dee4caf17f87a1051504791002c8786/ ctx=00 hops=3
[tp] link_proof_tx dst=/6dee4caf17f87a1051504791002c8786/ link_id=/5f9be0795d099e1af3dc1f79b90534f0/
[tp] link_data dst=/5f9be0795d099e1af3dc1f79b90534f0/ ctx=fe len=64
[tp] link_data dst=/5f9be0795d099e1af3dc1f79b90534f0/ ctx=fb len=192
[link] data_plain len=128 preview=cbd4a6d311ba97b671bd75d501e048cad1f23eba47622f0bde8eed57b0d56814
[tp] path_request dest=/12cb1ed29943213839f0b0d18cd42761/ iface=/d86e8112f3c4c4442126f8e9f44f1686/
[tp] path_request dest=/e792a1b9b43cc8b95d12ecd2d1d3e8b2/ iface=/d86e8112f3c4c4442126f8e9f44f1686/
[tp] link_data dst=/9c4bbfee8885d4266ab358b162a6d041/ ctx=06 len=96
[tp] link_data dst=/9c4bbfee8885d4266ab358b162a6d041/ ctx=fc len=80
[tp] link_data dst=/79d73e4f09bcf3ec2152cdb5221734ca/ ctx=06 len=96
[tp] link_data dst=/79d73e4f09bcf3ec2152cdb5221734ca/ ctx=fc len=80
[tp] link_data dst=/a0fa299d45c3260ae24e47d8f8431de0/ ctx=fa len=1
[tp] link_data dst=/32b39c6cadc7af508a093298e2195a3e/ ctx=06 len=96
[tp] link_data dst=/32b39c6cadc7af508a093298e2195a3e/ ctx=fc len=80
[tp] path_request dest=/58681bf71893d092811b7b97b6f767cf/ iface=/d86e8112f3c4c4442126f8e9f44f1686/
[tp] link_data dst=/5f9be0795d099e1af3dc1f79b90534f0/ ctx=08 len=32
[tp] link_data dst=/11fec961d8f7b0fafe9aaf73b3eda495/ ctx=06 len=96
[tp] link_data dst=/11fec961d8f7b0fafe9aaf73b3eda495/ ctx=fc len=80
[tp] path_request dest=/c4e05039498407c9d04efd67b3991d9b/ iface=/d86e8112f3c4c4442126f8e9f44f1686/
[tp] path_request dest=/b8bbfff472fe128873c9395a3ff8b353/ iface=/d86e8112f3c4c4442126f8e9f44f1686/
[tp] path_request dest=/47b6cea814d9ca40bb0cadad2139625a/ iface=/d86e8112f3c4c4442126f8e9f44f1686/
[tp] path_request dest=/b18bb3d4ac56c99c5ee4791d79496ca2/ iface=/d86e8112f3c4c4442126f8e9f44f1686/
[tp] link_request dst=/6dee4caf17f87a1051504791002c8786/ ctx=00 hops=3
[tp] link_proof_tx dst=/6dee4caf17f87a1051504791002c8786/ link_id=/188ab7c3e94e31c338a8d99a374f9391/
[tp] link_data dst=/188ab7c3e94e31c338a8d99a374f9391/ ctx=fe len=64
[tp] link_data dst=/188ab7c3e94e31c338a8d99a374f9391/ ctx=fb len=192
[link] data_plain len=128 preview=037a7857dfd539123ae67b4b07ff332d2bc3c151d0c8db5361e9cbbcf8519300
[tp] path_request dest=/e36c13fd857732740ed3421a512e06aa/ iface=/d86e8112f3c4c4442126f8e9f44f1686/
[tp] path_request dest=/a3dfea289534e4b2d0f5730310eebd99/ iface=/d86e8112f3c4c4442126f8e9f44f1686/
[tp] path_request dest=/995cc3851347f138f51af73d182d5e1d/ iface=/d86e8112f3c4c4442126f8e9f44f1686/
[tp] link_request dst=/6dee4caf17f87a1051504791002c8786/ ctx=00 hops=3
[tp] link_proof_tx dst=/6dee4caf17f87a1051504791002c8786/ link_id=/d948637e4468d3c42f7d0ad6fa291ce7/
[tp] link_data dst=/d948637e4468d3c42f7d0ad6fa291ce7/ ctx=fe len=64
[tp] link_data dst=/d948637e4468d3c42f7d0ad6fa291ce7/ ctx=fb len=192
[link] data_plain len=128 preview=caeb241290061ad1380b094471a8ab92b78aeb000a7b67d3c3af96b3825f2026
[tp] path_request dest=/ed1969043a11942c661fef36f200006e/ iface=/d86e8112f3c4c4442126f8e9f44f1686/
[tp] path_request dest=/12cb1ed29943213839f0b0d18cd42761/ iface=/d86e8112f3c4c4442126f8e9f44f1686/
[tp] path_request dest=/9dd6e35b6b7fbdecd3c2dcb86da28d6a/ iface=/d86e8112f3c4c4442126f8e9f44f1686/
[tp] path_request dest=/c4e05039498407c9d04efd67b3991d9b/ iface=/d86e8112f3c4c4442126f8e9f44f1686/
[tp] link_data dst=/5f9be0795d099e1af3dc1f79b90534f0/ ctx=06 len=96
[tp] link_data dst=/5f9be0795d099e1af3dc1f79b90534f0/ ctx=fc len=80
[tp] link_data dst=/d948637e4468d3c42f7d0ad6fa291ce7/ ctx=08 len=32
[tp] link_request dst=/6dee4caf17f87a1051504791002c8786/ ctx=00 hops=1
[tp] link_proof_tx dst=/6dee4caf17f87a1051504791002c8786/ link_id=/1faf0459dfab673182796e00fb4ba9c5/
[tp] link_data dst=/1faf0459dfab673182796e00fb4ba9c5/ ctx=fe len=64
[tp] link_data dst=/1faf0459dfab673182796e00fb4ba9c5/ ctx=fb len=192
[link] data_plain len=128 preview=69d501e6cc31a4301060838e059a83ad1222dee5383b88a2a87c3d837c447343
[tp] link_data dst=/2b74c8251b9380a991b1cb33314594b4/ ctx=fa len=1
[tp] link_data dst=/dfcbecb75811a6c10fe470e8842320c5/ ctx=fa len=1
[tp] link_request dst=/6dee4caf17f87a1051504791002c8786/ ctx=00 hops=2
[tp] link_proof_tx dst=/6dee4caf17f87a1051504791002c8786/ link_id=/fa66d61623e8a00b7b81042416b574ad/
[tp] link_data dst=/fa66d61623e8a00b7b81042416b574ad/ ctx=fe len=64
[tp] link_data dst=/fa66d61623e8a00b7b81042416b574ad/ ctx=fb len=192
[link] data_plain len=128 preview=722fe51808e9a53c865100a3d27a9490d79d892a18343cef7df37d080fa80170
[tp] link_data dst=/dfcbecb75811a6c10fe470e8842320c5/ ctx=fc len=80
[tp] path_request dest=/e36c13fd857732740ed3421a512e06aa/ iface=/d86e8112f3c4c4442126f8e9f44f1686/
[tp] link_data dst=/1faf0459dfab673182796e00fb4ba9c5/ ctx=08 len=32
[tp] path_request dest=/c4e05039498407c9d04efd67b3991d9b/ iface=/d86e8112f3c4c4442126f8e9f44f1686/
[tp] link_data dst=/fa66d61623e8a00b7b81042416b574ad/ ctx=08 len=32
[tp] path_request dest=/b8bbfff472fe128873c9395a3ff8b353/ iface=/d86e8112f3c4c4442126f8e9f44f1686/
[tp] link_data dst=/d948637e4468d3c42f7d0ad6fa291ce7/ ctx=06 len=96
[tp] link_data dst=/d948637e4468d3c42f7d0ad6fa291ce7/ ctx=fc len=80
[tp] path_request dest=/12cb1ed29943213839f0b0d18cd42761/ iface=/d86e8112f3c4c4442126f8e9f44f1686/
[tp] path_request dest=/47b6cea814d9ca40bb0cadad2139625a/ iface=/d86e8112f3c4c4442126f8e9f44f1686/
[tp] path_request dest=/e792a1b9b43cc8b95d12ecd2d1d3e8b2/ iface=/d86e8112f3c4c4442126f8e9f44f1686/
[tp] path_request dest=/24aa45a73eb55c927e1e03c694effe3c/ iface=/d86e8112f3c4c4442126f8e9f44f1686/
[tp] link_data dst=/a0fa299d45c3260ae24e47d8f8431de0/ ctx=fa len=1
[tp] path_request dest=/48a811bf93be297afc2f9652c2ebf8c4/ iface=/d86e8112f3c4c4442126f8e9f44f1686/
[tp] path_request dest=/a3dfea289534e4b2d0f5730310eebd99/ iface=/d86e8112f3c4c4442126f8e9f44f1686/
[tp] link_data dst=/a0fa299d45c3260ae24e47d8f8431de0/ ctx=fc len=80
[tp] path_request dest=/2a2c53858ac1ef449ff10c402a5e512c/ iface=/d86e8112f3c4c4442126f8e9f44f1686/
[tp] path_request dest=/627c60c9a9df4e50c15f5c104661c096/ iface=/d86e8112f3c4c4442126f8e9f44f1686/
[tp] path_request dest=/995cc3851347f138f51af73d182d5e1d/ iface=/d86e8112f3c4c4442126f8e9f44f1686/
[tp] link_request dst=/6dee4caf17f87a1051504791002c8786/ ctx=00 hops=3
[tp] link_proof_tx dst=/6dee4caf17f87a1051504791002c8786/ link_id=/a61a5b74549e262f2570b57d06987fbf/
[tp] link_data dst=/a61a5b74549e262f2570b57d06987fbf/ ctx=fe len=64
[tp] link_data dst=/a61a5b74549e262f2570b57d06987fbf/ ctx=fb len=192
[link] data_plain len=128 preview=caeb241290061ad1380b094471a8ab92b78aeb000a7b67d3c3af96b3825f2026
[tp] path_request dest=/c4e05039498407c9d04efd67b3991d9b/ iface=/d86e8112f3c4c4442126f8e9f44f1686/
[tp] link_data dst=/1faf0459dfab673182796e00fb4ba9c5/ ctx=06 len=96
[tp] link_data dst=/1faf0459dfab673182796e00fb4ba9c5/ ctx=fc len=80
[tp] path_request dest=/e36c13fd857732740ed3421a512e06aa/ iface=/d86e8112f3c4c4442126f8e9f44f1686/
[tp] path_request dest=/34328c6831af4f321707d128318bb24e/ iface=/d86e8112f3c4c4442126f8e9f44f1686/
[tp] link_data dst=/07f5e0e48c9f4ad98d949b5fa71a31d1/ ctx=fa len=1
[tp] link_data dst=/fa66d61623e8a00b7b81042416b574ad/ ctx=06 len=96
[tp] link_data dst=/fa66d61623e8a00b7b81042416b574ad/ ctx=fc len=80
[tp] link_data dst=/188ab7c3e94e31c338a8d99a374f9391/ ctx=fa len=1
[tp] link_data dst=/a61a5b74549e262f2570b57d06987fbf/ ctx=08 len=32
[tp] path_request dest=/12cb1ed29943213839f0b0d18cd42761/ iface=/d86e8112f3c4c4442126f8e9f44f1686/
[tp] path_request dest=/5145ebb9a76875bd92db68ba1973d652/ iface=/d86e8112f3c4c4442126f8e9f44f1686/
[tp] link_data dst=/2b74c8251b9380a991b1cb33314594b4/ ctx=fa len=1
[tp] link_data dst=/2b74c8251b9380a991b1cb33314594b4/ ctx=fc len=80
[tp] path_request dest=/b8bbfff472fe128873c9395a3ff8b353/ iface=/d86e8112f3c4c4442126f8e9f44f1686/
[tp] path_request dest=/c4e05039498407c9d04efd67b3991d9b/ iface=/d86e8112f3c4c4442126f8e9f44f1686/
[tp] path_request dest=/e179b31d2d36af78231425d8a28c823f/ iface=/d86e8112f3c4c4442126f8e9f44f1686/
[tp] path_request dest=/b18bb3d4ac56c99c5ee4791d79496ca2/ iface=/d86e8112f3c4c4442126f8e9f44f1686/
[tp] path_request dest=/e792a1b9b43cc8b95d12ecd2d1d3e8b2/ iface=/d86e8112f3c4c4442126f8e9f44f1686/
[tp] link_request dst=/6dee4caf17f87a1051504791002c8786/ ctx=00 hops=2
[tp] link_proof_tx dst=/6dee4caf17f87a1051504791002c8786/ link_id=/59afe2b28ffd6d04d3d3155b9603926b/
[tp] link_data dst=/59afe2b28ffd6d04d3d3155b9603926b/ ctx=fe len=64
[tp] link_data dst=/59afe2b28ffd6d04d3d3155b9603926b/ ctx=fb len=192
[link] data_plain len=128 preview=c757c88946ae81f0974a33437ab209bac39469edc778f04bc7c155cdb8ea1441
[tp] link_data dst=/a61a5b74549e262f2570b57d06987fbf/ ctx=06 len=96
[tp] link_data dst=/a61a5b74549e262f2570b57d06987fbf/ ctx=fc len=80
[tp] link_data dst=/59afe2b28ffd6d04d3d3155b9603926b/ ctx=08 len=32
[tp] link_data dst=/d0729413f5a6166d89df577a142edaf2/ ctx=fa len=1
[tp] path_request dest=/c4e05039498407c9d04efd67b3991d9b/ iface=/d86e8112f3c4c4442126f8e9f44f1686/
[tp] path_request dest=/b18bb3d4ac56c99c5ee4791d79496ca2/ iface=/d86e8112f3c4c4442126f8e9f44f1686/
[tp] path_request dest=/e233d8d7e9c5f61419d45138ef0d90ff/ iface=/d86e8112f3c4c4442126f8e9f44f1686/
[tp] link_data dst=/d0729413f5a6166d89df577a142edaf2/ ctx=fc len=80
[tp] path_request dest=/a3dfea289534e4b2d0f5730310eebd99/ iface=/d86e8112f3c4c4442126f8e9f44f1686/
[tp] path_request dest=/995cc3851347f138f51af73d182d5e1d/ iface=/d86e8112f3c4c4442126f8e9f44f1686/
[tp] path_request dest=/12cb1ed29943213839f0b0d18cd42761/ iface=/d86e8112f3c4c4442126f8e9f44f1686/
[tp] link_data dst=/077d457459c2564163c7d32d4ddf00ee/ ctx=fa len=1
[tp] link_request dst=/6dee4caf17f87a1051504791002c8786/ ctx=00 hops=3
[tp] link_proof_tx dst=/6dee4caf17f87a1051504791002c8786/ link_id=/7a4ef1bd77d0bffa240684ab979904e3/
[tp] link_data dst=/7a4ef1bd77d0bffa240684ab979904e3/ ctx=fe len=64
[tp] link_data dst=/7a4ef1bd77d0bffa240684ab979904e3/ ctx=fb len=192
[link] data_plain len=128 preview=b1d08b2315cf53c1efdf0a60cadf0ab72f82a691adf040c6b9990f393fcaaf53
[tp] path_request dest=/47b6cea814d9ca40bb0cadad2139625a/ iface=/d86e8112f3c4c4442126f8e9f44f1686/
[tp] path_request dest=/b8bbfff472fe128873c9395a3ff8b353/ iface=/d86e8112f3c4c4442126f8e9f44f1686/
[tp] link_data dst=/59afe2b28ffd6d04d3d3155b9603926b/ ctx=06 len=96
[tp] link_data dst=/59afe2b28ffd6d04d3d3155b9603926b/ ctx=fc len=80
[tp] path_request dest=/c4e05039498407c9d04efd67b3991d9b/ iface=/d86e8112f3c4c4442126f8e9f44f1686/
[tp] path_request dest=/b18bb3d4ac56c99c5ee4791d79496ca2/ iface=/d86e8112f3c4c4442126f8e9f44f1686/
[tp] path_request dest=/e233d8d7e9c5f61419d45138ef0d90ff/ iface=/d86e8112f3c4c4442126f8e9f44f1686/
[tp] link_request dst=/6dee4caf17f87a1051504791002c8786/ ctx=00 hops=2
[tp] link_proof_tx dst=/6dee4caf17f87a1051504791002c8786/ link_id=/a18bdbaccb0eae2440ecb372666dfe6e/
[tp] link_data dst=/a18bdbaccb0eae2440ecb372666dfe6e/ ctx=fe len=64
[tp] link_data dst=/a18bdbaccb0eae2440ecb372666dfe6e/ ctx=fb len=192
[link] data_plain len=128 preview=722fe51808e9a53c865100a3d27a9490d79d892a18343cef7df37d080fa80170
[tp] path_request dest=/0afd2d4541ff8c768f8015a3c76971be/ iface=/d86e8112f3c4c4442126f8e9f44f1686/
[tp] link_request dst=/6dee4caf17f87a1051504791002c8786/ ctx=00 hops=3
[tp] link_proof_tx dst=/6dee4caf17f87a1051504791002c8786/ link_id=/09c7a2c7fc4e340ae97fe6edfb86b9b7/
[tp] link_data dst=/09c7a2c7fc4e340ae97fe6edfb86b9b7/ ctx=fe len=64
[tp] link_data dst=/09c7a2c7fc4e340ae97fe6edfb86b9b7/ ctx=fb len=192
[link] data_plain len=128 preview=cbd4a6d311ba97b671bd75d501e048cad1f23eba47622f0bde8eed57b0d56814
[tp] link_request dst=/6dee4caf17f87a1051504791002c8786/ ctx=00 hops=2
[tp] link_proof_tx dst=/6dee4caf17f87a1051504791002c8786/ link_id=/e4f14d095690648d6d1bf786afa88501/
[tp] link_data dst=/e4f14d095690648d6d1bf786afa88501/ ctx=fe len=64
[tp] link_data dst=/e4f14d095690648d6d1bf786afa88501/ ctx=fb len=192
[link] data_plain len=128 preview=35e65fe12a80ee3d00278ef932383927bd791670aa6a7f7a029c1a472045933f
[tp] link_request dst=/6dee4caf17f87a1051504791002c8786/ ctx=00 hops=2
[tp] link_proof_tx dst=/6dee4caf17f87a1051504791002c8786/ link_id=/4a60601181e4954a07915e7a69634e61/
[tp] link_data dst=/4a60601181e4954a07915e7a69634e61/ ctx=fe len=64
[tp] link_data dst=/4a60601181e4954a07915e7a69634e61/ ctx=fb len=192
[link] data_plain len=128 preview=c757c88946ae81f0974a33437ab209bac39469edc778f04bc7c155cdb8ea1441
[tp] link_data dst=/a18bdbaccb0eae2440ecb372666dfe6e/ ctx=08 len=32
[tp] path_request dest=/12cb1ed29943213839f0b0d18cd42761/ iface=/d86e8112f3c4c4442126f8e9f44f1686/
[tp] link_data dst=/09c7a2c7fc4e340ae97fe6edfb86b9b7/ ctx=08 len=32
[tp] path_request dest=/c4e05039498407c9d04efd67b3991d9b/ iface=/d86e8112f3c4c4442126f8e9f44f1686/
[tp] path_request dest=/b18bb3d4ac56c99c5ee4791d79496ca2/ iface=/d86e8112f3c4c4442126f8e9f44f1686/
[tp] path_request dest=/58681bf71893d092811b7b97b6f767cf/ iface=/d86e8112f3c4c4442126f8e9f44f1686/
[tp] link_request dst=/6dee4caf17f87a1051504791002c8786/ ctx=00 hops=3
[tp] link_proof_tx dst=/6dee4caf17f87a1051504791002c8786/ link_id=/885e4e1407ae8287eb8e82789bc066c1/
[tp] link_data dst=/4a60601181e4954a07915e7a69634e61/ ctx=08 len=32
[tp] link_data dst=/885e4e1407ae8287eb8e82789bc066c1/ ctx=fe len=64
[tp] link_data dst=/885e4e1407ae8287eb8e82789bc066c1/ ctx=fb len=192
[link] data_plain len=128 preview=caeb241290061ad1380b094471a8ab92b78aeb000a7b67d3c3af96b3825f2026
[tp] link_data dst=/188ab7c3e94e31c338a8d99a374f9391/ ctx=fa len=1
[tp] path_request dest=/379f204da5a77a6c340f6fae26097054/ iface=/d86e8112f3c4c4442126f8e9f44f1686/
[tp] link_request dst=/6dee4caf17f87a1051504791002c8786/ ctx=00 hops=1
[tp] link_proof_tx dst=/6dee4caf17f87a1051504791002c8786/ link_id=/9b8fa045afa39dfc265fd18a96532dd7/
[tp] link_data dst=/9b8fa045afa39dfc265fd18a96532dd7/ ctx=fe len=64
[tp] link_data dst=/9b8fa045afa39dfc265fd18a96532dd7/ ctx=fb len=192
[link] data_plain len=128 preview=69d501e6cc31a4301060838e059a83ad1222dee5383b88a2a87c3d837c447343
[tp] link_data dst=/188ab7c3e94e31c338a8d99a374f9391/ ctx=fc len=80
[tp] path_request dest=/8777301cc7cc14107104ae50e0d06cfa/ iface=/d86e8112f3c4c4442126f8e9f44f1686/
[tp] path_request dest=/a3dfea289534e4b2d0f5730310eebd99/ iface=/d86e8112f3c4c4442126f8e9f44f1686/
[tp] path_request dest=/c4e05039498407c9d04efd67b3991d9b/ iface=/d86e8112f3c4c4442126f8e9f44f1686/
[tp] path_request dest=/b8bbfff472fe128873c9395a3ff8b353/ iface=/d86e8112f3c4c4442126f8e9f44f1686/
[tp] link_data dst=/a18bdbaccb0eae2440ecb372666dfe6e/ ctx=06 len=96
[tp] link_data dst=/a18bdbaccb0eae2440ecb372666dfe6e/ ctx=fc len=80
[tp] link_data dst=/885e4e1407ae8287eb8e82789bc066c1/ ctx=08 len=32
[tp] path_request dest=/12cb1ed29943213839f0b0d18cd42761/ iface=/d86e8112f3c4c4442126f8e9f44f1686/
[tp] path_request dest=/b18bb3d4ac56c99c5ee4791d79496ca2/ iface=/d86e8112f3c4c4442126f8e9f44f1686/
[tp] link_data dst=/09c7a2c7fc4e340ae97fe6edfb86b9b7/ ctx=06 len=96
[tp] link_data dst=/09c7a2c7fc4e340ae97fe6edfb86b9b7/ ctx=fc len=80
[tp] path_request dest=/e233d8d7e9c5f61419d45138ef0d90ff/ iface=/d86e8112f3c4c4442126f8e9f44f1686/
[tp] link_request dst=/6dee4caf17f87a1051504791002c8786/ ctx=00 hops=2
[tp] link_proof_tx dst=/6dee4caf17f87a1051504791002c8786/ link_id=/180e057fe07be5007f78835e4c126e36/
[tp] link_data dst=/9b8fa045afa39dfc265fd18a96532dd7/ ctx=08 len=32
[tp] link_data dst=/180e057fe07be5007f78835e4c126e36/ ctx=fe len=64
[tp] link_data dst=/180e057fe07be5007f78835e4c126e36/ ctx=fb len=192
[link] data_plain len=128 preview=722fe51808e9a53c865100a3d27a9490d79d892a18343cef7df37d080fa80170
[tp] link_request dst=/6dee4caf17f87a1051504791002c8786/ ctx=00 hops=2
[tp] link_proof_tx dst=/6dee4caf17f87a1051504791002c8786/ link_id=/a54525d8f799201fde4b336b4db26bd1/
[tp] link_data dst=/a54525d8f799201fde4b336b4db26bd1/ ctx=fe len=64
[tp] link_data dst=/a54525d8f799201fde4b336b4db26bd1/ ctx=fb len=192
[link] data_plain len=128 preview=086def840ff0e656498ad1a760c4de7bc001c603809e441f7018d2e042a3ca4e
[tp] link_request dst=/6dee4caf17f87a1051504791002c8786/ ctx=00 hops=1
[tp] link_proof_tx dst=/6dee4caf17f87a1051504791002c8786/ link_id=/f25fc27eb5092a8c0ce2aaad9428a68e/
[tp] link_data dst=/f25fc27eb5092a8c0ce2aaad9428a68e/ ctx=fe len=64
[tp] link_data dst=/f25fc27eb5092a8c0ce2aaad9428a68e/ ctx=fb len=192
[link] data_plain len=128 preview=93abe5bd821eef8a15e92ad1c4e0cc1828ed446f4396a42041dbaf908b558d64
[tp] link_request dst=/6dee4caf17f87a1051504791002c8786/ ctx=00 hops=3
[tp] link_proof_tx dst=/6dee4caf17f87a1051504791002c8786/ link_id=/7b351917525aaaac91cf58e5bf22e260/
[tp] link_data dst=/4a60601181e4954a07915e7a69634e61/ ctx=fa len=1
[tp] link_data dst=/7b351917525aaaac91cf58e5bf22e260/ ctx=fe len=64
[tp] link_data dst=/7b351917525aaaac91cf58e5bf22e260/ ctx=fb len=192
[link] data_plain len=128 preview=037a7857dfd539123ae67b4b07ff332d2bc3c151d0c8db5361e9cbbcf8519300
[tp] link_data dst=/4a60601181e4954a07915e7a69634e61/ ctx=06 len=96
[tp] link_data dst=/4a60601181e4954a07915e7a69634e61/ ctx=fc len=80
[tp] path_request dest=/0afd2d4541ff8c768f8015a3c76971be/ iface=/d86e8112f3c4c4442126f8e9f44f1686/
[tp] path_request dest=/a15f32cc809931cb4fcdf27adbe05aa6/ iface=/d86e8112f3c4c4442126f8e9f44f1686/
[tp] link_data dst=/7a4ef1bd77d0bffa240684ab979904e3/ ctx=fa len=1
[tp] path_request dest=/0769357259e48819ea9194b6230b2cef/ iface=/d86e8112f3c4c4442126f8e9f44f1686/
[tp] link_data dst=/180e057fe07be5007f78835e4c126e36/ ctx=08 len=32
[tp] link_data dst=/a54525d8f799201fde4b336b4db26bd1/ ctx=08 len=32
[tp] path_request dest=/c4e05039498407c9d04efd67b3991d9b/ iface=/d86e8112f3c4c4442126f8e9f44f1686/
[tp] link_data dst=/e4f14d095690648d6d1bf786afa88501/ ctx=fa len=1
[tp] link_data dst=/885e4e1407ae8287eb8e82789bc066c1/ ctx=06 len=96
[tp] link_data dst=/885e4e1407ae8287eb8e82789bc066c1/ ctx=fc len=80
[tp] path_request dest=/e233d8d7e9c5f61419d45138ef0d90ff/ iface=/d86e8112f3c4c4442126f8e9f44f1686/
[tp] link_request dst=/6dee4caf17f87a1051504791002c8786/ ctx=00 hops=2
[tp] link_proof_tx dst=/6dee4caf17f87a1051504791002c8786/ link_id=/cf2dfd810433fd76aab07c899849e9b0/
[tp] link_data dst=/cf2dfd810433fd76aab07c899849e9b0/ ctx=fe len=64
[tp] link_data dst=/cf2dfd810433fd76aab07c899849e9b0/ ctx=fb len=192
[link] data_plain len=128 preview=c757c88946ae81f0974a33437ab209bac39469edc778f04bc7c155cdb8ea1441
[tp] path_request dest=/f8de3e21f2b92e8eb4bb505f1e1381c4/ iface=/d86e8112f3c4c4442126f8e9f44f1686/
[tp] path_request dest=/e36c13fd857732740ed3421a512e06aa/ iface=/d86e8112f3c4c4442126f8e9f44f1686/
[tp] link_data dst=/9b8fa045afa39dfc265fd18a96532dd7/ ctx=06 len=96
[tp] link_data dst=/9b8fa045afa39dfc265fd18a96532dd7/ ctx=fc len=80
[tp] path_request dest=/8777301cc7cc14107104ae50e0d06cfa/ iface=/d86e8112f3c4c4442126f8e9f44f1686/
[tp] link_data dst=/cf2dfd810433fd76aab07c899849e9b0/ ctx=08 len=32
[tp] path_request dest=/b8bbfff472fe128873c9395a3ff8b353/ iface=/d86e8112f3c4c4442126f8e9f44f1686/
[tp] path_request dest=/4762234229b7e0b83c68b857bdf245c3/ iface=/d86e8112f3c4c4442126f8e9f44f1686/
[tp] link_data dst=/180e057fe07be5007f78835e4c126e36/ ctx=06 len=96
[tp] link_data dst=/180e057fe07be5007f78835e4c126e36/ ctx=fc len=80
[tp] path_request dest=/12cb1ed29943213839f0b0d18cd42761/ iface=/d86e8112f3c4c4442126f8e9f44f1686/
[tp] path_request dest=/a3dfea289534e4b2d0f5730310eebd99/ iface=/d86e8112f3c4c4442126f8e9f44f1686/
[tp] path_request dest=/995cc3851347f138f51af73d182d5e1d/ iface=/d86e8112f3c4c4442126f8e9f44f1686/
[tp] link_request dst=/6dee4caf17f87a1051504791002c8786/ ctx=00 hops=3
[tp] link_proof_tx dst=/6dee4caf17f87a1051504791002c8786/ link_id=/5b833b70c203cb58d31c37c0d47a1a9f/
[tp] link_data dst=/5b833b70c203cb58d31c37c0d47a1a9f/ ctx=fe len=64
[tp] link_data dst=/5b833b70c203cb58d31c37c0d47a1a9f/ ctx=fb len=192
[link] data_plain len=128 preview=cbd4a6d311ba97b671bd75d501e048cad1f23eba47622f0bde8eed57b0d56814
[tp] link_data dst=/e4f14d095690648d6d1bf786afa88501/ ctx=06 len=96
[tp] link_data dst=/e4f14d095690648d6d1bf786afa88501/ ctx=fc len=80
[tp] link_request dst=/6dee4caf17f87a1051504791002c8786/ ctx=00 hops=2
[tp] link_proof_tx dst=/6dee4caf17f87a1051504791002c8786/ link_id=/69cb8e31718c11918fee6a6d5f504e86/
[tp] link_data dst=/69cb8e31718c11918fee6a6d5f504e86/ ctx=fe len=64
[tp] link_data dst=/69cb8e31718c11918fee6a6d5f504e86/ ctx=fb len=192
[link] data_plain len=128 preview=35e65fe12a80ee3d00278ef932383927bd791670aa6a7f7a029c1a472045933f
[tp] path_request dest=/a15f32cc809931cb4fcdf27adbe05aa6/ iface=/d86e8112f3c4c4442126f8e9f44f1686/
[tp] link_data dst=/f25fc27eb5092a8c0ce2aaad9428a68e/ ctx=fa len=1
[tp] link_data dst=/a54525d8f799201fde4b336b4db26bd1/ ctx=06 len=96
[tp] link_data dst=/a54525d8f799201fde4b336b4db26bd1/ ctx=fc len=80
[tp] link_request dst=/6dee4caf17f87a1051504791002c8786/ ctx=00 hops=2
[tp] link_proof_tx dst=/6dee4caf17f87a1051504791002c8786/ link_id=/de38149b6ad57813377d0f2a6f140b0a/
[tp] link_data dst=/cf2dfd810433fd76aab07c899849e9b0/ ctx=06 len=96
[tp] link_data dst=/cf2dfd810433fd76aab07c899849e9b0/ ctx=fc len=80
[tp] link_data dst=/de38149b6ad57813377d0f2a6f140b0a/ ctx=fe len=64
[tp] link_data dst=/de38149b6ad57813377d0f2a6f140b0a/ ctx=fb len=192
[link] data_plain len=128 preview=086def840ff0e656498ad1a760c4de7bc001c603809e441f7018d2e042a3ca4e
[tp] link_data dst=/5b833b70c203cb58d31c37c0d47a1a9f/ ctx=08 len=32
[tp] path_request dest=/b18bb3d4ac56c99c5ee4791d79496ca2/ iface=/d86e8112f3c4c4442126f8e9f44f1686/
[tp] link_request dst=/6dee4caf17f87a1051504791002c8786/ ctx=00 hops=3
[tp] link_proof_tx dst=/6dee4caf17f87a1051504791002c8786/ link_id=/793bc0b849f12bcdcfe8c8cea7facbd0/
[tp] link_data dst=/793bc0b849f12bcdcfe8c8cea7facbd0/ ctx=fe len=64
[tp] link_data dst=/793bc0b849f12bcdcfe8c8cea7facbd0/ ctx=fb len=192
[link] data_plain len=128 preview=caeb241290061ad1380b094471a8ab92b78aeb000a7b67d3c3af96b3825f2026
[tp] path_request dest=/12cb1ed29943213839f0b0d18cd42761/ iface=/d86e8112f3c4c4442126f8e9f44f1686/
[tp] path_request dest=/5145ebb9a76875bd92db68ba1973d652/ iface=/d86e8112f3c4c4442126f8e9f44f1686/
[tp] link_request dst=/6dee4caf17f87a1051504791002c8786/ ctx=00 hops=1
[tp] link_proof_tx dst=/6dee4caf17f87a1051504791002c8786/ link_id=/75a80f003dc258b01e1b15df5697ab02/
[tp] link_data dst=/75a80f003dc258b01e1b15df5697ab02/ ctx=fe len=64
[tp] link_data dst=/75a80f003dc258b01e1b15df5697ab02/ ctx=fb len=192
[link] data_plain len=128 preview=69d501e6cc31a4301060838e059a83ad1222dee5383b88a2a87c3d837c447343
[tp] path_request dest=/58681bf71893d092811b7b97b6f767cf/ iface=/d86e8112f3c4c4442126f8e9f44f1686/
[tp] path_request dest=/a15f32cc809931cb4fcdf27adbe05aa6/ iface=/d86e8112f3c4c4442126f8e9f44f1686/
[tp] link_request dst=/6dee4caf17f87a1051504791002c8786/ ctx=00 hops=2
[tp] link_proof_tx dst=/6dee4caf17f87a1051504791002c8786/ link_id=/3e1974c28265f5a9ae3d32e6f26fe1b0/
[tp] link_data dst=/3e1974c28265f5a9ae3d32e6f26fe1b0/ ctx=fe len=64
[tp] link_data dst=/3e1974c28265f5a9ae3d32e6f26fe1b0/ ctx=fb len=192
[link] data_plain len=128 preview=c757c88946ae81f0974a33437ab209bac39469edc778f04bc7c155cdb8ea1441
[tp] link_data dst=/de38149b6ad57813377d0f2a6f140b0a/ ctx=08 len=32
[tp] path_request dest=/8777301cc7cc14107104ae50e0d06cfa/ iface=/d86e8112f3c4c4442126f8e9f44f1686/
[tp] path_request dest=/c4e05039498407c9d04efd67b3991d9b/ iface=/d86e8112f3c4c4442126f8e9f44f1686/
[tp] link_data dst=/7a4ef1bd77d0bffa240684ab979904e3/ ctx=fa len=1
[tp] path_request dest=/b8bbfff472fe128873c9395a3ff8b353/ iface=/d86e8112f3c4c4442126f8e9f44f1686/
[tp] link_data dst=/7b351917525aaaac91cf58e5bf22e260/ ctx=fa len=1
[tp] link_data dst=/7a4ef1bd77d0bffa240684ab979904e3/ ctx=fc len=80
[tp] link_data dst=/793bc0b849f12bcdcfe8c8cea7facbd0/ ctx=08 len=32
[tp] link_data dst=/75a80f003dc258b01e1b15df5697ab02/ ctx=08 len=32
[tp] link_data dst=/5b833b70c203cb58d31c37c0d47a1a9f/ ctx=06 len=96
[tp] link_data dst=/5b833b70c203cb58d31c37c0d47a1a9f/ ctx=fc len=80
[tp] path_request dest=/995cc3851347f138f51af73d182d5e1d/ iface=/d86e8112f3c4c4442126f8e9f44f1686/
[tp] link_data dst=/3e1974c28265f5a9ae3d32e6f26fe1b0/ ctx=08 len=32
[tp] path_request dest=/a15f32cc809931cb4fcdf27adbe05aa6/ iface=/d86e8112f3c4c4442126f8e9f44f1686/
[tp] path_request dest=/a3dfea289534e4b2d0f5730310eebd99/ iface=/d86e8112f3c4c4442126f8e9f44f1686/
[tp] path_request dest=/12cb1ed29943213839f0b0d18cd42761/ iface=/d86e8112f3c4c4442126f8e9f44f1686/
[tp] link_request dst=/6dee4caf17f87a1051504791002c8786/ ctx=00 hops=1
[tp] link_proof_tx dst=/6dee4caf17f87a1051504791002c8786/ link_id=/cee2408f3523428dbcec1d2bba1dc963/
[tp] link_data dst=/cee2408f3523428dbcec1d2bba1dc963/ ctx=fe len=64
[tp] link_data dst=/cee2408f3523428dbcec1d2bba1dc963/ ctx=fb len=192
[link] data_plain len=128 preview=48239eb3ae793e1da445b9b6068893bd1378929c015a521651146fb7e3d25320
[tp] link_data dst=/de38149b6ad57813377d0f2a6f140b0a/ ctx=06 len=96
[tp] link_data dst=/de38149b6ad57813377d0f2a6f140b0a/ ctx=fc len=80
[tp] link_data dst=/793bc0b849f12bcdcfe8c8cea7facbd0/ ctx=06 len=96
[tp] link_data dst=/793bc0b849f12bcdcfe8c8cea7facbd0/ ctx=fc len=80
[tp] path_request dest=/e233d8d7e9c5f61419d45138ef0d90ff/ iface=/d86e8112f3c4c4442126f8e9f44f1686/
[tp] link_data dst=/f25fc27eb5092a8c0ce2aaad9428a68e/ ctx=fa len=1
[tp] link_data dst=/f25fc27eb5092a8c0ce2aaad9428a68e/ ctx=fc len=80
[tp] link_data dst=/75a80f003dc258b01e1b15df5697ab02/ ctx=06 len=96
[tp] link_data dst=/75a80f003dc258b01e1b15df5697ab02/ ctx=fc len=80
[tp] path_request dest=/4a890e0e7c0cc69df96c7d4db8992341/ iface=/d86e8112f3c4c4442126f8e9f44f1686/
[tp] link_data dst=/3e1974c28265f5a9ae3d32e6f26fe1b0/ ctx=06 len=96
[tp] link_data dst=/3e1974c28265f5a9ae3d32e6f26fe1b0/ ctx=fc len=80
[tp] link_request dst=/6dee4caf17f87a1051504791002c8786/ ctx=00 hops=3
[tp] link_proof_tx dst=/6dee4caf17f87a1051504791002c8786/ link_id=/3291ff813fec3ae3a68934de3d430f8f/
[tp] link_data dst=/3291ff813fec3ae3a68934de3d430f8f/ ctx=fe len=64
[tp] link_data dst=/3291ff813fec3ae3a68934de3d430f8f/ ctx=fb len=192
[link] data_plain len=128 preview=cbd4a6d311ba97b671bd75d501e048cad1f23eba47622f0bde8eed57b0d56814
[tp] link_request dst=/6dee4caf17f87a1051504791002c8786/ ctx=00 hops=2
[tp] link_proof_tx dst=/6dee4caf17f87a1051504791002c8786/ link_id=/3e84c2e1c1ffc624d3bc7d54545f4afe/
[tp] link_data dst=/3e84c2e1c1ffc624d3bc7d54545f4afe/ ctx=fe len=64
[tp] link_data dst=/3e84c2e1c1ffc624d3bc7d54545f4afe/ ctx=fb len=192
[link] data_plain len=128 preview=722fe51808e9a53c865100a3d27a9490d79d892a18343cef7df37d080fa80170
[tp] path_request dest=/a15f32cc809931cb4fcdf27adbe05aa6/ iface=/d86e8112f3c4c4442126f8e9f44f1686/
[tp] link_data dst=/cee2408f3523428dbcec1d2bba1dc963/ ctx=08 len=32
[tp] link_request dst=/6dee4caf17f87a1051504791002c8786/ ctx=00 hops=1
[tp] link_proof_tx dst=/6dee4caf17f87a1051504791002c8786/ link_id=/4f0779df9e6556ea73a386cce1905a01/
[tp] link_data dst=/3291ff813fec3ae3a68934de3d430f8f/ ctx=08 len=32
[tp] link_request dst=/6dee4caf17f87a1051504791002c8786/ ctx=00 hops=3
[tp] link_proof_tx dst=/6dee4caf17f87a1051504791002c8786/ link_id=/e851c589998cedf03e2e1522715d19d1/
[tp] link_data dst=/3e84c2e1c1ffc624d3bc7d54545f4afe/ ctx=08 len=32
[tp] link_request dst=/6dee4caf17f87a1051504791002c8786/ ctx=00 hops=2
[tp] link_proof_tx dst=/6dee4caf17f87a1051504791002c8786/ link_id=/aa2babdb1fbe3b099bb145f64d8d89c6/
[tp] link_data dst=/4f0779df9e6556ea73a386cce1905a01/ ctx=fe len=64
[tp] link_data dst=/4f0779df9e6556ea73a386cce1905a01/ ctx=fb len=192
[link] data_plain len=128 preview=69d501e6cc31a4301060838e059a83ad1222dee5383b88a2a87c3d837c447343
[tp] path_request dest=/b8bbfff472fe128873c9395a3ff8b353/ iface=/d86e8112f3c4c4442126f8e9f44f1686/
[tp] link_data dst=/e851c589998cedf03e2e1522715d19d1/ ctx=fe len=64
[tp] link_data dst=/e851c589998cedf03e2e1522715d19d1/ ctx=fb len=192
[link] data_plain len=128 preview=caeb241290061ad1380b094471a8ab92b78aeb000a7b67d3c3af96b3825f2026
[tp] link_data dst=/aa2babdb1fbe3b099bb145f64d8d89c6/ ctx=fe len=64
[tp] link_data dst=/aa2babdb1fbe3b099bb145f64d8d89c6/ ctx=fb len=192
[link] data_plain len=128 preview=c757c88946ae81f0974a33437ab209bac39469edc778f04bc7c155cdb8ea1441
[tp] link_request dst=/6dee4caf17f87a1051504791002c8786/ ctx=00 hops=1
[tp] link_proof_tx dst=/6dee4caf17f87a1051504791002c8786/ link_id=/3f91a802f5235edc820e5c56f2f91d5b/
[tp] link_data dst=/3f91a802f5235edc820e5c56f2f91d5b/ ctx=fe len=64
[tp] link_data dst=/3f91a802f5235edc820e5c56f2f91d5b/ ctx=fb len=192
[link] data_plain len=128 preview=93abe5bd821eef8a15e92ad1c4e0cc1828ed446f4396a42041dbaf908b558d64
[tp] path_request dest=/58681bf71893d092811b7b97b6f767cf/ iface=/d86e8112f3c4c4442126f8e9f44f1686/
[tp] path_request dest=/12cb1ed29943213839f0b0d18cd42761/ iface=/d86e8112f3c4c4442126f8e9f44f1686/
[tp] link_data dst=/69cb8e31718c11918fee6a6d5f504e86/ ctx=06 len=96
[tp] link_data dst=/69cb8e31718c11918fee6a6d5f504e86/ ctx=fc len=80
[tp] link_request dst=/6dee4caf17f87a1051504791002c8786/ ctx=00 hops=2
[tp] link_proof_tx dst=/6dee4caf17f87a1051504791002c8786/ link_id=/1ba8d4fd035210aba8c47ed407e368a7/
[tp] link_data dst=/1ba8d4fd035210aba8c47ed407e368a7/ ctx=fe len=64
[tp] link_data dst=/1ba8d4fd035210aba8c47ed407e368a7/ ctx=fb len=192
[link] data_plain len=128 preview=35e65fe12a80ee3d00278ef932383927bd791670aa6a7f7a029c1a472045933f
[tp] path_request dest=/a15f32cc809931cb4fcdf27adbe05aa6/ iface=/d86e8112f3c4c4442126f8e9f44f1686/
[tp] path_request dest=/995cc3851347f138f51af73d182d5e1d/ iface=/d86e8112f3c4c4442126f8e9f44f1686/
[tp] link_data dst=/e851c589998cedf03e2e1522715d19d1/ ctx=08 len=32
[tp] link_data dst=/aa2babdb1fbe3b099bb145f64d8d89c6/ ctx=08 len=32
[tp] link_data dst=/cee2408f3523428dbcec1d2bba1dc963/ ctx=06 len=96
[tp] link_data dst=/cee2408f3523428dbcec1d2bba1dc963/ ctx=fc len=80
[tp] link_data dst=/4f0779df9e6556ea73a386cce1905a01/ ctx=08 len=32
[tp] link_request dst=/6dee4caf17f87a1051504791002c8786/ ctx=00 hops=3
[tp] link_proof_tx dst=/6dee4caf17f87a1051504791002c8786/ link_id=/8669b95605cf1cdbf9f350fb66b140f5/
[tp] link_data dst=/8669b95605cf1cdbf9f350fb66b140f5/ ctx=fe len=64
[tp] link_data dst=/8669b95605cf1cdbf9f350fb66b140f5/ ctx=fb len=192
[link] data_plain len=128 preview=b1d08b2315cf53c1efdf0a60cadf0ab72f82a691adf040c6b9990f393fcaaf53
[tp] path_request dest=/e36c13fd857732740ed3421a512e06aa/ iface=/d86e8112f3c4c4442126f8e9f44f1686/
[tp] link_data dst=/07f5e0e48c9f4ad98d949b5fa71a31d1/ ctx=fa len=1
[tp] path_request dest=/e233d8d7e9c5f61419d45138ef0d90ff/ iface=/d86e8112f3c4c4442126f8e9f44f1686/
[tp] path_request dest=/a3dfea289534e4b2d0f5730310eebd99/ iface=/d86e8112f3c4c4442126f8e9f44f1686/
[tp] link_data dst=/07f5e0e48c9f4ad98d949b5fa71a31d1/ ctx=fc len=80
[tp] link_data dst=/7b351917525aaaac91cf58e5bf22e260/ ctx=fa len=1
[tp] link_data dst=/3e84c2e1c1ffc624d3bc7d54545f4afe/ ctx=06 len=96
[tp] link_data dst=/3e84c2e1c1ffc624d3bc7d54545f4afe/ ctx=fc len=80
[tp] link_data dst=/3291ff813fec3ae3a68934de3d430f8f/ ctx=06 len=96
[tp] link_data dst=/3291ff813fec3ae3a68934de3d430f8f/ ctx=fc len=80
[tp] link_data dst=/7b351917525aaaac91cf58e5bf22e260/ ctx=fc len=80
[tp] link_request dst=/6dee4caf17f87a1051504791002c8786/ ctx=00 hops=5
[tp] link_proof_tx dst=/6dee4caf17f87a1051504791002c8786/ link_id=/351a91f14b686ce2b498ea571cddabdb/
[tp] path_request dest=/a15f32cc809931cb4fcdf27adbe05aa6/ iface=/d86e8112f3c4c4442126f8e9f44f1686/
[tp] path_request dest=/b8bbfff472fe128873c9395a3ff8b353/ iface=/d86e8112f3c4c4442126f8e9f44f1686/
[tp] link_data dst=/e851c589998cedf03e2e1522715d19d1/ ctx=06 len=96
[tp] link_data dst=/e851c589998cedf03e2e1522715d19d1/ ctx=fc len=80
[tp] link_request dst=/6dee4caf17f87a1051504791002c8786/ ctx=00 hops=3
[tp] link_proof_tx dst=/6dee4caf17f87a1051504791002c8786/ link_id=/d586a34866996db6f7089ff57e4e3125/
[tp] link_data dst=/aa2babdb1fbe3b099bb145f64d8d89c6/ ctx=06 len=96
[tp] link_data dst=/aa2babdb1fbe3b099bb145f64d8d89c6/ ctx=fc len=80
[tp] link_data dst=/d586a34866996db6f7089ff57e4e3125/ ctx=fe len=64
[tp] link_data dst=/d586a34866996db6f7089ff57e4e3125/ ctx=fb len=192
[link] data_plain len=128 preview=037a7857dfd539123ae67b4b07ff332d2bc3c151d0c8db5361e9cbbcf8519300
[tp] link_request dst=/6dee4caf17f87a1051504791002c8786/ ctx=00 hops=3
[tp] link_proof_tx dst=/6dee4caf17f87a1051504791002c8786/ link_id=/e8b39f8063e8843c340020d070f392b3/
[tp] link_data dst=/e8b39f8063e8843c340020d070f392b3/ ctx=fe len=64
[tp] link_data dst=/e8b39f8063e8843c340020d070f392b3/ ctx=fb len=192
[link] data_plain len=128 preview=cbd4a6d311ba97b671bd75d501e048cad1f23eba47622f0bde8eed57b0d56814
[tp] path_request dest=/b18bb3d4ac56c99c5ee4791d79496ca2/ iface=/d86e8112f3c4c4442126f8e9f44f1686/
[tp] link_data dst=/4f0779df9e6556ea73a386cce1905a01/ ctx=06 len=96
[tp] link_data dst=/4f0779df9e6556ea73a386cce1905a01/ ctx=fc len=80
[tp] path_request dest=/33c1da1d4ae3f5d2c13c0b6f5e2ff00d/ iface=/d86e8112f3c4c4442126f8e9f44f1686/
[tp] link_request dst=/6dee4caf17f87a1051504791002c8786/ ctx=00 hops=3
[tp] link_proof_tx dst=/6dee4caf17f87a1051504791002c8786/ link_id=/aba718da219cd0b03c4fd539356baf11/
[tp] link_request dst=/6dee4caf17f87a1051504791002c8786/ ctx=00 hops=1
[tp] link_proof_tx dst=/6dee4caf17f87a1051504791002c8786/ link_id=/ae83f5b6470b1f4223f319d9222608b5/
[tp] link_data dst=/aba718da219cd0b03c4fd539356baf11/ ctx=fe len=64
[tp] link_data dst=/aba718da219cd0b03c4fd539356baf11/ ctx=fb len=192
[link] data_plain len=128 preview=caeb241290061ad1380b094471a8ab92b78aeb000a7b67d3c3af96b3825f2026
[tp] link_data dst=/ae83f5b6470b1f4223f319d9222608b5/ ctx=fe len=64
[tp] link_data dst=/ae83f5b6470b1f4223f319d9222608b5/ ctx=fb len=192
[link] data_plain len=128 preview=69d501e6cc31a4301060838e059a83ad1222dee5383b88a2a87c3d837c447343
[tp] link_request dst=/6dee4caf17f87a1051504791002c8786/ ctx=00 hops=2
[tp] link_proof_tx dst=/6dee4caf17f87a1051504791002c8786/ link_id=/5fcd5aaabc2a120c8d0d089a1a6c4d66/
[tp] link_data dst=/5fcd5aaabc2a120c8d0d089a1a6c4d66/ ctx=fe len=64
[tp] link_data dst=/5fcd5aaabc2a120c8d0d089a1a6c4d66/ ctx=fb len=192
[link] data_plain len=128 preview=722fe51808e9a53c865100a3d27a9490d79d892a18343cef7df37d080fa80170
[tp] link_request dst=/6dee4caf17f87a1051504791002c8786/ ctx=00 hops=2
[tp] link_proof_tx dst=/6dee4caf17f87a1051504791002c8786/ link_id=/d3c4d6c59eaa57bbdc235ab123411565/
[tp] link_data dst=/d3c4d6c59eaa57bbdc235ab123411565/ ctx=fe len=64
[tp] link_data dst=/d3c4d6c59eaa57bbdc235ab123411565/ ctx=fb len=192
[link] data_plain len=128 preview=c757c88946ae81f0974a33437ab209bac39469edc778f04bc7c155cdb8ea1441
[tp] link_data dst=/e8b39f8063e8843c340020d070f392b3/ ctx=08 len=32
[tp] link_data dst=/3f91a802f5235edc820e5c56f2f91d5b/ ctx=fa len=1
[tp] path_request dest=/a15f32cc809931cb4fcdf27adbe05aa6/ iface=/d86e8112f3c4c4442126f8e9f44f1686/
[tp] path_request dest=/0ffa0968a18cb499c260e774cd3d9f28/ iface=/d86e8112f3c4c4442126f8e9f44f1686/
[tp] link_data dst=/aba718da219cd0b03c4fd539356baf11/ ctx=08 len=32
[tp] link_data dst=/ae83f5b6470b1f4223f319d9222608b5/ ctx=08 len=32
[tp] path_request dest=/e233d8d7e9c5f61419d45138ef0d90ff/ iface=/d86e8112f3c4c4442126f8e9f44f1686/
[tp] link_data dst=/5fcd5aaabc2a120c8d0d089a1a6c4d66/ ctx=08 len=32
[tp] link_data dst=/1ba8d4fd035210aba8c47ed407e368a7/ ctx=fa len=1
[tp] link_data dst=/d3c4d6c59eaa57bbdc235ab123411565/ ctx=08 len=32
[tp] path_request dest=/995cc3851347f138f51af73d182d5e1d/ iface=/d86e8112f3c4c4442126f8e9f44f1686/
[tp] link_data dst=/077d457459c2564163c7d32d4ddf00ee/ ctx=fa len=1
[tp] link_request dst=/6dee4caf17f87a1051504791002c8786/ ctx=00 hops=2
[tp] link_proof_tx dst=/6dee4caf17f87a1051504791002c8786/ link_id=/26c5fcba8c27e0caf9833fbda9275df1/
[tp] link_data dst=/26c5fcba8c27e0caf9833fbda9275df1/ ctx=fe len=64
[tp] link_data dst=/26c5fcba8c27e0caf9833fbda9275df1/ ctx=fb len=192
[link] data_plain len=128 preview=586528998cc5cb6f63d677614052350359a4eaac0310a30853a9bed5643f890d
[tp] link_data dst=/077d457459c2564163c7d32d4ddf00ee/ ctx=fc len=80
[tp] path_request dest=/a3dfea289534e4b2d0f5730310eebd99/ iface=/d86e8112f3c4c4442126f8e9f44f1686/
[tp] link_data dst=/e8b39f8063e8843c340020d070f392b3/ ctx=06 len=96
[tp] link_data dst=/e8b39f8063e8843c340020d070f392b3/ ctx=fc len=80
[tp] path_request dest=/b8bbfff472fe128873c9395a3ff8b353/ iface=/d86e8112f3c4c4442126f8e9f44f1686/
[tp] path_request dest=/a15f32cc809931cb4fcdf27adbe05aa6/ iface=/d86e8112f3c4c4442126f8e9f44f1686/
[tp] path_request dest=/58681bf71893d092811b7b97b6f767cf/ iface=/d86e8112f3c4c4442126f8e9f44f1686/
[tp] link_data dst=/8669b95605cf1cdbf9f350fb66b140f5/ ctx=fa len=1
[tp] link_data dst=/26c5fcba8c27e0caf9833fbda9275df1/ ctx=08 len=32
[tp] link_request dst=/6dee4caf17f87a1051504791002c8786/ ctx=00 hops=1
[tp] link_proof_tx dst=/6dee4caf17f87a1051504791002c8786/ link_id=/ad43fe7e7af249962637e3d15a3ec79e/
[tp] link_data dst=/ae83f5b6470b1f4223f319d9222608b5/ ctx=06 len=96
[tp] link_data dst=/ae83f5b6470b1f4223f319d9222608b5/ ctx=fc len=80
[tp] link_data dst=/ad43fe7e7af249962637e3d15a3ec79e/ ctx=fe len=64
[tp] link_data dst=/ad43fe7e7af249962637e3d15a3ec79e/ ctx=fb len=192
[link] data_plain len=128 preview=48239eb3ae793e1da445b9b6068893bd1378929c015a521651146fb7e3d25320
[tp] link_data dst=/aba718da219cd0b03c4fd539356baf11/ ctx=06 len=96
[tp] link_data dst=/aba718da219cd0b03c4fd539356baf11/ ctx=fc len=80
[tp] link_data dst=/5fcd5aaabc2a120c8d0d089a1a6c4d66/ ctx=06 len=96
[tp] link_data dst=/5fcd5aaabc2a120c8d0d089a1a6c4d66/ ctx=fc len=80
[tp] link_data dst=/1ba8d4fd035210aba8c47ed407e368a7/ ctx=06 len=96
[tp] link_data dst=/1ba8d4fd035210aba8c47ed407e368a7/ ctx=fc len=80
[tp] link_data dst=/d3c4d6c59eaa57bbdc235ab123411565/ ctx=06 len=96
[tp] link_data dst=/d3c4d6c59eaa57bbdc235ab123411565/ ctx=fc len=80
[tp] link_request dst=/6dee4caf17f87a1051504791002c8786/ ctx=00 hops=1
[tp] link_proof_tx dst=/6dee4caf17f87a1051504791002c8786/ link_id=/e601cc8fe7c289ad7e7019f210d286e5/
[tp] link_data dst=/e601cc8fe7c289ad7e7019f210d286e5/ ctx=fe len=64
[tp] link_data dst=/e601cc8fe7c289ad7e7019f210d286e5/ ctx=fb len=192
[link] data_plain len=128 preview=69d501e6cc31a4301060838e059a83ad1222dee5383b88a2a87c3d837c447343
[tp] link_request dst=/6dee4caf17f87a1051504791002c8786/ ctx=00 hops=3
[tp] link_proof_tx dst=/6dee4caf17f87a1051504791002c8786/ link_id=/f7f782f5f2dec20627417bd7c62abf36/
[tp] link_data dst=/f7f782f5f2dec20627417bd7c62abf36/ ctx=fe len=64
[tp] link_data dst=/f7f782f5f2dec20627417bd7c62abf36/ ctx=fb len=192
[link] data_plain len=128 preview=caeb241290061ad1380b094471a8ab92b78aeb000a7b67d3c3af96b3825f2026
[tp] link_data dst=/ad43fe7e7af249962637e3d15a3ec79e/ ctx=08 len=32
[tp] link_request dst=/6dee4caf17f87a1051504791002c8786/ ctx=00 hops=2
[tp] link_proof_tx dst=/6dee4caf17f87a1051504791002c8786/ link_id=/1c9f453930e60942867530c0234b37e7/
[tp] link_data dst=/1c9f453930e60942867530c0234b37e7/ ctx=fe len=64
[tp] link_data dst=/1c9f453930e60942867530c0234b37e7/ ctx=fb len=192
[link] data_plain len=128 preview=35e65fe12a80ee3d00278ef932383927bd791670aa6a7f7a029c1a472045933f
[tp] link_request dst=/6dee4caf17f87a1051504791002c8786/ ctx=00 hops=2
[tp] link_proof_tx dst=/6dee4caf17f87a1051504791002c8786/ link_id=/07d6c908261910e9534672141f461ba3/
[tp] link_data dst=/07d6c908261910e9534672141f461ba3/ ctx=fe len=64
[tp] link_data dst=/07d6c908261910e9534672141f461ba3/ ctx=fb len=192
[link] data_plain len=128 preview=c757c88946ae81f0974a33437ab209bac39469edc778f04bc7c155cdb8ea1441
[tp] path_request dest=/a15f32cc809931cb4fcdf27adbe05aa6/ iface=/d86e8112f3c4c4442126f8e9f44f1686/
[tp] path_request dest=/e233d8d7e9c5f61419d45138ef0d90ff/ iface=/d86e8112f3c4c4442126f8e9f44f1686/
[tp] path_request dest=/12cb1ed29943213839f0b0d18cd42761/ iface=/d86e8112f3c4c4442126f8e9f44f1686/
[tp] path_request dest=/c207975f4413ddb38c059f51353e6be2/ iface=/d86e8112f3c4c4442126f8e9f44f1686/
[tp] link_request dst=/6dee4caf17f87a1051504791002c8786/ ctx=00 hops=3
[tp] link_proof_tx dst=/6dee4caf17f87a1051504791002c8786/ link_id=/dc3884694ab484fa65353550799b32a6/
[tp] link_data dst=/dc3884694ab484fa65353550799b32a6/ ctx=fe len=64
[tp] link_data dst=/dc3884694ab484fa65353550799b32a6/ ctx=fb len=192
[link] data_plain len=128 preview=cbd4a6d311ba97b671bd75d501e048cad1f23eba47622f0bde8eed57b0d56814
[tp] path_request dest=/b8bbfff472fe128873c9395a3ff8b353/ iface=/d86e8112f3c4c4442126f8e9f44f1686/
[tp] link_data dst=/26c5fcba8c27e0caf9833fbda9275df1/ ctx=06 len=96
[tp] link_data dst=/26c5fcba8c27e0caf9833fbda9275df1/ ctx=fc len=80
[tp] link_data dst=/e601cc8fe7c289ad7e7019f210d286e5/ ctx=08 len=32
[tp] link_data dst=/d586a34866996db6f7089ff57e4e3125/ ctx=fa len=1
[tp] link_data dst=/f7f782f5f2dec20627417bd7c62abf36/ ctx=08 len=32
[tp] link_data dst=/07d6c908261910e9534672141f461ba3/ ctx=08 len=32
[tp] link_data dst=/3f91a802f5235edc820e5c56f2f91d5b/ ctx=fa len=1
[tp] path_request dest=/995cc3851347f138f51af73d182d5e1d/ iface=/d86e8112f3c4c4442126f8e9f44f1686/
[tp] link_data dst=/3f91a802f5235edc820e5c56f2f91d5b/ ctx=fc len=80
[tp] link_request dst=/6dee4caf17f87a1051504791002c8786/ ctx=00 hops=2
[tp] link_proof_tx dst=/6dee4caf17f87a1051504791002c8786/ link_id=/3f354c2c11c345aea4b949f5a9c772da/
[tp] link_data dst=/3f354c2c11c345aea4b949f5a9c772da/ ctx=fe len=64
[tp] link_data dst=/3f354c2c11c345aea4b949f5a9c772da/ ctx=fb len=192
[link] data_plain len=128 preview=086def840ff0e656498ad1a760c4de7bc001c603809e441f7018d2e042a3ca4e
[tp] link_data dst=/dc3884694ab484fa65353550799b32a6/ ctx=08 len=32
[tp] path_request dest=/b8bbfff472fe128873c9395a3ff8b353/ iface=/d86e8112f3c4c4442126f8e9f44f1686/
[tp] link_data dst=/ad43fe7e7af249962637e3d15a3ec79e/ ctx=06 len=96
[tp] link_data dst=/ad43fe7e7af249962637e3d15a3ec79e/ ctx=fc len=80
[tp] path_request dest=/a15f32cc809931cb4fcdf27adbe05aa6/ iface=/d86e8112f3c4c4442126f8e9f44f1686/
[tp] link_request dst=/6dee4caf17f87a1051504791002c8786/ ctx=00 hops=2
[tp] link_proof_tx dst=/6dee4caf17f87a1051504791002c8786/ link_id=/faaf30922083ed2a55e7e19a915d83f1/
[tp] link_data dst=/faaf30922083ed2a55e7e19a915d83f1/ ctx=fe len=64
[tp] link_data dst=/faaf30922083ed2a55e7e19a915d83f1/ ctx=fb len=192
[link] data_plain len=128 preview=722fe51808e9a53c865100a3d27a9490d79d892a18343cef7df37d080fa80170
[tp] path_request dest=/b18bb3d4ac56c99c5ee4791d79496ca2/ iface=/d86e8112f3c4c4442126f8e9f44f1686/
[tp] path_request dest=/a3dfea289534e4b2d0f5730310eebd99/ iface=/d86e8112f3c4c4442126f8e9f44f1686/
[tp] link_data dst=/e601cc8fe7c289ad7e7019f210d286e5/ ctx=06 len=96
[tp] link_data dst=/e601cc8fe7c289ad7e7019f210d286e5/ ctx=fc len=80
[tp] link_data dst=/f7f782f5f2dec20627417bd7c62abf36/ ctx=06 len=96
[tp] link_data dst=/f7f782f5f2dec20627417bd7c62abf36/ ctx=fc len=80
[tp] link_data dst=/3f354c2c11c345aea4b949f5a9c772da/ ctx=08 len=32
[tp] path_request dest=/12cb1ed29943213839f0b0d18cd42761/ iface=/d86e8112f3c4c4442126f8e9f44f1686/
[tp] link_data dst=/faaf30922083ed2a55e7e19a915d83f1/ ctx=08 len=32
[tp] link_data dst=/07d6c908261910e9534672141f461ba3/ ctx=06 len=96
[tp] link_data dst=/07d6c908261910e9534672141f461ba3/ ctx=fc len=80
[tp] link_data dst=/dc3884694ab484fa65353550799b32a6/ ctx=06 len=96
[tp] link_data dst=/dc3884694ab484fa65353550799b32a6/ ctx=fc len=80
[tp] path_request dest=/a15f32cc809931cb4fcdf27adbe05aa6/ iface=/d86e8112f3c4c4442126f8e9f44f1686/
[tp] link_request dst=/6dee4caf17f87a1051504791002c8786/ ctx=00 hops=1
[tp] link_proof_tx dst=/6dee4caf17f87a1051504791002c8786/ link_id=/13a377c1e33744dca2b1816c39957b1c/
[tp] path_request dest=/48a811bf93be297afc2f9652c2ebf8c4/ iface=/d86e8112f3c4c4442126f8e9f44f1686/
[tp] link_request dst=/6dee4caf17f87a1051504791002c8786/ ctx=00 hops=2
[tp] link_proof_tx dst=/6dee4caf17f87a1051504791002c8786/ link_id=/0217175da432e63a068e3ea21b64ec3c/
[tp] link_data dst=/13a377c1e33744dca2b1816c39957b1c/ ctx=fe len=64
[tp] link_data dst=/13a377c1e33744dca2b1816c39957b1c/ ctx=fb len=192
[link] data_plain len=128 preview=69d501e6cc31a4301060838e059a83ad1222dee5383b88a2a87c3d837c447343
[tp] link_data dst=/0217175da432e63a068e3ea21b64ec3c/ ctx=fe len=64
[tp] link_data dst=/0217175da432e63a068e3ea21b64ec3c/ ctx=fb len=192
[link] data_plain len=128 preview=c757c88946ae81f0974a33437ab209bac39469edc778f04bc7c155cdb8ea1441
[tp] link_request dst=/6dee4caf17f87a1051504791002c8786/ ctx=00 hops=1
[tp] link_proof_tx dst=/6dee4caf17f87a1051504791002c8786/ link_id=/238e9b2b942279f127c4659b96809b5d/
[tp] link_data dst=/238e9b2b942279f127c4659b96809b5d/ ctx=fe len=64
[tp] link_data dst=/238e9b2b942279f127c4659b96809b5d/ ctx=fb len=192
[link] data_plain len=128 preview=48239eb3ae793e1da445b9b6068893bd1378929c015a521651146fb7e3d25320
[tp] link_data dst=/8669b95605cf1cdbf9f350fb66b140f5/ ctx=fa len=1
[tp] link_data dst=/8669b95605cf1cdbf9f350fb66b140f5/ ctx=fc len=80
[tp] announce_tx dst=/f2e29f00e8ddda9f81d1845a7224793e/ app_data_len=0
[tp] announce_tx dst=/6dee4caf17f87a1051504791002c8786/ app_data_len=36
[tp] link_request dst=/6dee4caf17f87a1051504791002c8786/ ctx=00 hops=3
[tp] link_proof_tx dst=/6dee4caf17f87a1051504791002c8786/ link_id=/00cfba157806bc3910f1f9f176d92f68/
[tp] link_data dst=/00cfba157806bc3910f1f9f176d92f68/ ctx=fe len=64
[tp] link_data dst=/00cfba157806bc3910f1f9f176d92f68/ ctx=fb len=192
[link] data_plain len=128 preview=cbd4a6d311ba97b671bd75d501e048cad1f23eba47622f0bde8eed57b0d56814
[tp] link_data dst=/faaf30922083ed2a55e7e19a915d83f1/ ctx=06 len=96
[tp] link_data dst=/faaf30922083ed2a55e7e19a915d83f1/ ctx=fc len=80
[tp] path_request dest=/d9a4296c02b1208fad2b4ac5c08af067/ iface=/d86e8112f3c4c4442126f8e9f44f1686/
[tp] path_request dest=/b8bbfff472fe128873c9395a3ff8b353/ iface=/d86e8112f3c4c4442126f8e9f44f1686/
[tp] path_request dest=/379f204da5a77a6c340f6fae26097054/ iface=/d86e8112f3c4c4442126f8e9f44f1686/
[tp] link_data dst=/0217175da432e63a068e3ea21b64ec3c/ ctx=08 len=32
[tp] link_data dst=/1c9f453930e60942867530c0234b37e7/ ctx=fa len=1
[tp] link_data dst=/13a377c1e33744dca2b1816c39957b1c/ ctx=08 len=32
[tp] link_request dst=/6dee4caf17f87a1051504791002c8786/ ctx=00 hops=2
[tp] link_proof_tx dst=/6dee4caf17f87a1051504791002c8786/ link_id=/0bfb45d94d39932e2d90dcdb890d7a3e/
[tp] path_request dest=/12cb1ed29943213839f0b0d18cd42761/ iface=/d86e8112f3c4c4442126f8e9f44f1686/
[tp] link_data dst=/0bfb45d94d39932e2d90dcdb890d7a3e/ ctx=fe len=64
[tp] link_data dst=/0bfb45d94d39932e2d90dcdb890d7a3e/ ctx=fb len=192
[link] data_plain len=128 preview=086def840ff0e656498ad1a760c4de7bc001c603809e441f7018d2e042a3ca4e
[tp] link_data dst=/3f354c2c11c345aea4b949f5a9c772da/ ctx=06 len=96
[tp] link_data dst=/3f354c2c11c345aea4b949f5a9c772da/ ctx=fc len=80
[tp] link_data dst=/238e9b2b942279f127c4659b96809b5d/ ctx=08 len=32
[tp] path_request dest=/f8de3e21f2b92e8eb4bb505f1e1381c4/ iface=/d86e8112f3c4c4442126f8e9f44f1686/
[tp] path_request dest=/a15f32cc809931cb4fcdf27adbe05aa6/ iface=/d86e8112f3c4c4442126f8e9f44f1686/
[tp] link_request dst=/6dee4caf17f87a1051504791002c8786/ ctx=00 hops=1
[tp] link_proof_tx dst=/6dee4caf17f87a1051504791002c8786/ link_id=/666e2357302ea9c8eb66c332ab6165f3/
[tp] link_data dst=/666e2357302ea9c8eb66c332ab6165f3/ ctx=fe len=64
[tp] link_data dst=/666e2357302ea9c8eb66c332ab6165f3/ ctx=fb len=192
[link] data_plain len=128 preview=93abe5bd821eef8a15e92ad1c4e0cc1828ed446f4396a42041dbaf908b558d64
[tp] path_request dest=/995cc3851347f138f51af73d182d5e1d/ iface=/d86e8112f3c4c4442126f8e9f44f1686/
[tp] link_data dst=/00cfba157806bc3910f1f9f176d92f68/ ctx=08 len=32
[tp] link_data dst=/0bfb45d94d39932e2d90dcdb890d7a3e/ ctx=08 len=32
[tp] link_request dst=/6dee4caf17f87a1051504791002c8786/ ctx=00 hops=1
[tp] link_proof_tx dst=/6dee4caf17f87a1051504791002c8786/ link_id=/c4a79ee009d3c748632aa9abab8ec8cf/
[tp] link_data dst=/c4a79ee009d3c748632aa9abab8ec8cf/ ctx=fe len=64
[tp] link_data dst=/c4a79ee009d3c748632aa9abab8ec8cf/ ctx=fb len=192
[link] data_plain len=128 preview=722fe51808e9a53c865100a3d27a9490d79d892a18343cef7df37d080fa80170
[tp] link_data dst=/1c9f453930e60942867530c0234b37e7/ ctx=06 len=96
[tp] link_data dst=/1c9f453930e60942867530c0234b37e7/ ctx=fc len=80
[tp] path_request dest=/965511769c059271e655c503e810a670/ iface=/d86e8112f3c4c4442126f8e9f44f1686/
[tp] link_request dst=/6dee4caf17f87a1051504791002c8786/ ctx=00 hops=2
[tp] link_proof_tx dst=/6dee4caf17f87a1051504791002c8786/ link_id=/f6f58a1c05d781b183ba6b1f0a82d95b/
[tp] link_data dst=/f6f58a1c05d781b183ba6b1f0a82d95b/ ctx=fe len=64
[tp] link_data dst=/f6f58a1c05d781b183ba6b1f0a82d95b/ ctx=fb len=192
[link] data_plain len=128 preview=35e65fe12a80ee3d00278ef932383927bd791670aa6a7f7a029c1a472045933f
[tp] link_request dst=/6dee4caf17f87a1051504791002c8786/ ctx=00 hops=2
[tp] link_proof_tx dst=/6dee4caf17f87a1051504791002c8786/ link_id=/d71c66bc4cace8b93d6934bba60c60b6/
[tp] link_data dst=/d71c66bc4cace8b93d6934bba60c60b6/ ctx=fe len=64
[tp] link_data dst=/d71c66bc4cace8b93d6934bba60c60b6/ ctx=fb len=192
[link] data_plain len=128 preview=caeb241290061ad1380b094471a8ab92b78aeb000a7b67d3c3af96b3825f2026
[tp] link_data dst=/d586a34866996db6f7089ff57e4e3125/ ctx=fa len=1
[tp] link_data dst=/13a377c1e33744dca2b1816c39957b1c/ ctx=06 len=96
[tp] link_data dst=/13a377c1e33744dca2b1816c39957b1c/ ctx=fc len=80
[tp] path_request dest=/a15f32cc809931cb4fcdf27adbe05aa6/ iface=/d86e8112f3c4c4442126f8e9f44f1686/
[tp] link_request dst=/6dee4caf17f87a1051504791002c8786/ ctx=00 hops=1
[tp] link_proof_tx dst=/6dee4caf17f87a1051504791002c8786/ link_id=/0c5eeb9c626bc9c4af38ec9725bc9430/
[tp] link_data dst=/0c5eeb9c626bc9c4af38ec9725bc9430/ ctx=fe len=64
[tp] link_data dst=/0c5eeb9c626bc9c4af38ec9725bc9430/ ctx=fb len=192
[link] data_plain len=128 preview=69d501e6cc31a4301060838e059a83ad1222dee5383b88a2a87c3d837c447343
[tp] path_request dest=/379f204da5a77a6c340f6fae26097054/ iface=/d86e8112f3c4c4442126f8e9f44f1686/
[tp] link_data dst=/d586a34866996db6f7089ff57e4e3125/ ctx=fc len=80
[tp] link_data dst=/0217175da432e63a068e3ea21b64ec3c/ ctx=06 len=96
[tp] link_data dst=/0217175da432e63a068e3ea21b64ec3c/ ctx=fc len=80
[tp] link_data dst=/00cfba157806bc3910f1f9f176d92f68/ ctx=06 len=96
[tp] link_data dst=/00cfba157806bc3910f1f9f176d92f68/ ctx=fc len=80
[tp] link_data dst=/c4a79ee009d3c748632aa9abab8ec8cf/ ctx=08 len=32
[tp] path_request dest=/4d8496b4852a2002246d07138b184eb9/ iface=/d86e8112f3c4c4442126f8e9f44f1686/
[tp] path_request dest=/12cb1ed29943213839f0b0d18cd42761/ iface=/d86e8112f3c4c4442126f8e9f44f1686/
[tp] link_data dst=/d71c66bc4cace8b93d6934bba60c60b6/ ctx=08 len=32
[tp] path_request dest=/0ffa0968a18cb499c260e774cd3d9f28/ iface=/d86e8112f3c4c4442126f8e9f44f1686/
[tp] link_request dst=/6dee4caf17f87a1051504791002c8786/ ctx=00 hops=2
[tp] link_proof_tx dst=/6dee4caf17f87a1051504791002c8786/ link_id=/2200f9d7fc47a5175faae8d4a0f73c3c/
[tp] link_data dst=/2200f9d7fc47a5175faae8d4a0f73c3c/ ctx=fe len=64
[tp] link_data dst=/2200f9d7fc47a5175faae8d4a0f73c3c/ ctx=fb len=192
[link] data_plain len=128 preview=c757c88946ae81f0974a33437ab209bac39469edc778f04bc7c155cdb8ea1441
[tp] path_request dest=/b8bbfff472fe128873c9395a3ff8b353/ iface=/d86e8112f3c4c4442126f8e9f44f1686/
[tp] link_data dst=/0c5eeb9c626bc9c4af38ec9725bc9430/ ctx=08 len=32
[tp] link_data dst=/0bfb45d94d39932e2d90dcdb890d7a3e/ ctx=06 len=96
[tp] link_data dst=/0bfb45d94d39932e2d90dcdb890d7a3e/ ctx=fc len=80
[tp] path_request dest=/f8de3e21f2b92e8eb4bb505f1e1381c4/ iface=/d86e8112f3c4c4442126f8e9f44f1686/
[tp] link_request dst=/6dee4caf17f87a1051504791002c8786/ ctx=00 hops=3
[tp] link_proof_tx dst=/6dee4caf17f87a1051504791002c8786/ link_id=/cf57949ab695210a912dec11a1f68f6d/
[tp] path_request dest=/e233d8d7e9c5f61419d45138ef0d90ff/ iface=/d86e8112f3c4c4442126f8e9f44f1686/
[tp] link_data dst=/cf57949ab695210a912dec11a1f68f6d/ ctx=fe len=64
[tp] link_data dst=/cf57949ab695210a912dec11a1f68f6d/ ctx=fb len=192
[link] data_plain len=128 preview=b1d08b2315cf53c1efdf0a60cadf0ab72f82a691adf040c6b9990f393fcaaf53
[tp] link_data dst=/2200f9d7fc47a5175faae8d4a0f73c3c/ ctx=08 len=32
[tp] link_data dst=/c4a79ee009d3c748632aa9abab8ec8cf/ ctx=06 len=96
[tp] link_data dst=/c4a79ee009d3c748632aa9abab8ec8cf/ ctx=fc len=80
[tp] link_request dst=/6dee4caf17f87a1051504791002c8786/ ctx=00 hops=2
[tp] link_proof_tx dst=/6dee4caf17f87a1051504791002c8786/ link_id=/e865fd497851b447eaf24478646ccef3/
[tp] link_data dst=/e865fd497851b447eaf24478646ccef3/ ctx=fe len=64
[tp] link_data dst=/e865fd497851b447eaf24478646ccef3/ ctx=fb len=192
[link] data_plain len=128 preview=3f8f84ffe6b68f168b03338be78519e42a3a446c0c19c2c6dfaaf906eba7f61d
[tp] path_request dest=/995cc3851347f138f51af73d182d5e1d/ iface=/d86e8112f3c4c4442126f8e9f44f1686/
[tp] link_data dst=/d71c66bc4cace8b93d6934bba60c60b6/ ctx=06 len=96
[tp] link_data dst=/d71c66bc4cace8b93d6934bba60c60b6/ ctx=fc len=80
[tp] link_request dst=/6dee4caf17f87a1051504791002c8786/ ctx=00 hops=3
[tp] link_proof_tx dst=/6dee4caf17f87a1051504791002c8786/ link_id=/724732ad74dc5e25184bec6fb407cf38/
[tp] link_data dst=/724732ad74dc5e25184bec6fb407cf38/ ctx=fe len=64
[tp] link_data dst=/724732ad74dc5e25184bec6fb407cf38/ ctx=fb len=192
[link] data_plain len=128 preview=cbd4a6d311ba97b671bd75d501e048cad1f23eba47622f0bde8eed57b0d56814
[tp] link_data dst=/0c5eeb9c626bc9c4af38ec9725bc9430/ ctx=06 len=96
[tp] link_data dst=/0c5eeb9c626bc9c4af38ec9725bc9430/ ctx=fc len=80
[tp] link_request dst=/6dee4caf17f87a1051504791002c8786/ ctx=00 hops=1
[tp] link_proof_tx dst=/6dee4caf17f87a1051504791002c8786/ link_id=/3592e1d6920f524ed184c34991cfff06/
[tp] link_data dst=/3592e1d6920f524ed184c34991cfff06/ ctx=fe len=64
[tp] link_data dst=/3592e1d6920f524ed184c34991cfff06/ ctx=fb len=192
[link] data_plain len=128 preview=69d501e6cc31a4301060838e059a83ad1222dee5383b88a2a87c3d837c447343
[tp] path_request dest=/a3dfea289534e4b2d0f5730310eebd99/ iface=/d86e8112f3c4c4442126f8e9f44f1686/
[tp] link_request dst=/6dee4caf17f87a1051504791002c8786/ ctx=00 hops=3
[tp] link_proof_tx dst=/6dee4caf17f87a1051504791002c8786/ link_id=/f7e30c8ca401872cd76208b1b1042af5/
[tp] link_data dst=/f7e30c8ca401872cd76208b1b1042af5/ ctx=fe len=64
[tp] link_data dst=/f7e30c8ca401872cd76208b1b1042af5/ ctx=fb len=192
[link] data_plain len=128 preview=037a7857dfd539123ae67b4b07ff332d2bc3c151d0c8db5361e9cbbcf8519300
[tp] path_request dest=/12cb1ed29943213839f0b0d18cd42761/ iface=/d86e8112f3c4c4442126f8e9f44f1686/
[tp] link_data dst=/666e2357302ea9c8eb66c332ab6165f3/ ctx=fa len=1
[tp] path_request dest=/a15f32cc809931cb4fcdf27adbe05aa6/ iface=/d86e8112f3c4c4442126f8e9f44f1686/
[tp] link_data dst=/e865fd497851b447eaf24478646ccef3/ ctx=08 len=32
[tp] link_request dst=/6dee4caf17f87a1051504791002c8786/ ctx=00 hops=2
[tp] link_proof_tx dst=/6dee4caf17f87a1051504791002c8786/ link_id=/206fd9abcd20f0176c759362f75790d2/
[tp] link_data dst=/206fd9abcd20f0176c759362f75790d2/ ctx=fe len=64
[tp] link_data dst=/206fd9abcd20f0176c759362f75790d2/ ctx=fb len=192
[link] data_plain len=128 preview=caeb241290061ad1380b094471a8ab92b78aeb000a7b67d3c3af96b3825f2026
[tp] link_data dst=/724732ad74dc5e25184bec6fb407cf38/ ctx=08 len=32
[tp] link_data dst=/f6f58a1c05d781b183ba6b1f0a82d95b/ ctx=fa len=1
[tp] link_request dst=/6dee4caf17f87a1051504791002c8786/ ctx=00 hops=1
[tp] link_proof_tx dst=/6dee4caf17f87a1051504791002c8786/ link_id=/f292d5192893f7f65eaff532d1cab642/
[tp] link_data dst=/3592e1d6920f524ed184c34991cfff06/ ctx=08 len=32
[tp] link_data dst=/f292d5192893f7f65eaff532d1cab642/ ctx=fe len=64
[tp] link_data dst=/f292d5192893f7f65eaff532d1cab642/ ctx=fb len=192
[link] data_plain len=128 preview=722fe51808e9a53c865100a3d27a9490d79d892a18343cef7df37d080fa80170
[tp] path_request dest=/b8bbfff472fe128873c9395a3ff8b353/ iface=/d86e8112f3c4c4442126f8e9f44f1686/
[tp] link_data dst=/2200f9d7fc47a5175faae8d4a0f73c3c/ ctx=06 len=96
[tp] link_data dst=/2200f9d7fc47a5175faae8d4a0f73c3c/ ctx=fc len=80
[tp] link_request dst=/6dee4caf17f87a1051504791002c8786/ ctx=00 hops=3
[tp] link_proof_tx dst=/6dee4caf17f87a1051504791002c8786/ link_id=/4b4497ae3c2f4101c2fe54bcee7b078c/
[tp] link_data dst=/4b4497ae3c2f4101c2fe54bcee7b078c/ ctx=fe len=64
[tp] link_data dst=/4b4497ae3c2f4101c2fe54bcee7b078c/ ctx=fb len=192
[link] data_plain len=128 preview=4913e1db3253c4f39555ffdfe8435b1baf2b5b7dfdbb6065f8ca81371cbd5b17
[tp] link_data dst=/206fd9abcd20f0176c759362f75790d2/ ctx=08 len=32
[tp] path_request dest=/0afd2d4541ff8c768f8015a3c76971be/ iface=/d86e8112f3c4c4442126f8e9f44f1686/
[tp] path_request dest=/a15f32cc809931cb4fcdf27adbe05aa6/ iface=/d86e8112f3c4c4442126f8e9f44f1686/
[tp] link_data dst=/f292d5192893f7f65eaff532d1cab642/ ctx=08 len=32
[tp] link_data dst=/e865fd497851b447eaf24478646ccef3/ ctx=06 len=96
[tp] link_data dst=/e865fd497851b447eaf24478646ccef3/ ctx=fc len=80
[tp] link_data dst=/724732ad74dc5e25184bec6fb407cf38/ ctx=06 len=96
[tp] link_data dst=/724732ad74dc5e25184bec6fb407cf38/ ctx=fc len=80
[tp] link_request dst=/6dee4caf17f87a1051504791002c8786/ ctx=00 hops=2
[tp] link_proof_tx dst=/6dee4caf17f87a1051504791002c8786/ link_id=/f00483fb62b5aeb1d8cf59f014288e4a/
[tp] link_data dst=/f00483fb62b5aeb1d8cf59f014288e4a/ ctx=fe len=64
[tp] link_data dst=/f00483fb62b5aeb1d8cf59f014288e4a/ ctx=fb len=192
[link] data_plain len=128 preview=586528998cc5cb6f63d677614052350359a4eaac0310a30853a9bed5643f890d
[tp] path_request dest=/12cb1ed29943213839f0b0d18cd42761/ iface=/d86e8112f3c4c4442126f8e9f44f1686/
[tp] link_data dst=/3592e1d6920f524ed184c34991cfff06/ ctx=06 len=96
[tp] link_data dst=/3592e1d6920f524ed184c34991cfff06/ ctx=fc len=80
[tp] link_request dst=/6dee4caf17f87a1051504791002c8786/ ctx=00 hops=1
[tp] link_proof_tx dst=/6dee4caf17f87a1051504791002c8786/ link_id=/97166b436d80234b33a3787a7b8a4114/
[tp] link_data dst=/97166b436d80234b33a3787a7b8a4114/ ctx=fe len=64
[tp] link_data dst=/97166b436d80234b33a3787a7b8a4114/ ctx=fb len=192
[link] data_plain len=128 preview=69d501e6cc31a4301060838e059a83ad1222dee5383b88a2a87c3d837c447343
[tp] link_data dst=/f6f58a1c05d781b183ba6b1f0a82d95b/ ctx=06 len=96
[tp] link_data dst=/f6f58a1c05d781b183ba6b1f0a82d95b/ ctx=fc len=80
[tp] path_request dest=/b18bb3d4ac56c99c5ee4791d79496ca2/ iface=/d86e8112f3c4c4442126f8e9f44f1686/
[tp] link_request dst=/6dee4caf17f87a1051504791002c8786/ ctx=00 hops=2
[tp] link_proof_tx dst=/6dee4caf17f87a1051504791002c8786/ link_id=/89489f85192d4eba56105da9485c260c/
[tp] link_data dst=/89489f85192d4eba56105da9485c260c/ ctx=fe len=64
[tp] link_data dst=/89489f85192d4eba56105da9485c260c/ ctx=fb len=192
[link] data_plain len=128 preview=35e65fe12a80ee3d00278ef932383927bd791670aa6a7f7a029c1a472045933f
[tp] link_request dst=/6dee4caf17f87a1051504791002c8786/ ctx=00 hops=3
[tp] link_proof_tx dst=/6dee4caf17f87a1051504791002c8786/ link_id=/eab0fa509513800e827ab9b7ae0fabc9/
[tp] link_data dst=/eab0fa509513800e827ab9b7ae0fabc9/ ctx=fe len=64
[tp] link_data dst=/eab0fa509513800e827ab9b7ae0fabc9/ ctx=fb len=192
[link] data_plain len=128 preview=cbd4a6d311ba97b671bd75d501e048cad1f23eba47622f0bde8eed57b0d56814
[tp] path_request dest=/995cc3851347f138f51af73d182d5e1d/ iface=/d86e8112f3c4c4442126f8e9f44f1686/
[tp] link_data dst=/206fd9abcd20f0176c759362f75790d2/ ctx=06 len=96
[tp] link_data dst=/206fd9abcd20f0176c759362f75790d2/ ctx=fc len=80
[tp] link_request dst=/6dee4caf17f87a1051504791002c8786/ ctx=00 hops=2
[tp] link_proof_tx dst=/6dee4caf17f87a1051504791002c8786/ link_id=/a57e61718f632bda9efc12fd9ac008fd/
[tp] link_data dst=/a57e61718f632bda9efc12fd9ac008fd/ ctx=fe len=64
[tp] link_data dst=/a57e61718f632bda9efc12fd9ac008fd/ ctx=fb len=192
[link] data_plain len=128 preview=086def840ff0e656498ad1a760c4de7bc001c603809e441f7018d2e042a3ca4e
[tp] path_request dest=/a15f32cc809931cb4fcdf27adbe05aa6/ iface=/d86e8112f3c4c4442126f8e9f44f1686/
[tp] link_data dst=/f00483fb62b5aeb1d8cf59f014288e4a/ ctx=08 len=32
[tp] link_data dst=/f292d5192893f7f65eaff532d1cab642/ ctx=06 len=96
[tp] link_data dst=/f292d5192893f7f65eaff532d1cab642/ ctx=fc len=80
[tp] path_request dest=/c5210cdf7fda275c7f978533ec4ece80/ iface=/d86e8112f3c4c4442126f8e9f44f1686/
[tp] path_request dest=/a3dfea289534e4b2d0f5730310eebd99/ iface=/d86e8112f3c4c4442126f8e9f44f1686/
[tp] link_data dst=/97166b436d80234b33a3787a7b8a4114/ ctx=08 len=32
[tp] path_request dest=/b8bbfff472fe128873c9395a3ff8b353/ iface=/d86e8112f3c4c4442126f8e9f44f1686/
[tp] link_data dst=/eab0fa509513800e827ab9b7ae0fabc9/ ctx=08 len=32
[tp] path_request dest=/b18bb3d4ac56c99c5ee4791d79496ca2/ iface=/d86e8112f3c4c4442126f8e9f44f1686/
[tp] link_data dst=/a57e61718f632bda9efc12fd9ac008fd/ ctx=08 len=32
[tp] path_request dest=/12cb1ed29943213839f0b0d18cd42761/ iface=/d86e8112f3c4c4442126f8e9f44f1686/
[tp] link_request dst=/6dee4caf17f87a1051504791002c8786/ ctx=00 hops=2
[tp] link_proof_tx dst=/6dee4caf17f87a1051504791002c8786/ link_id=/9e3aaafe4f637022001c228a77e62d0f/
[tp] link_data dst=/9e3aaafe4f637022001c228a77e62d0f/ ctx=fe len=64
[tp] link_data dst=/9e3aaafe4f637022001c228a77e62d0f/ ctx=fb len=192
[link] data_plain len=128 preview=c757c88946ae81f0974a33437ab209bac39469edc778f04bc7c155cdb8ea1441
[tp] path_request dest=/0afd2d4541ff8c768f8015a3c76971be/ iface=/d86e8112f3c4c4442126f8e9f44f1686/
[tp] path_request dest=/2a2c53858ac1ef449ff10c402a5e512c/ iface=/d86e8112f3c4c4442126f8e9f44f1686/
[tp] link_data dst=/666e2357302ea9c8eb66c332ab6165f3/ ctx=fa len=1
[tp] path_request dest=/a15f32cc809931cb4fcdf27adbe05aa6/ iface=/d86e8112f3c4c4442126f8e9f44f1686/
[tp] link_data dst=/666e2357302ea9c8eb66c332ab6165f3/ ctx=fc len=80
[tp] link_request dst=/6dee4caf17f87a1051504791002c8786/ ctx=00 hops=1
[tp] link_proof_tx dst=/6dee4caf17f87a1051504791002c8786/ link_id=/144302af99cbad0c3ca9f2a06553868f/
[tp] link_data dst=/f7e30c8ca401872cd76208b1b1042af5/ ctx=fa len=1
[tp] link_data dst=/144302af99cbad0c3ca9f2a06553868f/ ctx=fe len=64
[tp] link_data dst=/144302af99cbad0c3ca9f2a06553868f/ ctx=fb len=192
[link] data_plain len=128 preview=722fe51808e9a53c865100a3d27a9490d79d892a18343cef7df37d080fa80170
[tp] link_data dst=/f00483fb62b5aeb1d8cf59f014288e4a/ ctx=06 len=96
[tp] link_data dst=/f00483fb62b5aeb1d8cf59f014288e4a/ ctx=fc len=80
[tp] link_data dst=/97166b436d80234b33a3787a7b8a4114/ ctx=06 len=96
[tp] link_data dst=/97166b436d80234b33a3787a7b8a4114/ ctx=fc len=80
[tp] link_data dst=/4b4497ae3c2f4101c2fe54bcee7b078c/ ctx=fa len=1
[tp] link_data dst=/9e3aaafe4f637022001c228a77e62d0f/ ctx=08 len=32
[tp] link_data dst=/eab0fa509513800e827ab9b7ae0fabc9/ ctx=06 len=96
[tp] link_data dst=/eab0fa509513800e827ab9b7ae0fabc9/ ctx=fc len=80
[tp] path_request dest=/95aee8d82d08d3e194eb537ec4db1e7a/ iface=/d86e8112f3c4c4442126f8e9f44f1686/
[tp] link_data dst=/a57e61718f632bda9efc12fd9ac008fd/ ctx=06 len=96
[tp] link_data dst=/a57e61718f632bda9efc12fd9ac008fd/ ctx=fc len=80
[tp] link_data dst=/144302af99cbad0c3ca9f2a06553868f/ ctx=08 len=32
[tp] path_request dest=/58681bf71893d092811b7b97b6f767cf/ iface=/d86e8112f3c4c4442126f8e9f44f1686/
[tp] path_request dest=/a15f32cc809931cb4fcdf27adbe05aa6/ iface=/d86e8112f3c4c4442126f8e9f44f1686/
[tp] path_request dest=/12cb1ed29943213839f0b0d18cd42761/ iface=/d86e8112f3c4c4442126f8e9f44f1686/
[tp] link_request dst=/6dee4caf17f87a1051504791002c8786/ ctx=00 hops=2
[tp] link_proof_tx dst=/6dee4caf17f87a1051504791002c8786/ link_id=/e0e3084d070469349112cc359f1efee8/
[tp] link_data dst=/e0e3084d070469349112cc359f1efee8/ ctx=fe len=64
[tp] link_data dst=/e0e3084d070469349112cc359f1efee8/ ctx=fb len=192
[link] data_plain len=128 preview=caeb241290061ad1380b094471a8ab92b78aeb000a7b67d3c3af96b3825f2026
[tp] path_request dest=/995cc3851347f138f51af73d182d5e1d/ iface=/d86e8112f3c4c4442126f8e9f44f1686/
[tp] path_request dest=/b8bbfff472fe128873c9395a3ff8b353/ iface=/d86e8112f3c4c4442126f8e9f44f1686/
[tp] path_request dest=/47b6cea814d9ca40bb0cadad2139625a/ iface=/d86e8112f3c4c4442126f8e9f44f1686/
[tp] link_data dst=/89489f85192d4eba56105da9485c260c/ ctx=fa len=1
[tp] link_data dst=/9e3aaafe4f637022001c228a77e62d0f/ ctx=06 len=96
[tp] link_data dst=/9e3aaafe4f637022001c228a77e62d0f/ ctx=fc len=80
[tp] path_request dest=/a3dfea289534e4b2d0f5730310eebd99/ iface=/d86e8112f3c4c4442126f8e9f44f1686/
[tp] path_request dest=/187adf050bc9458d350294d12feeab65/ iface=/d86e8112f3c4c4442126f8e9f44f1686/
[tp] path_request dest=/0ffa0968a18cb499c260e774cd3d9f28/ iface=/d86e8112f3c4c4442126f8e9f44f1686/
[tp] link_data dst=/e0e3084d070469349112cc359f1efee8/ ctx=08 len=32
[tp] link_request dst=/6dee4caf17f87a1051504791002c8786/ ctx=00 hops=2
[tp] link_proof_tx dst=/6dee4caf17f87a1051504791002c8786/ link_id=/433ba95e93aa70ba11eb7f69b2c5a5f5/
[tp] link_data dst=/433ba95e93aa70ba11eb7f69b2c5a5f5/ ctx=fe len=64
[tp] link_data dst=/433ba95e93aa70ba11eb7f69b2c5a5f5/ ctx=fb len=192
[link] data_plain len=128 preview=3f8f84ffe6b68f168b03338be78519e42a3a446c0c19c2c6dfaaf906eba7f61d
[tp] link_request dst=/6dee4caf17f87a1051504791002c8786/ ctx=00 hops=3
[tp] link_proof_tx dst=/6dee4caf17f87a1051504791002c8786/ link_id=/0d9c55eff71476fdd487531c6757944e/
[tp] link_data dst=/0d9c55eff71476fdd487531c6757944e/ ctx=fe len=64
[tp] link_data dst=/0d9c55eff71476fdd487531c6757944e/ ctx=fb len=192
[link] data_plain len=128 preview=cbd4a6d311ba97b671bd75d501e048cad1f23eba47622f0bde8eed57b0d56814
[tp] link_request dst=/6dee4caf17f87a1051504791002c8786/ ctx=00 hops=1
[tp] link_proof_tx dst=/6dee4caf17f87a1051504791002c8786/ link_id=/4cd7f9dce2804aecb86cccd4d77c14fb/
[tp] link_data dst=/4cd7f9dce2804aecb86cccd4d77c14fb/ ctx=fe len=64
[tp] link_data dst=/4cd7f9dce2804aecb86cccd4d77c14fb/ ctx=fb len=192
[link] data_plain len=128 preview=dd1bc4ae45e403dc14c7c92392d200fefd4ae02bc95151eab27660615712ca5a
[tp] link_data dst=/144302af99cbad0c3ca9f2a06553868f/ ctx=06 len=96
[tp] link_data dst=/144302af99cbad0c3ca9f2a06553868f/ ctx=fc len=80
[tp] path_request dest=/a15f32cc809931cb4fcdf27adbe05aa6/ iface=/d86e8112f3c4c4442126f8e9f44f1686/
[tp] link_request dst=/6dee4caf17f87a1051504791002c8786/ ctx=00 hops=2
[tp] link_proof_tx dst=/6dee4caf17f87a1051504791002c8786/ link_id=/431baa1f40d127b59ed0af853d415e2f/
[tp] link_data dst=/431baa1f40d127b59ed0af853d415e2f/ ctx=fe len=64
[tp] link_data dst=/431baa1f40d127b59ed0af853d415e2f/ ctx=fb len=192
[link] data_plain len=128 preview=c757c88946ae81f0974a33437ab209bac39469edc778f04bc7c155cdb8ea1441
[tp] path_request dest=/0ffa0968a18cb499c260e774cd3d9f28/ iface=/d86e8112f3c4c4442126f8e9f44f1686/
[tp] path_request dest=/e792a1b9b43cc8b95d12ecd2d1d3e8b2/ iface=/d86e8112f3c4c4442126f8e9f44f1686/
[tp] link_request dst=/6dee4caf17f87a1051504791002c8786/ ctx=00 hops=3
[tp] link_proof_tx dst=/6dee4caf17f87a1051504791002c8786/ link_id=/da35695040aa45d58a63718b8fb726b6/
[tp] path_request dest=/b18bb3d4ac56c99c5ee4791d79496ca2/ iface=/d86e8112f3c4c4442126f8e9f44f1686/
[tp] path_request dest=/47b6cea814d9ca40bb0cadad2139625a/ iface=/d86e8112f3c4c4442126f8e9f44f1686/
[tp] path_request dest=/e233d8d7e9c5f61419d45138ef0d90ff/ iface=/d86e8112f3c4c4442126f8e9f44f1686/
[tp] link_data dst=/0d9c55eff71476fdd487531c6757944e/ ctx=08 len=32
[tp] link_data dst=/433ba95e93aa70ba11eb7f69b2c5a5f5/ ctx=08 len=32
[tp] link_data dst=/89489f85192d4eba56105da9485c260c/ ctx=06 len=96
[tp] link_data dst=/89489f85192d4eba56105da9485c260c/ ctx=fc len=80
[tp] path_request dest=/12cb1ed29943213839f0b0d18cd42761/ iface=/d86e8112f3c4c4442126f8e9f44f1686/
[tp] link_request dst=/6dee4caf17f87a1051504791002c8786/ ctx=00 hops=2
[tp] link_proof_tx dst=/6dee4caf17f87a1051504791002c8786/ link_id=/e9a4f50f90699b9d8a2f3ee1e3089357/
[tp] link_data dst=/431baa1f40d127b59ed0af853d415e2f/ ctx=08 len=32
[tp] link_data dst=/4b4497ae3c2f4101c2fe54bcee7b078c/ ctx=fa len=1
[tp] link_data dst=/e9a4f50f90699b9d8a2f3ee1e3089357/ ctx=fe len=64
[tp] link_data dst=/e9a4f50f90699b9d8a2f3ee1e3089357/ ctx=fb len=192
[link] data_plain len=128 preview=35e65fe12a80ee3d00278ef932383927bd791670aa6a7f7a029c1a472045933f
[tp] link_data dst=/e0e3084d070469349112cc359f1efee8/ ctx=06 len=96
[tp] link_data dst=/e0e3084d070469349112cc359f1efee8/ ctx=fc len=80
[tp] link_data dst=/4b4497ae3c2f4101c2fe54bcee7b078c/ ctx=fc len=80
[tp] path_request dest=/e792a1b9b43cc8b95d12ecd2d1d3e8b2/ iface=/d86e8112f3c4c4442126f8e9f44f1686/
[tp] link_request dst=/6dee4caf17f87a1051504791002c8786/ ctx=00 hops=1
[tp] link_proof_tx dst=/6dee4caf17f87a1051504791002c8786/ link_id=/20866f91e2cf06175cb5c879ecb6d2c7/
[tp] path_request dest=/a15f32cc809931cb4fcdf27adbe05aa6/ iface=/d86e8112f3c4c4442126f8e9f44f1686/
[tp] link_data dst=/20866f91e2cf06175cb5c879ecb6d2c7/ ctx=fe len=64
[tp] link_data dst=/20866f91e2cf06175cb5c879ecb6d2c7/ ctx=fb len=192
[link] data_plain len=128 preview=722fe51808e9a53c865100a3d27a9490d79d892a18343cef7df37d080fa80170
[tp] path_request dest=/b8bbfff472fe128873c9395a3ff8b353/ iface=/d86e8112f3c4c4442126f8e9f44f1686/
[tp] path_request dest=/4762234229b7e0b83c68b857bdf245c3/ iface=/d86e8112f3c4c4442126f8e9f44f1686/
[tp] link_request dst=/6dee4caf17f87a1051504791002c8786/ ctx=00 hops=1
[tp] link_proof_tx dst=/6dee4caf17f87a1051504791002c8786/ link_id=/c1c7c9c2986f479e6261f071b5120b47/
[tp] link_data dst=/c1c7c9c2986f479e6261f071b5120b47/ ctx=fe len=64
[tp] link_data dst=/c1c7c9c2986f479e6261f071b5120b47/ ctx=fb len=192
[link] data_plain len=128 preview=69d501e6cc31a4301060838e059a83ad1222dee5383b88a2a87c3d837c447343
[tp] link_request dst=/6dee4caf17f87a1051504791002c8786/ ctx=00 hops=3
[tp] link_proof_tx dst=/6dee4caf17f87a1051504791002c8786/ link_id=/593d09c0a7e14fa33478e7d4ffe379cb/
[tp] link_request dst=/6dee4caf17f87a1051504791002c8786/ ctx=00 hops=3
[tp] link_proof_tx dst=/6dee4caf17f87a1051504791002c8786/ link_id=/8aebee4fee90ac9df929e781655d2d58/
[tp] path_request dest=/e233d8d7e9c5f61419d45138ef0d90ff/ iface=/d86e8112f3c4c4442126f8e9f44f1686/
[tp] link_data dst=/593d09c0a7e14fa33478e7d4ffe379cb/ ctx=fe len=64
[tp] link_data dst=/593d09c0a7e14fa33478e7d4ffe379cb/ ctx=fb len=192
[link] data_plain len=128 preview=99ca60eb910ff9ef7ab800fefc510094944f555d40217547f1b60bfe54d10a28
[tp] link_data dst=/593d09c0a7e14fa33478e7d4ffe379cb/ ctx=09 len=400
[link] data_plain len=336 preview=93cb41da6cc86756b324c41094fd9fd7b04a5caae5882616446bb9ef92c420c5
[tp] link_data dst=/f7e30c8ca401872cd76208b1b1042af5/ ctx=fa len=1
[tp] link_data dst=/8aebee4fee90ac9df929e781655d2d58/ ctx=fe len=64
[tp] link_data dst=/8aebee4fee90ac9df929e781655d2d58/ ctx=fb len=192
[link] data_plain len=128 preview=4913e1db3253c4f39555ffdfe8435b1baf2b5b7dfdbb6065f8ca81371cbd5b17
[tp] path_request dest=/0ffa0968a18cb499c260e774cd3d9f28/ iface=/d86e8112f3c4c4442126f8e9f44f1686/
[tp] link_data dst=/4cd7f9dce2804aecb86cccd4d77c14fb/ ctx=fa len=1
[tp] link_data dst=/0d9c55eff71476fdd487531c6757944e/ ctx=06 len=96
[tp] link_data dst=/0d9c55eff71476fdd487531c6757944e/ ctx=fc len=80
[tp] link_data dst=/f7e30c8ca401872cd76208b1b1042af5/ ctx=fc len=80
[tp] link_data dst=/433ba95e93aa70ba11eb7f69b2c5a5f5/ ctx=06 len=96
[tp] link_data dst=/433ba95e93aa70ba11eb7f69b2c5a5f5/ ctx=fc len=80
[tp] path_request dest=/95aee8d82d08d3e194eb537ec4db1e7a/ iface=/d86e8112f3c4c4442126f8e9f44f1686/
[tp] link_data dst=/20866f91e2cf06175cb5c879ecb6d2c7/ ctx=08 len=32
[tp] link_data dst=/431baa1f40d127b59ed0af853d415e2f/ ctx=06 len=96
[tp] link_data dst=/431baa1f40d127b59ed0af853d415e2f/ ctx=fc len=80
[tp] path_request dest=/a3dfea289534e4b2d0f5730310eebd99/ iface=/d86e8112f3c4c4442126f8e9f44f1686/
[tp] path_request dest=/41f2d44205f74addeffe2746f9642579/ iface=/d86e8112f3c4c4442126f8e9f44f1686/
[tp] path_request dest=/f8de3e21f2b92e8eb4bb505f1e1381c4/ iface=/d86e8112f3c4c4442126f8e9f44f1686/
[tp] link_data dst=/c1c7c9c2986f479e6261f071b5120b47/ ctx=08 len=32
[tp] path_request dest=/12cb1ed29943213839f0b0d18cd42761/ iface=/d86e8112f3c4c4442126f8e9f44f1686/
[tp] path_request dest=/995cc3851347f138f51af73d182d5e1d/ iface=/d86e8112f3c4c4442126f8e9f44f1686/
[tp] path_request dest=/b18bb3d4ac56c99c5ee4791d79496ca2/ iface=/d86e8112f3c4c4442126f8e9f44f1686/
[tp] path_request dest=/e792a1b9b43cc8b95d12ecd2d1d3e8b2/ iface=/d86e8112f3c4c4442126f8e9f44f1686/
[tp] link_data dst=/20866f91e2cf06175cb5c879ecb6d2c7/ ctx=06 len=96
[tp] link_data dst=/20866f91e2cf06175cb5c879ecb6d2c7/ ctx=fc len=80
[tp] link_request dst=/6dee4caf17f87a1051504791002c8786/ ctx=00 hops=3
[tp] link_proof_tx dst=/6dee4caf17f87a1051504791002c8786/ link_id=/d5ba9833acee3261f16387be792704af/
[tp] link_data dst=/d5ba9833acee3261f16387be792704af/ ctx=fe len=64
[tp] link_data dst=/d5ba9833acee3261f16387be792704af/ ctx=fb len=192
[link] data_plain len=128 preview=037a7857dfd539123ae67b4b07ff332d2bc3c151d0c8db5361e9cbbcf8519300
[tp] path_request dest=/f8de3e21f2b92e8eb4bb505f1e1381c4/ iface=/d86e8112f3c4c4442126f8e9f44f1686/
[tp] path_request dest=/88082fd6f73e93e3e5fad9af6ee05453/ iface=/d86e8112f3c4c4442126f8e9f44f1686/
[tp] link_request dst=/6dee4caf17f87a1051504791002c8786/ ctx=00 hops=3
[tp] link_proof_tx dst=/6dee4caf17f87a1051504791002c8786/ link_id=/ee634ae748d4da510f08d85bd2ad0cd6/
[tp] link_data dst=/ee634ae748d4da510f08d85bd2ad0cd6/ ctx=fe len=64
[tp] link_data dst=/ee634ae748d4da510f08d85bd2ad0cd6/ ctx=fb len=192
[link] data_plain len=128 preview=cbd4a6d311ba97b671bd75d501e048cad1f23eba47622f0bde8eed57b0d56814
[tp] link_data dst=/c1c7c9c2986f479e6261f071b5120b47/ ctx=06 len=96
[tp] link_data dst=/c1c7c9c2986f479e6261f071b5120b47/ ctx=fc len=80
[tp] path_request dest=/a15f32cc809931cb4fcdf27adbe05aa6/ iface=/d86e8112f3c4c4442126f8e9f44f1686/
[tp] path_request dest=/b8bbfff472fe128873c9395a3ff8b353/ iface=/d86e8112f3c4c4442126f8e9f44f1686/
[tp] link_request dst=/6dee4caf17f87a1051504791002c8786/ ctx=00 hops=2
[tp] link_proof_tx dst=/6dee4caf17f87a1051504791002c8786/ link_id=/b25e0fe3d7a7ab2c2763a301dde7c06f/
[tp] link_data dst=/b25e0fe3d7a7ab2c2763a301dde7c06f/ ctx=fe len=64
[tp] link_data dst=/b25e0fe3d7a7ab2c2763a301dde7c06f/ ctx=fb len=192
[link] data_plain len=128 preview=3f8f84ffe6b68f168b03338be78519e42a3a446c0c19c2c6dfaaf906eba7f61d
[tp] link_data dst=/4cd7f9dce2804aecb86cccd4d77c14fb/ ctx=fa len=1
[tp] path_request dest=/4762234229b7e0b83c68b857bdf245c3/ iface=/d86e8112f3c4c4442126f8e9f44f1686/
[tp] link_data dst=/e9a4f50f90699b9d8a2f3ee1e3089357/ ctx=fa len=1
[tp] link_data dst=/4cd7f9dce2804aecb86cccd4d77c14fb/ ctx=fc len=80
[tp] path_request dest=/c69f216ed33d3834e67391b99aaa32f1/ iface=/d86e8112f3c4c4442126f8e9f44f1686/
[tp] path_request dest=/12cb1ed29943213839f0b0d18cd42761/ iface=/d86e8112f3c4c4442126f8e9f44f1686/
[tp] path_request dest=/e792a1b9b43cc8b95d12ecd2d1d3e8b2/ iface=/d86e8112f3c4c4442126f8e9f44f1686/
[tp] link_data dst=/ee634ae748d4da510f08d85bd2ad0cd6/ ctx=08 len=32
[tp] path_request dest=/0ffa0968a18cb499c260e774cd3d9f28/ iface=/d86e8112f3c4c4442126f8e9f44f1686/
[tp] link_data dst=/b25e0fe3d7a7ab2c2763a301dde7c06f/ ctx=08 len=32
[tp] path_request dest=/a15f32cc809931cb4fcdf27adbe05aa6/ iface=/d86e8112f3c4c4442126f8e9f44f1686/
[tp] path_request dest=/a3dfea289534e4b2d0f5730310eebd99/ iface=/d86e8112f3c4c4442126f8e9f44f1686/
[tp] path_request dest=/b4508c693ae1ddc6a0d472977be93bfc/ iface=/d86e8112f3c4c4442126f8e9f44f1686/
[tp] link_data dst=/e9a4f50f90699b9d8a2f3ee1e3089357/ ctx=06 len=96
[tp] link_data dst=/e9a4f50f90699b9d8a2f3ee1e3089357/ ctx=fc len=80
[tp] link_data dst=/8aebee4fee90ac9df929e781655d2d58/ ctx=fa len=1
[tp] link_data dst=/ee634ae748d4da510f08d85bd2ad0cd6/ ctx=06 len=96
[tp] link_data dst=/ee634ae748d4da510f08d85bd2ad0cd6/ ctx=fc len=80
[tp] link_request dst=/6dee4caf17f87a1051504791002c8786/ ctx=00 hops=2
[tp] link_proof_tx dst=/6dee4caf17f87a1051504791002c8786/ link_id=/36d93870f5f8bd9a66ca032b62e2a2ad/
[tp] link_data dst=/36d93870f5f8bd9a66ca032b62e2a2ad/ ctx=fe len=64
[tp] link_data dst=/36d93870f5f8bd9a66ca032b62e2a2ad/ ctx=fb len=192
[link] data_plain len=128 preview=caeb241290061ad1380b094471a8ab92b78aeb000a7b67d3c3af96b3825f2026
[tp] path_request dest=/34b2d5e6e88abd17de1616d24ab7a66f/ iface=/d86e8112f3c4c4442126f8e9f44f1686/
[tp] link_request dst=/6dee4caf17f87a1051504791002c8786/ ctx=00 hops=3
[tp] link_proof_tx dst=/6dee4caf17f87a1051504791002c8786/ link_id=/70fe8c2486469d0716cd70eeb0d20bdf/
[tp] link_data dst=/b25e0fe3d7a7ab2c2763a301dde7c06f/ ctx=06 len=96
[tp] link_data dst=/b25e0fe3d7a7ab2c2763a301dde7c06f/ ctx=fc len=80
[tp] path_request dest=/b8bbfff472fe128873c9395a3ff8b353/ iface=/d86e8112f3c4c4442126f8e9f44f1686/
[tp] path_request dest=/12cb1ed29943213839f0b0d18cd42761/ iface=/d86e8112f3c4c4442126f8e9f44f1686/
[tp] path_request dest=/a15f32cc809931cb4fcdf27adbe05aa6/ iface=/d86e8112f3c4c4442126f8e9f44f1686/
[tp] path_request dest=/e233d8d7e9c5f61419d45138ef0d90ff/ iface=/d86e8112f3c4c4442126f8e9f44f1686/
[tp] path_request dest=/0afd2d4541ff8c768f8015a3c76971be/ iface=/d86e8112f3c4c4442126f8e9f44f1686/
[tp] link_data dst=/593d09c0a7e14fa33478e7d4ffe379cb/ ctx=fa len=1
[tp] link_data dst=/36d93870f5f8bd9a66ca032b62e2a2ad/ ctx=08 len=32
[tp] path_request dest=/6920c6a5f96abc13df3383dbdcc5e305/ iface=/d86e8112f3c4c4442126f8e9f44f1686/
[tp] link_data dst=/cf57949ab695210a912dec11a1f68f6d/ ctx=fa len=1
[tp] path_request dest=/5145ebb9a76875bd92db68ba1973d652/ iface=/d86e8112f3c4c4442126f8e9f44f1686/
[tp] path_request dest=/a15f32cc809931cb4fcdf27adbe05aa6/ iface=/d86e8112f3c4c4442126f8e9f44f1686/
[tp] path_request dest=/995cc3851347f138f51af73d182d5e1d/ iface=/d86e8112f3c4c4442126f8e9f44f1686/
[tp] path_request dest=/12cb1ed29943213839f0b0d18cd42761/ iface=/d86e8112f3c4c4442126f8e9f44f1686/
[tp] link_request dst=/6dee4caf17f87a1051504791002c8786/ ctx=00 hops=1
[tp] link_proof_tx dst=/6dee4caf17f87a1051504791002c8786/ link_id=/a05824fddb4eefb0bfc5b9a630051953/
[tp] path_request dest=/a3dfea289534e4b2d0f5730310eebd99/ iface=/d86e8112f3c4c4442126f8e9f44f1686/
[tp] link_data dst=/36d93870f5f8bd9a66ca032b62e2a2ad/ ctx=06 len=96
[tp] link_data dst=/36d93870f5f8bd9a66ca032b62e2a2ad/ ctx=fc len=80
[tp] link_data dst=/a05824fddb4eefb0bfc5b9a630051953/ ctx=fe len=64
[tp] link_data dst=/a05824fddb4eefb0bfc5b9a630051953/ ctx=fb len=192
[link] data_plain len=128 preview=69d501e6cc31a4301060838e059a83ad1222dee5383b88a2a87c3d837c447343
[tp] path_request dest=/f8de3e21f2b92e8eb4bb505f1e1381c4/ iface=/d86e8112f3c4c4442126f8e9f44f1686/
[tp] link_data dst=/d5ba9833acee3261f16387be792704af/ ctx=fa len=1
[tp] path_request dest=/b8bbfff472fe128873c9395a3ff8b353/ iface=/d86e8112f3c4c4442126f8e9f44f1686/
[tp] path_request dest=/a15f32cc809931cb4fcdf27adbe05aa6/ iface=/d86e8112f3c4c4442126f8e9f44f1686/
[tp] link_request dst=/6dee4caf17f87a1051504791002c8786/ ctx=00 hops=2
[tp] link_proof_tx dst=/6dee4caf17f87a1051504791002c8786/ link_id=/1a463e26dea312751d59ff0e17469afb/
[tp] link_data dst=/1a463e26dea312751d59ff0e17469afb/ ctx=fe len=64
[tp] link_data dst=/1a463e26dea312751d59ff0e17469afb/ ctx=fb len=192
[link] data_plain len=128 preview=caeb241290061ad1380b094471a8ab92b78aeb000a7b67d3c3af96b3825f2026
[tp] link_request dst=/6dee4caf17f87a1051504791002c8786/ ctx=00 hops=2
[tp] link_proof_tx dst=/6dee4caf17f87a1051504791002c8786/ link_id=/8b287a25c68ebb8db7d9e2a33d715046/
[tp] path_request dest=/e233d8d7e9c5f61419d45138ef0d90ff/ iface=/d86e8112f3c4c4442126f8e9f44f1686/
[tp] link_data dst=/8b287a25c68ebb8db7d9e2a33d715046/ ctx=fe len=64
[tp] link_data dst=/8b287a25c68ebb8db7d9e2a33d715046/ ctx=fb len=192
[link] data_plain len=128 preview=c757c88946ae81f0974a33437ab209bac39469edc778f04bc7c155cdb8ea1441
[tp] link_request dst=/6dee4caf17f87a1051504791002c8786/ ctx=00 hops=2
[tp] link_proof_tx dst=/6dee4caf17f87a1051504791002c8786/ link_id=/76646268d82bf295b97e2245a05de493/
[tp] link_request dst=/6dee4caf17f87a1051504791002c8786/ ctx=00 hops=2
[tp] link_proof_tx dst=/6dee4caf17f87a1051504791002c8786/ link_id=/69fd3181e1478637da199223bfb8f8d2/
[tp] link_data dst=/76646268d82bf295b97e2245a05de493/ ctx=fe len=64
[tp] link_data dst=/76646268d82bf295b97e2245a05de493/ ctx=fb len=192
[link] data_plain len=128 preview=35e65fe12a80ee3d00278ef932383927bd791670aa6a7f7a029c1a472045933f
[tp] link_data dst=/69fd3181e1478637da199223bfb8f8d2/ ctx=fe len=64
[tp] link_data dst=/69fd3181e1478637da199223bfb8f8d2/ ctx=fb len=192
[link] data_plain len=128 preview=3f8f84ffe6b68f168b03338be78519e42a3a446c0c19c2c6dfaaf906eba7f61d
[tp] link_data dst=/a05824fddb4eefb0bfc5b9a630051953/ ctx=08 len=32
[tp] link_request dst=/6dee4caf17f87a1051504791002c8786/ ctx=00 hops=2
[tp] link_proof_tx dst=/6dee4caf17f87a1051504791002c8786/ link_id=/251979161db0f35998df215ee484a6eb/
[tp] path_request dest=/95aee8d82d08d3e194eb537ec4db1e7a/ iface=/d86e8112f3c4c4442126f8e9f44f1686/
[tp] link_request dst=/6dee4caf17f87a1051504791002c8786/ ctx=00 hops=3
[tp] link_proof_tx dst=/6dee4caf17f87a1051504791002c8786/ link_id=/c19ee6ed834e330b366ab2f6f9b562f1/
[tp] link_data dst=/c19ee6ed834e330b366ab2f6f9b562f1/ ctx=fe len=64
[tp] link_data dst=/c19ee6ed834e330b366ab2f6f9b562f1/ ctx=fb len=192
[link] data_plain len=128 preview=cbd4a6d311ba97b671bd75d501e048cad1f23eba47622f0bde8eed57b0d56814
[tp] path_request dest=/58681bf71893d092811b7b97b6f767cf/ iface=/d86e8112f3c4c4442126f8e9f44f1686/
[tp] link_request dst=/6dee4caf17f87a1051504791002c8786/ ctx=00 hops=1
[tp] link_proof_tx dst=/6dee4caf17f87a1051504791002c8786/ link_id=/e3e933bdf5c8675c0b1c8c10462e911e/
[tp] link_request dst=/6dee4caf17f87a1051504791002c8786/ ctx=00 hops=2
[tp] link_proof_tx dst=/6dee4caf17f87a1051504791002c8786/ link_id=/5c908bbe620b8e2fb29811172eb0779a/
[tp] link_data dst=/e3e933bdf5c8675c0b1c8c10462e911e/ ctx=fe len=64
[tp] link_data dst=/e3e933bdf5c8675c0b1c8c10462e911e/ ctx=fb len=192
[link] data_plain len=128 preview=93abe5bd821eef8a15e92ad1c4e0cc1828ed446f4396a42041dbaf908b558d64
[tp] link_data dst=/1a463e26dea312751d59ff0e17469afb/ ctx=08 len=32
[tp] path_request dest=/12cb1ed29943213839f0b0d18cd42761/ iface=/d86e8112f3c4c4442126f8e9f44f1686/
[tp] link_data dst=/8b287a25c68ebb8db7d9e2a33d715046/ ctx=08 len=32
[tp] link_data dst=/69fd3181e1478637da199223bfb8f8d2/ ctx=08 len=32
[tp] link_data dst=/8aebee4fee90ac9df929e781655d2d58/ ctx=fa len=1
[tp] path_request dest=/a15f32cc809931cb4fcdf27adbe05aa6/ iface=/d86e8112f3c4c4442126f8e9f44f1686/
[tp] link_data dst=/8aebee4fee90ac9df929e781655d2d58/ ctx=fc len=80
[tp] link_data dst=/c19ee6ed834e330b366ab2f6f9b562f1/ ctx=08 len=32
[tp] path_request dest=/d67d88657f7b4c95e92b546bfb1fcb86/ iface=/d86e8112f3c4c4442126f8e9f44f1686/
[tp] link_data dst=/a05824fddb4eefb0bfc5b9a630051953/ ctx=06 len=96
[tp] link_data dst=/a05824fddb4eefb0bfc5b9a630051953/ ctx=fc len=80
[tp] link_data dst=/593d09c0a7e14fa33478e7d4ffe379cb/ ctx=fa len=1
[tp] path_request dest=/4762234229b7e0b83c68b857bdf245c3/ iface=/d86e8112f3c4c4442126f8e9f44f1686/
[tp] link_data dst=/593d09c0a7e14fa33478e7d4ffe379cb/ ctx=fc len=80
[tp] link_request dst=/6dee4caf17f87a1051504791002c8786/ ctx=00 hops=3
[tp] link_proof_tx dst=/6dee4caf17f87a1051504791002c8786/ link_id=/f2c08907a109b4aa0d37eb407b99740e/
[tp] link_data dst=/f2c08907a109b4aa0d37eb407b99740e/ ctx=fe len=64
[tp] link_data dst=/f2c08907a109b4aa0d37eb407b99740e/ ctx=fb len=192
[link] data_plain len=128 preview=4913e1db3253c4f39555ffdfe8435b1baf2b5b7dfdbb6065f8ca81371cbd5b17
[tp] path_request dest=/58681bf71893d092811b7b97b6f767cf/ iface=/d86e8112f3c4c4442126f8e9f44f1686/
[tp] path_request dest=/b8bbfff472fe128873c9395a3ff8b353/ iface=/d86e8112f3c4c4442126f8e9f44f1686/
[tp] path_request dest=/995cc3851347f138f51af73d182d5e1d/ iface=/d86e8112f3c4c4442126f8e9f44f1686/
[tp] link_data dst=/1a463e26dea312751d59ff0e17469afb/ ctx=06 len=96
[tp] link_data dst=/1a463e26dea312751d59ff0e17469afb/ ctx=fc len=80
[tp] link_data dst=/8b287a25c68ebb8db7d9e2a33d715046/ ctx=06 len=96
[tp] link_data dst=/8b287a25c68ebb8db7d9e2a33d715046/ ctx=fc len=80
[tp] link_data dst=/69fd3181e1478637da199223bfb8f8d2/ ctx=06 len=96
[tp] link_data dst=/69fd3181e1478637da199223bfb8f8d2/ ctx=fc len=80
[tp] path_request dest=/b18bb3d4ac56c99c5ee4791d79496ca2/ iface=/d86e8112f3c4c4442126f8e9f44f1686/
[tp] link_request dst=/6dee4caf17f87a1051504791002c8786/ ctx=00 hops=3
[tp] link_proof_tx dst=/6dee4caf17f87a1051504791002c8786/ link_id=/106a3f93af2a37291736091f23c3c7b8/
[tp] link_data dst=/106a3f93af2a37291736091f23c3c7b8/ ctx=fe len=64
[tp] link_data dst=/106a3f93af2a37291736091f23c3c7b8/ ctx=fb len=192
[link] data_plain len=128 preview=99ca60eb910ff9ef7ab800fefc510094944f555d40217547f1b60bfe54d10a28
[tp] path_request dest=/a15f32cc809931cb4fcdf27adbe05aa6/ iface=/d86e8112f3c4c4442126f8e9f44f1686/
[tp] path_request dest=/12cb1ed29943213839f0b0d18cd42761/ iface=/d86e8112f3c4c4442126f8e9f44f1686/
[tp] link_data dst=/c19ee6ed834e330b366ab2f6f9b562f1/ ctx=06 len=96
[tp] link_data dst=/c19ee6ed834e330b366ab2f6f9b562f1/ ctx=fc len=80
[tp] link_request dst=/6dee4caf17f87a1051504791002c8786/ ctx=00 hops=1
[tp] link_proof_tx dst=/6dee4caf17f87a1051504791002c8786/ link_id=/cc678f695e2a6864e769e42c47799c25/
[tp] link_data dst=/cc678f695e2a6864e769e42c47799c25/ ctx=fe len=64
[tp] link_data dst=/cc678f695e2a6864e769e42c47799c25/ ctx=fb len=192
[link] data_plain len=128 preview=dd1bc4ae45e403dc14c7c92392d200fefd4ae02bc95151eab27660615712ca5a
[tp] link_request dst=/6dee4caf17f87a1051504791002c8786/ ctx=00 hops=2
[tp] link_proof_tx dst=/6dee4caf17f87a1051504791002c8786/ link_id=/e7fdcd967e29ff4bf49d8e1fe8f48aa8/
[tp] link_data dst=/e7fdcd967e29ff4bf49d8e1fe8f48aa8/ ctx=fe len=64
[tp] link_data dst=/e7fdcd967e29ff4bf49d8e1fe8f48aa8/ ctx=fb len=192
[link] data_plain len=128 preview=caeb241290061ad1380b094471a8ab92b78aeb000a7b67d3c3af96b3825f2026
[tp] link_request dst=/6dee4caf17f87a1051504791002c8786/ ctx=00 hops=1
[tp] link_proof_tx dst=/6dee4caf17f87a1051504791002c8786/ link_id=/9930daa74ee6b70bf8320a9ae518603f/
[tp] link_data dst=/9930daa74ee6b70bf8320a9ae518603f/ ctx=fe len=64
[tp] link_data dst=/9930daa74ee6b70bf8320a9ae518603f/ ctx=fb len=192
[link] data_plain len=128 preview=69d501e6cc31a4301060838e059a83ad1222dee5383b88a2a87c3d837c447343
[tp] link_request dst=/6dee4caf17f87a1051504791002c8786/ ctx=00 hops=3
[tp] link_proof_tx dst=/6dee4caf17f87a1051504791002c8786/ link_id=/bb503aa1b17148e0724e1d995abfbaad/
[tp] link_data dst=/76646268d82bf295b97e2245a05de493/ ctx=fa len=1
[tp] path_request dest=/a15f32cc809931cb4fcdf27adbe05aa6/ iface=/d86e8112f3c4c4442126f8e9f44f1686/
[tp] link_data dst=/e7fdcd967e29ff4bf49d8e1fe8f48aa8/ ctx=08 len=32
[tp] link_data dst=/e3e933bdf5c8675c0b1c8c10462e911e/ ctx=fa len=1
[tp] link_data dst=/9930daa74ee6b70bf8320a9ae518603f/ ctx=08 len=32
[tp] path_request dest=/5145ebb9a76875bd92db68ba1973d652/ iface=/d86e8112f3c4c4442126f8e9f44f1686/
[tp] path_request dest=/b8bbfff472fe128873c9395a3ff8b353/ iface=/d86e8112f3c4c4442126f8e9f44f1686/
[tp] path_request dest=/58681bf71893d092811b7b97b6f767cf/ iface=/d86e8112f3c4c4442126f8e9f44f1686/
[tp] path_request dest=/12cb1ed29943213839f0b0d18cd42761/ iface=/d86e8112f3c4c4442126f8e9f44f1686/
[tp] link_data dst=/d5ba9833acee3261f16387be792704af/ ctx=fa len=1
[tp] link_data dst=/cc678f695e2a6864e769e42c47799c25/ ctx=fa len=1
[tp] path_request dest=/f8de3e21f2b92e8eb4bb505f1e1381c4/ iface=/d86e8112f3c4c4442126f8e9f44f1686/
[tp] link_data dst=/76646268d82bf295b97e2245a05de493/ ctx=06 len=96
[tp] link_data dst=/76646268d82bf295b97e2245a05de493/ ctx=fc len=80
[tp] link_data dst=/d5ba9833acee3261f16387be792704af/ ctx=fc len=80
[tp] link_request dst=/6dee4caf17f87a1051504791002c8786/ ctx=00 hops=2
[tp] link_proof_tx dst=/6dee4caf17f87a1051504791002c8786/ link_id=/16f01284e314314888c241bd43798957/
[tp] link_data dst=/16f01284e314314888c241bd43798957/ ctx=fe len=64
[tp] link_data dst=/16f01284e314314888c241bd43798957/ ctx=fb len=192
[link] data_plain len=128 preview=c757c88946ae81f0974a33437ab209bac39469edc778f04bc7c155cdb8ea1441
[tp] path_request dest=/fb9aca8a82abc784d75835c1e181adde/ iface=/d86e8112f3c4c4442126f8e9f44f1686/
[tp] link_request dst=/6dee4caf17f87a1051504791002c8786/ ctx=00 hops=2
[tp] link_proof_tx dst=/6dee4caf17f87a1051504791002c8786/ link_id=/591a296b9f452b4779d4d171697c1697/
[tp] link_data dst=/591a296b9f452b4779d4d171697c1697/ ctx=fe len=64
[tp] link_data dst=/591a296b9f452b4779d4d171697c1697/ ctx=fb len=192
[link] data_plain len=128 preview=35e65fe12a80ee3d00278ef932383927bd791670aa6a7f7a029c1a472045933f
[tp] link_data dst=/e7fdcd967e29ff4bf49d8e1fe8f48aa8/ ctx=06 len=96
[tp] link_data dst=/e7fdcd967e29ff4bf49d8e1fe8f48aa8/ ctx=fc len=80
[tp] link_data dst=/f2c08907a109b4aa0d37eb407b99740e/ ctx=fa len=1
[tp] path_request dest=/995cc3851347f138f51af73d182d5e1d/ iface=/d86e8112f3c4c4442126f8e9f44f1686/
[tp] path_request dest=/a3dfea289534e4b2d0f5730310eebd99/ iface=/d86e8112f3c4c4442126f8e9f44f1686/
[tp] link_data dst=/9930daa74ee6b70bf8320a9ae518603f/ ctx=06 len=96
[tp] link_data dst=/9930daa74ee6b70bf8320a9ae518603f/ ctx=fc len=80
[tp] link_data dst=/16f01284e314314888c241bd43798957/ ctx=08 len=32
[tp] link_request dst=/6dee4caf17f87a1051504791002c8786/ ctx=00 hops=2
[tp] link_proof_tx dst=/6dee4caf17f87a1051504791002c8786/ link_id=/54978a891575ce86b59c9faad6834cf8/
[tp] link_data dst=/54978a891575ce86b59c9faad6834cf8/ ctx=fe len=64
[tp] link_data dst=/54978a891575ce86b59c9faad6834cf8/ ctx=fb len=192
[link] data_plain len=128 preview=caeb241290061ad1380b094471a8ab92b78aeb000a7b67d3c3af96b3825f2026
[tp] path_request dest=/a15f32cc809931cb4fcdf27adbe05aa6/ iface=/d86e8112f3c4c4442126f8e9f44f1686/
[tp] path_request dest=/3fd09a3b8febd1fcfd88edb1e84d20ee/ iface=/d86e8112f3c4c4442126f8e9f44f1686/
[tp] path_request dest=/88082fd6f73e93e3e5fad9af6ee05453/ iface=/d86e8112f3c4c4442126f8e9f44f1686/
[tp] link_request dst=/6dee4caf17f87a1051504791002c8786/ ctx=00 hops=3
[tp] link_proof_tx dst=/6dee4caf17f87a1051504791002c8786/ link_id=/d85f86075ccf07edbd78084d28d1540c/
[tp] link_data dst=/d85f86075ccf07edbd78084d28d1540c/ ctx=fe len=64
[tp] link_data dst=/d85f86075ccf07edbd78084d28d1540c/ ctx=fb len=192
[link] data_plain len=128 preview=cbd4a6d311ba97b671bd75d501e048cad1f23eba47622f0bde8eed57b0d56814
[tp] path_request dest=/12cb1ed29943213839f0b0d18cd42761/ iface=/d86e8112f3c4c4442126f8e9f44f1686/
[tp] link_data dst=/106a3f93af2a37291736091f23c3c7b8/ ctx=fa len=1
[tp] path_request dest=/b8bbfff472fe128873c9395a3ff8b353/ iface=/d86e8112f3c4c4442126f8e9f44f1686/
[tp] link_data dst=/cc678f695e2a6864e769e42c47799c25/ ctx=fa len=1
[tp] link_data dst=/54978a891575ce86b59c9faad6834cf8/ ctx=08 len=32
[tp] link_request dst=/6dee4caf17f87a1051504791002c8786/ ctx=00 hops=1
[tp] link_proof_tx dst=/6dee4caf17f87a1051504791002c8786/ link_id=/0bbd591e76638eef82dfeb4faf12ec99/
[tp] link_data dst=/e3e933bdf5c8675c0b1c8c10462e911e/ ctx=fa len=1
[tp] link_data dst=/0bbd591e76638eef82dfeb4faf12ec99/ ctx=fe len=64
[tp] link_data dst=/0bbd591e76638eef82dfeb4faf12ec99/ ctx=fb len=192
[link] data_plain len=128 preview=69d501e6cc31a4301060838e059a83ad1222dee5383b88a2a87c3d837c447343
[tp] link_data dst=/d85f86075ccf07edbd78084d28d1540c/ ctx=08 len=32
[tp] link_data dst=/cc678f695e2a6864e769e42c47799c25/ ctx=fc len=80
[tp] path_request dest=/b18bb3d4ac56c99c5ee4791d79496ca2/ iface=/d86e8112f3c4c4442126f8e9f44f1686/
[tp] link_data dst=/16f01284e314314888c241bd43798957/ ctx=06 len=96
[tp] link_data dst=/16f01284e314314888c241bd43798957/ ctx=fc len=80
[tp] link_data dst=/e3e933bdf5c8675c0b1c8c10462e911e/ ctx=fc len=80
[tp] path_request dest=/0afd2d4541ff8c768f8015a3c76971be/ iface=/d86e8112f3c4c4442126f8e9f44f1686/
[tp] path_request dest=/a15f32cc809931cb4fcdf27adbe05aa6/ iface=/d86e8112f3c4c4442126f8e9f44f1686/
[tp] path_request dest=/fb7dfd8ce752d051a074e309814777be/ iface=/d86e8112f3c4c4442126f8e9f44f1686/
[tp] link_request dst=/6dee4caf17f87a1051504791002c8786/ ctx=00 hops=1
[tp] link_proof_tx dst=/6dee4caf17f87a1051504791002c8786/ link_id=/78303311b3878106dd5659d2100d18f8/
[tp] link_data dst=/78303311b3878106dd5659d2100d18f8/ ctx=fe len=64
[tp] link_data dst=/78303311b3878106dd5659d2100d18f8/ ctx=fb len=192
[link] data_plain len=128 preview=dd1bc4ae45e403dc14c7c92392d200fefd4ae02bc95151eab27660615712ca5a
[tp] link_data dst=/0bbd591e76638eef82dfeb4faf12ec99/ ctx=08 len=32
[tp] path_request dest=/b4ac9705550f189cf2aff4d4748bd05e/ iface=/d86e8112f3c4c4442126f8e9f44f1686/
[tp] link_request dst=/6dee4caf17f87a1051504791002c8786/ ctx=00 hops=2
[tp] link_proof_tx dst=/6dee4caf17f87a1051504791002c8786/ link_id=/2c93f571aa0d91f6a8eb3687cd24d899/
[tp] link_data dst=/2c93f571aa0d91f6a8eb3687cd24d899/ ctx=fe len=64
[tp] link_data dst=/2c93f571aa0d91f6a8eb3687cd24d899/ ctx=fb len=192
[link] data_plain len=128 preview=c757c88946ae81f0974a33437ab209bac39469edc778f04bc7c155cdb8ea1441
[tp] link_data dst=/591a296b9f452b4779d4d171697c1697/ ctx=fa len=1
[tp] link_data dst=/f2c08907a109b4aa0d37eb407b99740e/ ctx=fa len=1
[tp] path_request dest=/b4508c693ae1ddc6a0d472977be93bfc/ iface=/d86e8112f3c4c4442126f8e9f44f1686/
[tp] link_data dst=/f2c08907a109b4aa0d37eb407b99740e/ ctx=fc len=80
[tp] link_data dst=/2c93f571aa0d91f6a8eb3687cd24d899/ ctx=08 len=32
[tp] link_data dst=/d85f86075ccf07edbd78084d28d1540c/ ctx=06 len=96
[tp] link_data dst=/d85f86075ccf07edbd78084d28d1540c/ ctx=fc len=80
[tp] path_request dest=/12cb1ed29943213839f0b0d18cd42761/ iface=/d86e8112f3c4c4442126f8e9f44f1686/
[tp] link_data dst=/54978a891575ce86b59c9faad6834cf8/ ctx=06 len=96
[tp] link_data dst=/54978a891575ce86b59c9faad6834cf8/ ctx=fc len=80
[tp] link_request dst=/6dee4caf17f87a1051504791002c8786/ ctx=00 hops=3
[tp] link_proof_tx dst=/6dee4caf17f87a1051504791002c8786/ link_id=/1aaf22774860ed252009fce284a29a8a/
[tp] link_data dst=/1aaf22774860ed252009fce284a29a8a/ ctx=fe len=64
[tp] link_data dst=/1aaf22774860ed252009fce284a29a8a/ ctx=fb len=192
[link] data_plain len=128 preview=037a7857dfd539123ae67b4b07ff332d2bc3c151d0c8db5361e9cbbcf8519300
[tp] path_request dest=/a15f32cc809931cb4fcdf27adbe05aa6/ iface=/d86e8112f3c4c4442126f8e9f44f1686/
[tp] link_request dst=/6dee4caf17f87a1051504791002c8786/ ctx=00 hops=2
[tp] link_proof_tx dst=/6dee4caf17f87a1051504791002c8786/ link_id=/41828638819b85dcc337d0faa46c8ffc/
[tp] link_data dst=/0bbd591e76638eef82dfeb4faf12ec99/ ctx=06 len=96
[tp] link_data dst=/0bbd591e76638eef82dfeb4faf12ec99/ ctx=fc len=80
[tp] link_request dst=/6dee4caf17f87a1051504791002c8786/ ctx=00 hops=3
[tp] link_proof_tx dst=/6dee4caf17f87a1051504791002c8786/ link_id=/3576d0bdb52f03abf3e04f1cf18e5d21/
[tp] link_data dst=/3576d0bdb52f03abf3e04f1cf18e5d21/ ctx=fe len=64
[tp] link_data dst=/3576d0bdb52f03abf3e04f1cf18e5d21/ ctx=fb len=192
[link] data_plain len=128 preview=cbd4a6d311ba97b671bd75d501e048cad1f23eba47622f0bde8eed57b0d56814
[tp] path_request dest=/b8bbfff472fe128873c9395a3ff8b353/ iface=/d86e8112f3c4c4442126f8e9f44f1686/
[tp] link_data dst=/41828638819b85dcc337d0faa46c8ffc/ ctx=fe len=64
[tp] link_data dst=/41828638819b85dcc337d0faa46c8ffc/ ctx=fb len=192
[link] data_plain len=128 preview=caeb241290061ad1380b094471a8ab92b78aeb000a7b67d3c3af96b3825f2026
[tp] path_request dest=/58681bf71893d092811b7b97b6f767cf/ iface=/d86e8112f3c4c4442126f8e9f44f1686/
[tp] link_request dst=/6dee4caf17f87a1051504791002c8786/ ctx=00 hops=3
[tp] link_proof_tx dst=/6dee4caf17f87a1051504791002c8786/ link_id=/3401cc866c78bd720f15d5c01e3768bf/
[tp] link_data dst=/3401cc866c78bd720f15d5c01e3768bf/ ctx=fe len=64
[tp] link_data dst=/3401cc866c78bd720f15d5c01e3768bf/ ctx=fb len=192
[link] data_plain len=128 preview=4913e1db3253c4f39555ffdfe8435b1baf2b5b7dfdbb6065f8ca81371cbd5b17
[tp] link_data dst=/78303311b3878106dd5659d2100d18f8/ ctx=fa len=1
[tp] link_data dst=/591a296b9f452b4779d4d171697c1697/ ctx=06 len=96
[tp] link_data dst=/591a296b9f452b4779d4d171697c1697/ ctx=fc len=80
[tp] link_data dst=/3576d0bdb52f03abf3e04f1cf18e5d21/ ctx=08 len=32
[tp] path_request dest=/12cb1ed29943213839f0b0d18cd42761/ iface=/d86e8112f3c4c4442126f8e9f44f1686/
[tp] path_request dest=/a15f32cc809931cb4fcdf27adbe05aa6/ iface=/d86e8112f3c4c4442126f8e9f44f1686/
[tp] link_data dst=/2c93f571aa0d91f6a8eb3687cd24d899/ ctx=06 len=96
[tp] link_data dst=/2c93f571aa0d91f6a8eb3687cd24d899/ ctx=fc len=80
[tp] link_data dst=/41828638819b85dcc337d0faa46c8ffc/ ctx=08 len=32
[tp] path_request dest=/965511769c059271e655c503e810a670/ iface=/d86e8112f3c4c4442126f8e9f44f1686/
[tp] link_request dst=/6dee4caf17f87a1051504791002c8786/ ctx=00 hops=1
[tp] link_proof_tx dst=/6dee4caf17f87a1051504791002c8786/ link_id=/d73f707e200e7e696c2dd9edf4f34a0c/
[tp] link_data dst=/d73f707e200e7e696c2dd9edf4f34a0c/ ctx=fe len=64
[tp] link_data dst=/d73f707e200e7e696c2dd9edf4f34a0c/ ctx=fb len=192
[link] data_plain len=128 preview=69d501e6cc31a4301060838e059a83ad1222dee5383b88a2a87c3d837c447343
[tp] path_request dest=/995cc3851347f138f51af73d182d5e1d/ iface=/d86e8112f3c4c4442126f8e9f44f1686/
[tp] link_request dst=/6dee4caf17f87a1051504791002c8786/ ctx=00 hops=2
[tp] link_proof_tx dst=/6dee4caf17f87a1051504791002c8786/ link_id=/990ab2e72d9c01efb88ca43f7a1196b2/
[tp] link_data dst=/990ab2e72d9c01efb88ca43f7a1196b2/ ctx=fe len=64
[tp] link_data dst=/990ab2e72d9c01efb88ca43f7a1196b2/ ctx=fb len=192
[link] data_plain len=128 preview=35e65fe12a80ee3d00278ef932383927bd791670aa6a7f7a029c1a472045933f
[tp] link_data dst=/106a3f93af2a37291736091f23c3c7b8/ ctx=fa len=1
[tp] path_request dest=/a15f32cc809931cb4fcdf27adbe05aa6/ iface=/d86e8112f3c4c4442126f8e9f44f1686/
[tp] link_data dst=/106a3f93af2a37291736091f23c3c7b8/ ctx=fc len=80
[tp] link_data dst=/3576d0bdb52f03abf3e04f1cf18e5d21/ ctx=06 len=96
[tp] link_data dst=/3576d0bdb52f03abf3e04f1cf18e5d21/ ctx=fc len=80
[tp] link_request dst=/6dee4caf17f87a1051504791002c8786/ ctx=00 hops=2
[tp] link_proof_tx dst=/6dee4caf17f87a1051504791002c8786/ link_id=/1b38fa1099723358b0d9599aaeb93aa3/
[tp] path_request dest=/a3dfea289534e4b2d0f5730310eebd99/ iface=/d86e8112f3c4c4442126f8e9f44f1686/
[tp] link_data dst=/1b38fa1099723358b0d9599aaeb93aa3/ ctx=fe len=64
[tp] link_data dst=/1b38fa1099723358b0d9599aaeb93aa3/ ctx=fb len=192
[link] data_plain len=128 preview=3f8f84ffe6b68f168b03338be78519e42a3a446c0c19c2c6dfaaf906eba7f61d
[tp] link_request dst=/6dee4caf17f87a1051504791002c8786/ ctx=00 hops=3
[tp] link_proof_tx dst=/6dee4caf17f87a1051504791002c8786/ link_id=/eb8e6713929d7d9c5ef98f77015c58a3/
[tp] link_data dst=/eb8e6713929d7d9c5ef98f77015c58a3/ ctx=fe len=64
[tp] link_data dst=/eb8e6713929d7d9c5ef98f77015c58a3/ ctx=fb len=192
[link] data_plain len=128 preview=99ca60eb910ff9ef7ab800fefc510094944f555d40217547f1b60bfe54d10a28
[tp] path_request dest=/b8bbfff472fe128873c9395a3ff8b353/ iface=/d86e8112f3c4c4442126f8e9f44f1686/
[tp] link_data dst=/d73f707e200e7e696c2dd9edf4f34a0c/ ctx=08 len=32
[tp] path_request dest=/12cb1ed29943213839f0b0d18cd42761/ iface=/d86e8112f3c4c4442126f8e9f44f1686/
[tp] link_data dst=/78303311b3878106dd5659d2100d18f8/ ctx=fa len=1
[tp] path_request dest=/e233d8d7e9c5f61419d45138ef0d90ff/ iface=/d86e8112f3c4c4442126f8e9f44f1686/
[tp] link_data dst=/78303311b3878106dd5659d2100d18f8/ ctx=fc len=80
[tp] link_request dst=/6dee4caf17f87a1051504791002c8786/ ctx=00 hops=3
[tp] link_proof_tx dst=/6dee4caf17f87a1051504791002c8786/ link_id=/6ac26da94d1ecb20fa6c22c7459c5def/
[tp] link_data dst=/6ac26da94d1ecb20fa6c22c7459c5def/ ctx=fe len=64
[tp] link_data dst=/6ac26da94d1ecb20fa6c22c7459c5def/ ctx=fb len=192
[link] data_plain len=128 preview=cbd4a6d311ba97b671bd75d501e048cad1f23eba47622f0bde8eed57b0d56814
[tp] link_data dst=/1b38fa1099723358b0d9599aaeb93aa3/ ctx=08 len=32
[tp] link_data dst=/cf57949ab695210a912dec11a1f68f6d/ ctx=fa len=1
[tp] link_request dst=/6dee4caf17f87a1051504791002c8786/ ctx=00 hops=1
[tp] link_proof_tx dst=/6dee4caf17f87a1051504791002c8786/ link_id=/1fad133749419829f48331c576f6d15a/
[tp] link_data dst=/1fad133749419829f48331c576f6d15a/ ctx=fe len=64
[tp] link_data dst=/1fad133749419829f48331c576f6d15a/ ctx=fb len=192
[link] data_plain len=128 preview=722fe51808e9a53c865100a3d27a9490d79d892a18343cef7df37d080fa80170
[tp] path_request dest=/a15f32cc809931cb4fcdf27adbe05aa6/ iface=/d86e8112f3c4c4442126f8e9f44f1686/
[tp] link_data dst=/cf57949ab695210a912dec11a1f68f6d/ ctx=fc len=80
[tp] path_request dest=/379f204da5a77a6c340f6fae26097054/ iface=/d86e8112f3c4c4442126f8e9f44f1686/
[tp] link_data dst=/3401cc866c78bd720f15d5c01e3768bf/ ctx=fa len=1
[tp] link_request dst=/6dee4caf17f87a1051504791002c8786/ ctx=00 hops=2
[tp] link_proof_tx dst=/6dee4caf17f87a1051504791002c8786/ link_id=/7bda3b2c1e7618f7afad9fa067c9875d/
[tp] link_data dst=/7bda3b2c1e7618f7afad9fa067c9875d/ ctx=fe len=64
[tp] link_data dst=/7bda3b2c1e7618f7afad9fa067c9875d/ ctx=fb len=192
[link] data_plain len=128 preview=c757c88946ae81f0974a33437ab209bac39469edc778f04bc7c155cdb8ea1441
[tp] link_data dst=/6ac26da94d1ecb20fa6c22c7459c5def/ ctx=08 len=32
[tp] link_data dst=/d73f707e200e7e696c2dd9edf4f34a0c/ ctx=06 len=96
[tp] link_data dst=/d73f707e200e7e696c2dd9edf4f34a0c/ ctx=fc len=80
[tp] path_request dest=/b18bb3d4ac56c99c5ee4791d79496ca2/ iface=/d86e8112f3c4c4442126f8e9f44f1686/
[tp] path_request dest=/3f69e37669bcb8a1d5f01920250ee579/ iface=/d86e8112f3c4c4442126f8e9f44f1686/
[tp] path_request dest=/965511769c059271e655c503e810a670/ iface=/d86e8112f3c4c4442126f8e9f44f1686/
[tp] link_data dst=/1aaf22774860ed252009fce284a29a8a/ ctx=fa len=1
[tp] link_data dst=/41828638819b85dcc337d0faa46c8ffc/ ctx=06 len=96
[tp] link_data dst=/41828638819b85dcc337d0faa46c8ffc/ ctx=fc len=80
[tp] link_data dst=/1fad133749419829f48331c576f6d15a/ ctx=08 len=32
[tp] link_request dst=/6dee4caf17f87a1051504791002c8786/ ctx=00 hops=1
[tp] link_proof_tx dst=/6dee4caf17f87a1051504791002c8786/ link_id=/7837a8b98d1066809407467e283dda24/
[tp] link_data dst=/7837a8b98d1066809407467e283dda24/ ctx=fe len=64
[tp] link_data dst=/7837a8b98d1066809407467e283dda24/ ctx=fb len=192
[link] data_plain len=128 preview=dd1bc4ae45e403dc14c7c92392d200fefd4ae02bc95151eab27660615712ca5a
[tp] link_data dst=/1b38fa1099723358b0d9599aaeb93aa3/ ctx=06 len=96
[tp] link_data dst=/1b38fa1099723358b0d9599aaeb93aa3/ ctx=fc len=80
[tp] link_data dst=/7bda3b2c1e7618f7afad9fa067c9875d/ ctx=08 len=32
[tp] path_request dest=/12cb1ed29943213839f0b0d18cd42761/ iface=/d86e8112f3c4c4442126f8e9f44f1686/
[tp] link_request dst=/6dee4caf17f87a1051504791002c8786/ ctx=00 hops=3
[tp] link_proof_tx dst=/6dee4caf17f87a1051504791002c8786/ link_id=/c47371f17c6cb6b85001e474ff55890d/
[tp] link_data dst=/c47371f17c6cb6b85001e474ff55890d/ ctx=fe len=64
[tp] link_data dst=/c47371f17c6cb6b85001e474ff55890d/ ctx=fb len=192
[link] data_plain len=128 preview=b1d08b2315cf53c1efdf0a60cadf0ab72f82a691adf040c6b9990f393fcaaf53
[tp] link_request dst=/6dee4caf17f87a1051504791002c8786/ ctx=00 hops=1
[tp] link_proof_tx dst=/6dee4caf17f87a1051504791002c8786/ link_id=/cca3588a2be290ad21e066b6c19e930c/
[tp] link_data dst=/cca3588a2be290ad21e066b6c19e930c/ ctx=fe len=64
[tp] link_data dst=/cca3588a2be290ad21e066b6c19e930c/ ctx=fb len=192
[link] data_plain len=128 preview=69d501e6cc31a4301060838e059a83ad1222dee5383b88a2a87c3d837c447343
[tp] link_request dst=/6dee4caf17f87a1051504791002c8786/ ctx=00 hops=2
[tp] link_proof_tx dst=/6dee4caf17f87a1051504791002c8786/ link_id=/5fa19049aab182a0eab68612e3056433/
[tp] path_request dest=/a15f32cc809931cb4fcdf27adbe05aa6/ iface=/d86e8112f3c4c4442126f8e9f44f1686/
[tp] link_data dst=/5fa19049aab182a0eab68612e3056433/ ctx=fe len=64
[tp] link_data dst=/5fa19049aab182a0eab68612e3056433/ ctx=fb len=192
[link] data_plain len=128 preview=3f8f84ffe6b68f168b03338be78519e42a3a446c0c19c2c6dfaaf906eba7f61d
[tp] path_request dest=/995cc3851347f138f51af73d182d5e1d/ iface=/d86e8112f3c4c4442126f8e9f44f1686/
[tp] path_request dest=/b8bbfff472fe128873c9395a3ff8b353/ iface=/d86e8112f3c4c4442126f8e9f44f1686/
[tp] link_data dst=/990ab2e72d9c01efb88ca43f7a1196b2/ ctx=fa len=1
[tp] link_data dst=/6ac26da94d1ecb20fa6c22c7459c5def/ ctx=06 len=96
[tp] link_data dst=/6ac26da94d1ecb20fa6c22c7459c5def/ ctx=fc len=80
[tp] path_request dest=/a3dfea289534e4b2d0f5730310eebd99/ iface=/d86e8112f3c4c4442126f8e9f44f1686/
[tp] path_request dest=/e233d8d7e9c5f61419d45138ef0d90ff/ iface=/d86e8112f3c4c4442126f8e9f44f1686/
[tp] path_request dest=/0afd2d4541ff8c768f8015a3c76971be/ iface=/d86e8112f3c4c4442126f8e9f44f1686/
[tp] path_request dest=/44213278b52d888683e970004dc95f3c/ iface=/d86e8112f3c4c4442126f8e9f44f1686/
[tp] link_data dst=/cca3588a2be290ad21e066b6c19e930c/ ctx=08 len=32
[tp] link_data dst=/5fa19049aab182a0eab68612e3056433/ ctx=08 len=32
[tp] link_data dst=/1fad133749419829f48331c576f6d15a/ ctx=06 len=96
[tp] link_data dst=/1fad133749419829f48331c576f6d15a/ ctx=fc len=80
[tp] path_request dest=/f8de3e21f2b92e8eb4bb505f1e1381c4/ iface=/d86e8112f3c4c4442126f8e9f44f1686/
[tp] link_data dst=/7bda3b2c1e7618f7afad9fa067c9875d/ ctx=06 len=96
[tp] link_data dst=/7bda3b2c1e7618f7afad9fa067c9875d/ ctx=fc len=80
[tp] link_request dst=/6dee4caf17f87a1051504791002c8786/ ctx=00 hops=3
[tp] link_proof_tx dst=/6dee4caf17f87a1051504791002c8786/ link_id=/d99dca161432a01643b2df56c7283d38/
[tp] link_data dst=/d99dca161432a01643b2df56c7283d38/ ctx=fe len=64
[tp] link_data dst=/d99dca161432a01643b2df56c7283d38/ ctx=fb len=192
[link] data_plain len=128 preview=cbd4a6d311ba97b671bd75d501e048cad1f23eba47622f0bde8eed57b0d56814
[tp] path_request dest=/a15f32cc809931cb4fcdf27adbe05aa6/ iface=/d86e8112f3c4c4442126f8e9f44f1686/
[tp] link_request dst=/6dee4caf17f87a1051504791002c8786/ ctx=00 hops=3
[tp] link_proof_tx dst=/6dee4caf17f87a1051504791002c8786/ link_id=/dd82cf92afe54325825208c014ab7e57/
[tp] link_request dst=/6dee4caf17f87a1051504791002c8786/ ctx=00 hops=1
[tp] link_proof_tx dst=/6dee4caf17f87a1051504791002c8786/ link_id=/aa0bf9f1f4c0d2dceea5906e2cd077ab/
[tp] link_data dst=/aa0bf9f1f4c0d2dceea5906e2cd077ab/ ctx=fe len=64
[tp] link_data dst=/aa0bf9f1f4c0d2dceea5906e2cd077ab/ ctx=fb len=192
[link] data_plain len=128 preview=722fe51808e9a53c865100a3d27a9490d79d892a18343cef7df37d080fa80170
[tp] path_request dest=/e233d8d7e9c5f61419d45138ef0d90ff/ iface=/d86e8112f3c4c4442126f8e9f44f1686/
[tp] path_request dest=/12cb1ed29943213839f0b0d18cd42761/ iface=/d86e8112f3c4c4442126f8e9f44f1686/
[tp] path_request dest=/7515db0fad971bae499ad88e01b370f2/ iface=/d86e8112f3c4c4442126f8e9f44f1686/
[tp] link_data dst=/7837a8b98d1066809407467e283dda24/ ctx=fa len=1
[tp] link_request dst=/6dee4caf17f87a1051504791002c8786/ ctx=00 hops=2
[tp] link_proof_tx dst=/6dee4caf17f87a1051504791002c8786/ link_id=/be866bcfec3605414563c1501dbe9026/
[tp] link_data dst=/be866bcfec3605414563c1501dbe9026/ ctx=fe len=64
[tp] link_data dst=/be866bcfec3605414563c1501dbe9026/ ctx=fb len=192
[link] data_plain len=128 preview=c757c88946ae81f0974a33437ab209bac39469edc778f04bc7c155cdb8ea1441
[tp] link_data dst=/d99dca161432a01643b2df56c7283d38/ ctx=08 len=32
[tp] link_data dst=/3401cc866c78bd720f15d5c01e3768bf/ ctx=fa len=1
[tp] link_data dst=/990ab2e72d9c01efb88ca43f7a1196b2/ ctx=06 len=96
[tp] link_data dst=/990ab2e72d9c01efb88ca43f7a1196b2/ ctx=fc len=80
[tp] link_data dst=/cca3588a2be290ad21e066b6c19e930c/ ctx=06 len=96
[tp] link_data dst=/cca3588a2be290ad21e066b6c19e930c/ ctx=fc len=80
[tp] link_request dst=/6dee4caf17f87a1051504791002c8786/ ctx=00 hops=2
[tp] link_proof_tx dst=/6dee4caf17f87a1051504791002c8786/ link_id=/e79cb0225083245a777733d3e5c096d9/
[tp] link_data dst=/e79cb0225083245a777733d3e5c096d9/ ctx=fe len=64
[tp] link_data dst=/e79cb0225083245a777733d3e5c096d9/ ctx=fb len=192
[link] data_plain len=128 preview=caeb241290061ad1380b094471a8ab92b78aeb000a7b67d3c3af96b3825f2026
[tp] link_data dst=/5fa19049aab182a0eab68612e3056433/ ctx=06 len=96
[tp] link_data dst=/5fa19049aab182a0eab68612e3056433/ ctx=fc len=80
[tp] link_data dst=/3401cc866c78bd720f15d5c01e3768bf/ ctx=fc len=80
[tp] link_data dst=/aa0bf9f1f4c0d2dceea5906e2cd077ab/ ctx=08 len=32
[tp] path_request dest=/a15f32cc809931cb4fcdf27adbe05aa6/ iface=/d86e8112f3c4c4442126f8e9f44f1686/
[tp] path_request dest=/b8bbfff472fe128873c9395a3ff8b353/ iface=/d86e8112f3c4c4442126f8e9f44f1686/
[tp] link_data dst=/be866bcfec3605414563c1501dbe9026/ ctx=08 len=32
[tp] link_request dst=/6dee4caf17f87a1051504791002c8786/ ctx=00 hops=3
[tp] link_proof_tx dst=/6dee4caf17f87a1051504791002c8786/ link_id=/aaacacf4e9b85ea90db82e9022eae6c4/
[tp] link_data dst=/aaacacf4e9b85ea90db82e9022eae6c4/ ctx=fe len=64
[tp] link_data dst=/aaacacf4e9b85ea90db82e9022eae6c4/ ctx=fb len=192
[link] data_plain len=128 preview=4913e1db3253c4f39555ffdfe8435b1baf2b5b7dfdbb6065f8ca81371cbd5b17
[tp] link_data dst=/e79cb0225083245a777733d3e5c096d9/ ctx=08 len=32
[tp] path_request dest=/0afd2d4541ff8c768f8015a3c76971be/ iface=/d86e8112f3c4c4442126f8e9f44f1686/
[tp] path_request dest=/995cc3851347f138f51af73d182d5e1d/ iface=/d86e8112f3c4c4442126f8e9f44f1686/
[tp] path_request dest=/932b5042e6842d5c92cd644f0c38ac31/ iface=/d86e8112f3c4c4442126f8e9f44f1686/
[tp] link_data dst=/d99dca161432a01643b2df56c7283d38/ ctx=06 len=96
[tp] link_data dst=/d99dca161432a01643b2df56c7283d38/ ctx=fc len=80
[tp] path_request dest=/a3dfea289534e4b2d0f5730310eebd99/ iface=/d86e8112f3c4c4442126f8e9f44f1686/
[tp] path_request dest=/58681bf71893d092811b7b97b6f767cf/ iface=/d86e8112f3c4c4442126f8e9f44f1686/
[tp] path_request dest=/12cb1ed29943213839f0b0d18cd42761/ iface=/d86e8112f3c4c4442126f8e9f44f1686/
[tp] link_data dst=/c47371f17c6cb6b85001e474ff55890d/ ctx=fa len=1
[tp] link_data dst=/aa0bf9f1f4c0d2dceea5906e2cd077ab/ ctx=06 len=96
[tp] link_data dst=/aa0bf9f1f4c0d2dceea5906e2cd077ab/ ctx=fc len=80
[tp] path_request dest=/a15f32cc809931cb4fcdf27adbe05aa6/ iface=/d86e8112f3c4c4442126f8e9f44f1686/
[tp] link_data dst=/7837a8b98d1066809407467e283dda24/ ctx=fa len=1
[tp] link_request dst=/6dee4caf17f87a1051504791002c8786/ ctx=00 hops=3
[tp] link_proof_tx dst=/6dee4caf17f87a1051504791002c8786/ link_id=/265be98eaf57972a85c9e233d28f436c/
[tp] link_data dst=/265be98eaf57972a85c9e233d28f436c/ ctx=fe len=64
[tp] link_data dst=/265be98eaf57972a85c9e233d28f436c/ ctx=fb len=192
[link] data_plain len=128 preview=cbd4a6d311ba97b671bd75d501e048cad1f23eba47622f0bde8eed57b0d56814
[tp] path_request dest=/b8bbfff472fe128873c9395a3ff8b353/ iface=/d86e8112f3c4c4442126f8e9f44f1686/
[tp] link_data dst=/be866bcfec3605414563c1501dbe9026/ ctx=06 len=96
[tp] link_data dst=/be866bcfec3605414563c1501dbe9026/ ctx=fc len=80
[tp] path_request dest=/e233d8d7e9c5f61419d45138ef0d90ff/ iface=/d86e8112f3c4c4442126f8e9f44f1686/
[tp] link_data dst=/7837a8b98d1066809407467e283dda24/ ctx=fc len=80
[tp] link_request dst=/6dee4caf17f87a1051504791002c8786/ ctx=00 hops=2
[tp] link_proof_tx dst=/6dee4caf17f87a1051504791002c8786/ link_id=/edc1d3ef1178c8ce168cf1322c49c919/
[tp] link_data dst=/edc1d3ef1178c8ce168cf1322c49c919/ ctx=fe len=64
[tp] link_data dst=/edc1d3ef1178c8ce168cf1322c49c919/ ctx=fb len=192
[link] data_plain len=128 preview=3f8f84ffe6b68f168b03338be78519e42a3a446c0c19c2c6dfaaf906eba7f61d
[tp] link_data dst=/1aaf22774860ed252009fce284a29a8a/ ctx=fa len=1
[tp] link_data dst=/e79cb0225083245a777733d3e5c096d9/ ctx=06 len=96
[tp] link_data dst=/e79cb0225083245a777733d3e5c096d9/ ctx=fc len=80
[tp] link_request dst=/6dee4caf17f87a1051504791002c8786/ ctx=00 hops=2
[tp] link_proof_tx dst=/6dee4caf17f87a1051504791002c8786/ link_id=/32ad81f12593dc67c28d9ab6717bec5b/
[tp] link_data dst=/32ad81f12593dc67c28d9ab6717bec5b/ ctx=fe len=64
[tp] link_data dst=/32ad81f12593dc67c28d9ab6717bec5b/ ctx=fb len=192
[link] data_plain len=128 preview=35e65fe12a80ee3d00278ef932383927bd791670aa6a7f7a029c1a472045933f
[tp] link_data dst=/1aaf22774860ed252009fce284a29a8a/ ctx=fc len=80
[tp] path_request dest=/b4ac9705550f189cf2aff4d4748bd05e/ iface=/d86e8112f3c4c4442126f8e9f44f1686/
[tp] link_data dst=/265be98eaf57972a85c9e233d28f436c/ ctx=08 len=32
[tp] link_request dst=/6dee4caf17f87a1051504791002c8786/ ctx=00 hops=2
[tp] link_proof_tx dst=/6dee4caf17f87a1051504791002c8786/ link_id=/c91551550e7d59df2cab210eb2b5726c/
[tp] link_data dst=/c91551550e7d59df2cab210eb2b5726c/ ctx=fe len=64
[tp] link_data dst=/c91551550e7d59df2cab210eb2b5726c/ ctx=fb len=192
[link] data_plain len=128 preview=c757c88946ae81f0974a33437ab209bac39469edc778f04bc7c155cdb8ea1441
[tp] path_request dest=/b8bbfff472fe128873c9395a3ff8b353/ iface=/d86e8112f3c4c4442126f8e9f44f1686/
[tp] link_request dst=/6dee4caf17f87a1051504791002c8786/ ctx=00 hops=3
[tp] link_proof_tx dst=/6dee4caf17f87a1051504791002c8786/ link_id=/6c74098df985219a50afc6a36f6cbc58/
[tp] link_data dst=/6c74098df985219a50afc6a36f6cbc58/ ctx=fe len=64
[tp] link_data dst=/6c74098df985219a50afc6a36f6cbc58/ ctx=fb len=192
[link] data_plain len=128 preview=037a7857dfd539123ae67b4b07ff332d2bc3c151d0c8db5361e9cbbcf8519300
[tp] link_request dst=/6dee4caf17f87a1051504791002c8786/ ctx=00 hops=1
[tp] link_proof_tx dst=/6dee4caf17f87a1051504791002c8786/ link_id=/ff1b9026cd7d0079a4e8ebc964e7fa8f/
[tp] path_request dest=/a15f32cc809931cb4fcdf27adbe05aa6/ iface=/d86e8112f3c4c4442126f8e9f44f1686/
[tp] link_data dst=/ff1b9026cd7d0079a4e8ebc964e7fa8f/ ctx=fe len=64
[tp] link_data dst=/ff1b9026cd7d0079a4e8ebc964e7fa8f/ ctx=fb len=192
[link] data_plain len=128 preview=93abe5bd821eef8a15e92ad1c4e0cc1828ed446f4396a42041dbaf908b558d64
[tp] link_data dst=/edc1d3ef1178c8ce168cf1322c49c919/ ctx=08 len=32
[tp] path_request dest=/b18bb3d4ac56c99c5ee4791d79496ca2/ iface=/d86e8112f3c4c4442126f8e9f44f1686/
[tp] path_request dest=/e233d8d7e9c5f61419d45138ef0d90ff/ iface=/d86e8112f3c4c4442126f8e9f44f1686/
[tp] path_request dest=/12cb1ed29943213839f0b0d18cd42761/ iface=/d86e8112f3c4c4442126f8e9f44f1686/
[tp] link_request dst=/6dee4caf17f87a1051504791002c8786/ ctx=00 hops=1
[tp] link_proof_tx dst=/6dee4caf17f87a1051504791002c8786/ link_id=/4fd47f9d7266a0636fad97a378243eaa/
[tp] link_data dst=/4fd47f9d7266a0636fad97a378243eaa/ ctx=fe len=64
[tp] link_data dst=/4fd47f9d7266a0636fad97a378243eaa/ ctx=fb len=192
[link] data_plain len=128 preview=69d501e6cc31a4301060838e059a83ad1222dee5383b88a2a87c3d837c447343
[tp] link_data dst=/c91551550e7d59df2cab210eb2b5726c/ ctx=08 len=32
[tp] link_data dst=/ff1b9026cd7d0079a4e8ebc964e7fa8f/ ctx=08 len=32
[tp] path_request dest=/9f3d5577293fc0344ba9731782c22ad3/ iface=/d86e8112f3c4c4442126f8e9f44f1686/
[tp] link_data dst=/aaacacf4e9b85ea90db82e9022eae6c4/ ctx=fa len=1
[tp] link_data dst=/265be98eaf57972a85c9e233d28f436c/ ctx=06 len=96
[tp] link_data dst=/265be98eaf57972a85c9e233d28f436c/ ctx=fc len=80
[tp] path_request dest=/a15f32cc809931cb4fcdf27adbe05aa6/ iface=/d86e8112f3c4c4442126f8e9f44f1686/
[tp] link_data dst=/edc1d3ef1178c8ce168cf1322c49c919/ ctx=06 len=96
[tp] link_data dst=/edc1d3ef1178c8ce168cf1322c49c919/ ctx=fc len=80
[tp] path_request dest=/a3dfea289534e4b2d0f5730310eebd99/ iface=/d86e8112f3c4c4442126f8e9f44f1686/
[tp] link_data dst=/4fd47f9d7266a0636fad97a378243eaa/ ctx=08 len=32
[tp] link_request dst=/6dee4caf17f87a1051504791002c8786/ ctx=00 hops=2
[tp] link_proof_tx dst=/6dee4caf17f87a1051504791002c8786/ link_id=/af6b9bd86200131faf45b9fdd8b4b2bf/
[tp] link_data dst=/af6b9bd86200131faf45b9fdd8b4b2bf/ ctx=fe len=64
[tp] link_data dst=/af6b9bd86200131faf45b9fdd8b4b2bf/ ctx=fb len=192
[link] data_plain len=128 preview=3f8f84ffe6b68f168b03338be78519e42a3a446c0c19c2c6dfaaf906eba7f61d
[tp] link_data dst=/c91551550e7d59df2cab210eb2b5726c/ ctx=06 len=96
[tp] link_data dst=/c91551550e7d59df2cab210eb2b5726c/ ctx=fc len=80
[tp] path_request dest=/87c9aec7b34b56e694592461ac835461/ iface=/d86e8112f3c4c4442126f8e9f44f1686/
[tp] link_request dst=/6dee4caf17f87a1051504791002c8786/ ctx=00 hops=2
[tp] link_proof_tx dst=/6dee4caf17f87a1051504791002c8786/ link_id=/a75dec57c97a3ea8a4c3ab90a93a409f/
[tp] link_data dst=/ff1b9026cd7d0079a4e8ebc964e7fa8f/ ctx=06 len=96
[tp] link_data dst=/ff1b9026cd7d0079a4e8ebc964e7fa8f/ ctx=fc len=80
[tp] link_data dst=/a75dec57c97a3ea8a4c3ab90a93a409f/ ctx=fe len=64
[tp] link_data dst=/a75dec57c97a3ea8a4c3ab90a93a409f/ ctx=fb len=192
[link] data_plain len=128 preview=caeb241290061ad1380b094471a8ab92b78aeb000a7b67d3c3af96b3825f2026
[tp] path_request dest=/12cb1ed29943213839f0b0d18cd42761/ iface=/d86e8112f3c4c4442126f8e9f44f1686/
[tp] path_request dest=/b8bbfff472fe128873c9395a3ff8b353/ iface=/d86e8112f3c4c4442126f8e9f44f1686/
[tp] link_data dst=/c47371f17c6cb6b85001e474ff55890d/ ctx=fa len=1
[tp] path_request dest=/e792a1b9b43cc8b95d12ecd2d1d3e8b2/ iface=/d86e8112f3c4c4442126f8e9f44f1686/
[tp] link_data dst=/32ad81f12593dc67c28d9ab6717bec5b/ ctx=fa len=1
[tp] path_request dest=/a15f32cc809931cb4fcdf27adbe05aa6/ iface=/d86e8112f3c4c4442126f8e9f44f1686/
[tp] link_data dst=/c47371f17c6cb6b85001e474ff55890d/ ctx=fc len=80
[tp] link_request dst=/6dee4caf17f87a1051504791002c8786/ ctx=00 hops=1
[tp] link_proof_tx dst=/6dee4caf17f87a1051504791002c8786/ link_id=/7eb33c49c67018ccd6ffa43faef9fb38/
[tp] link_data dst=/7eb33c49c67018ccd6ffa43faef9fb38/ ctx=fe len=64
[tp] link_data dst=/7eb33c49c67018ccd6ffa43faef9fb38/ ctx=fb len=192
[link] data_plain len=128 preview=722fe51808e9a53c865100a3d27a9490d79d892a18343cef7df37d080fa80170
[tp] path_request dest=/0afd2d4541ff8c768f8015a3c76971be/ iface=/d86e8112f3c4c4442126f8e9f44f1686/
[tp] link_data dst=/4fd47f9d7266a0636fad97a378243eaa/ ctx=06 len=96
[tp] link_data dst=/4fd47f9d7266a0636fad97a378243eaa/ ctx=fc len=80
[tp] link_data dst=/af6b9bd86200131faf45b9fdd8b4b2bf/ ctx=08 len=32
[tp] path_request dest=/c5210cdf7fda275c7f978533ec4ece80/ iface=/d86e8112f3c4c4442126f8e9f44f1686/
[tp] link_data dst=/a75dec57c97a3ea8a4c3ab90a93a409f/ ctx=08 len=32
[tp] path_request dest=/e792a1b9b43cc8b95d12ecd2d1d3e8b2/ iface=/d86e8112f3c4c4442126f8e9f44f1686/
[tp] link_request dst=/6dee4caf17f87a1051504791002c8786/ ctx=00 hops=1
[tp] link_proof_tx dst=/6dee4caf17f87a1051504791002c8786/ link_id=/20fc46dad745733187a48e2737a8e96b/
[tp] link_data dst=/20fc46dad745733187a48e2737a8e96b/ ctx=fe len=64
[tp] link_data dst=/20fc46dad745733187a48e2737a8e96b/ ctx=fb len=192
[link] data_plain len=128 preview=93abe5bd821eef8a15e92ad1c4e0cc1828ed446f4396a42041dbaf908b558d64
[tp] link_data dst=/7eb33c49c67018ccd6ffa43faef9fb38/ ctx=08 len=32
[tp] path_request dest=/a15f32cc809931cb4fcdf27adbe05aa6/ iface=/d86e8112f3c4c4442126f8e9f44f1686/
[tp] path_request dest=/b18bb3d4ac56c99c5ee4791d79496ca2/ iface=/d86e8112f3c4c4442126f8e9f44f1686/
[tp] link_request dst=/6dee4caf17f87a1051504791002c8786/ ctx=00 hops=3
[tp] link_proof_tx dst=/6dee4caf17f87a1051504791002c8786/ link_id=/0a507bddba669f5464d74ae38bb2b46e/
[tp] link_data dst=/0a507bddba669f5464d74ae38bb2b46e/ ctx=fe len=64
[tp] link_data dst=/0a507bddba669f5464d74ae38bb2b46e/ ctx=fb len=192
[link] data_plain len=128 preview=cbd4a6d311ba97b671bd75d501e048cad1f23eba47622f0bde8eed57b0d56814
[tp] link_data dst=/32ad81f12593dc67c28d9ab6717bec5b/ ctx=06 len=96
[tp] link_data dst=/32ad81f12593dc67c28d9ab6717bec5b/ ctx=fc len=80
[tp] path_request dest=/12cb1ed29943213839f0b0d18cd42761/ iface=/d86e8112f3c4c4442126f8e9f44f1686/
[tp] link_data dst=/aaacacf4e9b85ea90db82e9022eae6c4/ ctx=fa len=1
[tp] path_request dest=/995cc3851347f138f51af73d182d5e1d/ iface=/d86e8112f3c4c4442126f8e9f44f1686/
[tp] link_data dst=/af6b9bd86200131faf45b9fdd8b4b2bf/ ctx=06 len=96
[tp] link_data dst=/af6b9bd86200131faf45b9fdd8b4b2bf/ ctx=fc len=80
[tp] link_data dst=/20fc46dad745733187a48e2737a8e96b/ ctx=08 len=32
[tp] link_data dst=/a75dec57c97a3ea8a4c3ab90a93a409f/ ctx=06 len=96
[tp] link_data dst=/a75dec57c97a3ea8a4c3ab90a93a409f/ ctx=fc len=80
[tp] link_data dst=/aaacacf4e9b85ea90db82e9022eae6c4/ ctx=fc len=80
[tp] path_request dest=/a3dfea289534e4b2d0f5730310eebd99/ iface=/d86e8112f3c4c4442126f8e9f44f1686/
[tp] link_request dst=/6dee4caf17f87a1051504791002c8786/ ctx=00 hops=1
[tp] link_proof_tx dst=/6dee4caf17f87a1051504791002c8786/ link_id=/b084e397077a16723ac624026660e514/
[tp] link_data dst=/b084e397077a16723ac624026660e514/ ctx=fe len=64
[tp] link_data dst=/b084e397077a16723ac624026660e514/ ctx=fb len=192
[link] data_plain len=128 preview=dd1bc4ae45e403dc14c7c92392d200fefd4ae02bc95151eab27660615712ca5a
[tp] link_data dst=/0a507bddba669f5464d74ae38bb2b46e/ ctx=08 len=32
[tp] path_request dest=/b8bbfff472fe128873c9395a3ff8b353/ iface=/d86e8112f3c4c4442126f8e9f44f1686/
[tp] link_request dst=/6dee4caf17f87a1051504791002c8786/ ctx=00 hops=3
[tp] link_proof_tx dst=/6dee4caf17f87a1051504791002c8786/ link_id=/9b91c1c40cfb0e6aec231869c7b41222/
[tp] link_data dst=/9b91c1c40cfb0e6aec231869c7b41222/ ctx=fe len=64
[tp] link_data dst=/9b91c1c40cfb0e6aec231869c7b41222/ ctx=fb len=192
[link] data_plain len=128 preview=4913e1db3253c4f39555ffdfe8435b1baf2b5b7dfdbb6065f8ca81371cbd5b17
[tp] link_data dst=/7eb33c49c67018ccd6ffa43faef9fb38/ ctx=06 len=96
[tp] link_data dst=/7eb33c49c67018ccd6ffa43faef9fb38/ ctx=fc len=80
[tp] path_request dest=/a15f32cc809931cb4fcdf27adbe05aa6/ iface=/d86e8112f3c4c4442126f8e9f44f1686/
[tp] link_request dst=/6dee4caf17f87a1051504791002c8786/ ctx=00 hops=2
[tp] link_proof_tx dst=/6dee4caf17f87a1051504791002c8786/ link_id=/f5e88670d26656f355f5dcaff578cb43/
[tp] link_data dst=/f5e88670d26656f355f5dcaff578cb43/ ctx=fe len=64
[tp] link_data dst=/f5e88670d26656f355f5dcaff578cb43/ ctx=fb len=192
[link] data_plain len=128 preview=3f8f84ffe6b68f168b03338be78519e42a3a446c0c19c2c6dfaaf906eba7f61d
[tp] link_request dst=/6dee4caf17f87a1051504791002c8786/ ctx=00 hops=2
[tp] link_proof_tx dst=/6dee4caf17f87a1051504791002c8786/ link_id=/9f51473ccd5416cc5b51da5f2a205cf6/
[tp] path_request dest=/47b6cea814d9ca40bb0cadad2139625a/ iface=/d86e8112f3c4c4442126f8e9f44f1686/
[tp] path_request dest=/e792a1b9b43cc8b95d12ecd2d1d3e8b2/ iface=/d86e8112f3c4c4442126f8e9f44f1686/
[tp] link_request dst=/6dee4caf17f87a1051504791002c8786/ ctx=00 hops=2
[tp] link_proof_tx dst=/6dee4caf17f87a1051504791002c8786/ link_id=/c155dadbcf7ab2f631106f44321f2e8c/
[tp] link_data dst=/c155dadbcf7ab2f631106f44321f2e8c/ ctx=fe len=64
[tp] link_data dst=/c155dadbcf7ab2f631106f44321f2e8c/ ctx=fb len=192
[link] data_plain len=128 preview=35e65fe12a80ee3d00278ef932383927bd791670aa6a7f7a029c1a472045933f
[tp] link_data dst=/9f51473ccd5416cc5b51da5f2a205cf6/ ctx=fe len=64
[tp] link_data dst=/9f51473ccd5416cc5b51da5f2a205cf6/ ctx=fb len=192
[link] data_plain len=128 preview=caeb241290061ad1380b094471a8ab92b78aeb000a7b67d3c3af96b3825f2026
[tp] link_data dst=/20fc46dad745733187a48e2737a8e96b/ ctx=06 len=96
[tp] link_data dst=/20fc46dad745733187a48e2737a8e96b/ ctx=fc len=80
[tp] path_request dest=/12cb1ed29943213839f0b0d18cd42761/ iface=/d86e8112f3c4c4442126f8e9f44f1686/
[tp] path_request dest=/60dcab5ef4e2a7fdd1154128a826c00b/ iface=/d86e8112f3c4c4442126f8e9f44f1686/
[tp] link_data dst=/0a507bddba669f5464d74ae38bb2b46e/ ctx=06 len=96
[tp] link_data dst=/0a507bddba669f5464d74ae38bb2b46e/ ctx=fc len=80
[tp] link_request dst=/6dee4caf17f87a1051504791002c8786/ ctx=00 hops=2
[tp] link_proof_tx dst=/6dee4caf17f87a1051504791002c8786/ link_id=/24262e8683c127bf4d82af5a87a2d940/
[tp] link_data dst=/24262e8683c127bf4d82af5a87a2d940/ ctx=fe len=64
[tp] link_data dst=/24262e8683c127bf4d82af5a87a2d940/ ctx=fb len=192
[link] data_plain len=128 preview=cc343d204fc536882689c77cbddfe144b3cf8abc90165e8a859ee48a492f4b0c
[tp] link_data dst=/f5e88670d26656f355f5dcaff578cb43/ ctx=08 len=32
[tp] path_request dest=/b18bb3d4ac56c99c5ee4791d79496ca2/ iface=/d86e8112f3c4c4442126f8e9f44f1686/
[tp] path_request dest=/a15f32cc809931cb4fcdf27adbe05aa6/ iface=/d86e8112f3c4c4442126f8e9f44f1686/
[tp] path_request dest=/e792a1b9b43cc8b95d12ecd2d1d3e8b2/ iface=/d86e8112f3c4c4442126f8e9f44f1686/
[tp] link_data dst=/9f51473ccd5416cc5b51da5f2a205cf6/ ctx=08 len=32
[tp] link_data dst=/b084e397077a16723ac624026660e514/ ctx=fa len=1
[tp] link_request dst=/6dee4caf17f87a1051504791002c8786/ ctx=00 hops=3
[tp] link_proof_tx dst=/6dee4caf17f87a1051504791002c8786/ link_id=/cac6cba36d72310f8c1891e32911b09a/
[tp] link_data dst=/cac6cba36d72310f8c1891e32911b09a/ ctx=fe len=64
[tp] link_data dst=/cac6cba36d72310f8c1891e32911b09a/ ctx=fb len=192
[link] data_plain len=128 preview=cbd4a6d311ba97b671bd75d501e048cad1f23eba47622f0bde8eed57b0d56814
[tp] path_request dest=/4762234229b7e0b83c68b857bdf245c3/ iface=/d86e8112f3c4c4442126f8e9f44f1686/
[tp] link_request dst=/6dee4caf17f87a1051504791002c8786/ ctx=00 hops=2
[tp] link_proof_tx dst=/6dee4caf17f87a1051504791002c8786/ link_id=/9bfa27098a56f1e8131091ecac1a3444/
[tp] link_data dst=/9bfa27098a56f1e8131091ecac1a3444/ ctx=fe len=64
[tp] link_data dst=/9bfa27098a56f1e8131091ecac1a3444/ ctx=fb len=192
[link] data_plain len=128 preview=c757c88946ae81f0974a33437ab209bac39469edc778f04bc7c155cdb8ea1441
[tp] path_request dest=/47b6cea814d9ca40bb0cadad2139625a/ iface=/d86e8112f3c4c4442126f8e9f44f1686/
[tp] path_request dest=/b8bbfff472fe128873c9395a3ff8b353/ iface=/d86e8112f3c4c4442126f8e9f44f1686/
[tp] path_request dest=/995cc3851347f138f51af73d182d5e1d/ iface=/d86e8112f3c4c4442126f8e9f44f1686/
[tp] link_request dst=/6dee4caf17f87a1051504791002c8786/ ctx=00 hops=1
[tp] link_proof_tx dst=/6dee4caf17f87a1051504791002c8786/ link_id=/8bf65512970aed53be4b97433a85365f/
[tp] link_data dst=/8bf65512970aed53be4b97433a85365f/ ctx=fe len=64
[tp] link_data dst=/8bf65512970aed53be4b97433a85365f/ ctx=fb len=192
[link] data_plain len=128 preview=69d501e6cc31a4301060838e059a83ad1222dee5383b88a2a87c3d837c447343
[tp] path_request dest=/a3dfea289534e4b2d0f5730310eebd99/ iface=/d86e8112f3c4c4442126f8e9f44f1686/
[tp] link_data dst=/f5e88670d26656f355f5dcaff578cb43/ ctx=06 len=96
[tp] link_data dst=/f5e88670d26656f355f5dcaff578cb43/ ctx=fc len=80
[tp] path_request dest=/b18bb3d4ac56c99c5ee4791d79496ca2/ iface=/d86e8112f3c4c4442126f8e9f44f1686/
[tp] path_request dest=/e233d8d7e9c5f61419d45138ef0d90ff/ iface=/d86e8112f3c4c4442126f8e9f44f1686/
[tp] path_request dest=/0afd2d4541ff8c768f8015a3c76971be/ iface=/d86e8112f3c4c4442126f8e9f44f1686/
[tp] link_request dst=/6dee4caf17f87a1051504791002c8786/ ctx=00 hops=3
[tp] link_proof_tx dst=/6dee4caf17f87a1051504791002c8786/ link_id=/fbd2874136f3448f5cd6f087414876b1/
[tp] path_request dest=/a15f32cc809931cb4fcdf27adbe05aa6/ iface=/d86e8112f3c4c4442126f8e9f44f1686/
[tp] link_data dst=/fbd2874136f3448f5cd6f087414876b1/ ctx=fe len=64
[tp] link_data dst=/fbd2874136f3448f5cd6f087414876b1/ ctx=fb len=192
[link] data_plain len=128 preview=b1d08b2315cf53c1efdf0a60cadf0ab72f82a691adf040c6b9990f393fcaaf53
[tp] link_data dst=/cac6cba36d72310f8c1891e32911b09a/ ctx=08 len=32
[tp] path_request dest=/12cb1ed29943213839f0b0d18cd42761/ iface=/d86e8112f3c4c4442126f8e9f44f1686/
[tp] link_data dst=/9bfa27098a56f1e8131091ecac1a3444/ ctx=08 len=32
[tp] link_data dst=/9b91c1c40cfb0e6aec231869c7b41222/ ctx=fa len=1
[tp] link_data dst=/8bf65512970aed53be4b97433a85365f/ ctx=08 len=32
[tp] link_data dst=/9f51473ccd5416cc5b51da5f2a205cf6/ ctx=06 len=96
[tp] link_data dst=/9f51473ccd5416cc5b51da5f2a205cf6/ ctx=fc len=80
[tp] link_data dst=/fbd2874136f3448f5cd6f087414876b1/ ctx=08 len=32
[tp] link_data dst=/24262e8683c127bf4d82af5a87a2d940/ ctx=fa len=1
[tp] link_request dst=/6dee4caf17f87a1051504791002c8786/ ctx=00 hops=3
[tp] link_proof_tx dst=/6dee4caf17f87a1051504791002c8786/ link_id=/104ece78ca3aae3e5e653b78b204d863/
[tp] link_data dst=/c155dadbcf7ab2f631106f44321f2e8c/ ctx=fa len=1
[tp] link_data dst=/b084e397077a16723ac624026660e514/ ctx=fa len=1
[tp] path_request dest=/a15f32cc809931cb4fcdf27adbe05aa6/ iface=/d86e8112f3c4c4442126f8e9f44f1686/
[tp] link_data dst=/cac6cba36d72310f8c1891e32911b09a/ ctx=06 len=96
[tp] link_data dst=/cac6cba36d72310f8c1891e32911b09a/ ctx=fc len=80
[tp] link_data dst=/b084e397077a16723ac624026660e514/ ctx=fc len=80
[tp] link_data dst=/9bfa27098a56f1e8131091ecac1a3444/ ctx=06 len=96
[tp] link_data dst=/9bfa27098a56f1e8131091ecac1a3444/ ctx=fc len=80
[tp] link_request dst=/6dee4caf17f87a1051504791002c8786/ ctx=00 hops=2
[tp] link_proof_tx dst=/6dee4caf17f87a1051504791002c8786/ link_id=/d6ca578ee51d1dad083ed169c89c9a79/
[tp] link_data dst=/d6ca578ee51d1dad083ed169c89c9a79/ ctx=fe len=64
[tp] link_data dst=/d6ca578ee51d1dad083ed169c89c9a79/ ctx=fb len=192
[link] data_plain len=128 preview=caeb241290061ad1380b094471a8ab92b78aeb000a7b67d3c3af96b3825f2026
[tp] path_request dest=/e792a1b9b43cc8b95d12ecd2d1d3e8b2/ iface=/d86e8112f3c4c4442126f8e9f44f1686/
[tp] path_request dest=/b8bbfff472fe128873c9395a3ff8b353/ iface=/d86e8112f3c4c4442126f8e9f44f1686/
[tp] link_data dst=/8bf65512970aed53be4b97433a85365f/ ctx=06 len=96
[tp] link_data dst=/8bf65512970aed53be4b97433a85365f/ ctx=fc len=80
[tp] link_request dst=/6dee4caf17f87a1051504791002c8786/ ctx=00 hops=3
[tp] link_proof_tx dst=/6dee4caf17f87a1051504791002c8786/ link_id=/e6a63046a02b14a14cda76360967f10a/
[tp] path_request dest=/b18bb3d4ac56c99c5ee4791d79496ca2/ iface=/d86e8112f3c4c4442126f8e9f44f1686/
[tp] link_data dst=/fbd2874136f3448f5cd6f087414876b1/ ctx=06 len=96
[tp] link_data dst=/fbd2874136f3448f5cd6f087414876b1/ ctx=fc len=80
[tp] path_request dest=/12cb1ed29943213839f0b0d18cd42761/ iface=/d86e8112f3c4c4442126f8e9f44f1686/
[tp] path_request dest=/0afd2d4541ff8c768f8015a3c76971be/ iface=/d86e8112f3c4c4442126f8e9f44f1686/
[tp] link_data dst=/d6ca578ee51d1dad083ed169c89c9a79/ ctx=08 len=32
[tp] link_request dst=/6dee4caf17f87a1051504791002c8786/ ctx=00 hops=1
[tp] link_proof_tx dst=/6dee4caf17f87a1051504791002c8786/ link_id=/2c90b0c26892f5812a441a9f63584284/
[tp] path_request dest=/a15f32cc809931cb4fcdf27adbe05aa6/ iface=/d86e8112f3c4c4442126f8e9f44f1686/
[tp] link_data dst=/2c90b0c26892f5812a441a9f63584284/ ctx=fe len=64
[tp] link_data dst=/2c90b0c26892f5812a441a9f63584284/ ctx=fb len=192
[link] data_plain len=128 preview=722fe51808e9a53c865100a3d27a9490d79d892a18343cef7df37d080fa80170
[tp] link_data dst=/c155dadbcf7ab2f631106f44321f2e8c/ ctx=06 len=96
[tp] link_data dst=/c155dadbcf7ab2f631106f44321f2e8c/ ctx=fc len=80
[tp] path_request dest=/995cc3851347f138f51af73d182d5e1d/ iface=/d86e8112f3c4c4442126f8e9f44f1686/
[tp] link_request dst=/6dee4caf17f87a1051504791002c8786/ ctx=00 hops=1
[tp] link_proof_tx dst=/6dee4caf17f87a1051504791002c8786/ link_id=/ff1fdeabac6c8231d8f42b51ff67da96/
[tp] link_data dst=/ff1fdeabac6c8231d8f42b51ff67da96/ ctx=fe len=64
[tp] link_data dst=/ff1fdeabac6c8231d8f42b51ff67da96/ ctx=fb len=192
[link] data_plain len=128 preview=69d501e6cc31a4301060838e059a83ad1222dee5383b88a2a87c3d837c447343
[tp] path_request dest=/a3dfea289534e4b2d0f5730310eebd99/ iface=/d86e8112f3c4c4442126f8e9f44f1686/
[tp] link_request dst=/6dee4caf17f87a1051504791002c8786/ ctx=00 hops=1
[tp] link_proof_tx dst=/6dee4caf17f87a1051504791002c8786/ link_id=/04e42b4fda74e98a747d0375004f038d/
[tp] link_data dst=/04e42b4fda74e98a747d0375004f038d/ ctx=fe len=64
[tp] link_data dst=/04e42b4fda74e98a747d0375004f038d/ ctx=fb len=192
[link] data_plain len=128 preview=dd1bc4ae45e403dc14c7c92392d200fefd4ae02bc95151eab27660615712ca5a
[tp] link_request dst=/6dee4caf17f87a1051504791002c8786/ ctx=00 hops=3
[tp] link_proof_tx dst=/6dee4caf17f87a1051504791002c8786/ link_id=/49aa11e6b9a14b2735f733f210ed53ec/
[tp] link_data dst=/49aa11e6b9a14b2735f733f210ed53ec/ ctx=fe len=64
[tp] link_data dst=/49aa11e6b9a14b2735f733f210ed53ec/ ctx=fb len=192
[link] data_plain len=128 preview=cbd4a6d311ba97b671bd75d501e048cad1f23eba47622f0bde8eed57b0d56814
[tp] link_request dst=/6dee4caf17f87a1051504791002c8786/ ctx=00 hops=2
[tp] link_proof_tx dst=/6dee4caf17f87a1051504791002c8786/ link_id=/6aa7cb7af6c84a29e68a6063d8d6cb1d/
[tp] link_data dst=/6aa7cb7af6c84a29e68a6063d8d6cb1d/ ctx=fe len=64
[tp] link_data dst=/6aa7cb7af6c84a29e68a6063d8d6cb1d/ ctx=fb len=192
[link] data_plain len=128 preview=35e65fe12a80ee3d00278ef932383927bd791670aa6a7f7a029c1a472045933f
[tp] link_request dst=/6dee4caf17f87a1051504791002c8786/ ctx=00 hops=1
[tp] link_proof_tx dst=/6dee4caf17f87a1051504791002c8786/ link_id=/fa329a3795a616a1eb664f7b8c506371/
[tp] path_request dest=/58681bf71893d092811b7b97b6f767cf/ iface=/d86e8112f3c4c4442126f8e9f44f1686/
[tp] link_data dst=/fa329a3795a616a1eb664f7b8c506371/ ctx=fe len=64
[tp] link_data dst=/fa329a3795a616a1eb664f7b8c506371/ ctx=fb len=192
[link] data_plain len=128 preview=93abe5bd821eef8a15e92ad1c4e0cc1828ed446f4396a42041dbaf908b558d64
[tp] link_data dst=/9b91c1c40cfb0e6aec231869c7b41222/ ctx=fa len=1
[tp] link_data dst=/2c90b0c26892f5812a441a9f63584284/ ctx=08 len=32
[tp] link_data dst=/24262e8683c127bf4d82af5a87a2d940/ ctx=fa len=1
[tp] link_data dst=/ff1fdeabac6c8231d8f42b51ff67da96/ ctx=08 len=32
[tp] link_data dst=/9b91c1c40cfb0e6aec231869c7b41222/ ctx=fc len=80
[tp] link_data dst=/24262e8683c127bf4d82af5a87a2d940/ ctx=fc len=80
[tp] path_request dest=/12cb1ed29943213839f0b0d18cd42761/ iface=/d86e8112f3c4c4442126f8e9f44f1686/
[tp] path_request dest=/a15f32cc809931cb4fcdf27adbe05aa6/ iface=/d86e8112f3c4c4442126f8e9f44f1686/
[tp] link_data dst=/d6ca578ee51d1dad083ed169c89c9a79/ ctx=06 len=96
[tp] link_data dst=/d6ca578ee51d1dad083ed169c89c9a79/ ctx=fc len=80
[tp] link_data dst=/49aa11e6b9a14b2735f733f210ed53ec/ ctx=08 len=32
[tp] link_request dst=/6dee4caf17f87a1051504791002c8786/ ctx=00 hops=3
[tp] link_proof_tx dst=/6dee4caf17f87a1051504791002c8786/ link_id=/c12d6ae5be60689f3c1bab28d0d37354/
[tp] link_data dst=/c12d6ae5be60689f3c1bab28d0d37354/ ctx=fe len=64
[tp] link_data dst=/c12d6ae5be60689f3c1bab28d0d37354/ ctx=fb len=192
[link] data_plain len=128 preview=4913e1db3253c4f39555ffdfe8435b1baf2b5b7dfdbb6065f8ca81371cbd5b17
[tp] link_data dst=/fa329a3795a616a1eb664f7b8c506371/ ctx=08 len=32
[tp] link_request dst=/6dee4caf17f87a1051504791002c8786/ ctx=00 hops=2
[tp] link_proof_tx dst=/6dee4caf17f87a1051504791002c8786/ link_id=/fff266fdeba9819c0193dac41f2a114d/
[tp] link_data dst=/fff266fdeba9819c0193dac41f2a114d/ ctx=fe len=64
[tp] link_data dst=/fff266fdeba9819c0193dac41f2a114d/ ctx=fb len=192
[link] data_plain len=128 preview=c757c88946ae81f0974a33437ab209bac39469edc778f04bc7c155cdb8ea1441
[tp] path_request dest=/b8bbfff472fe128873c9395a3ff8b353/ iface=/d86e8112f3c4c4442126f8e9f44f1686/
[tp] path_request dest=/b18bb3d4ac56c99c5ee4791d79496ca2/ iface=/d86e8112f3c4c4442126f8e9f44f1686/
[tp] link_data dst=/2c90b0c26892f5812a441a9f63584284/ ctx=06 len=96
[tp] link_data dst=/2c90b0c26892f5812a441a9f63584284/ ctx=fc len=80
[tp] link_data dst=/ff1fdeabac6c8231d8f42b51ff67da96/ ctx=06 len=96
[tp] link_data dst=/ff1fdeabac6c8231d8f42b51ff67da96/ ctx=fc len=80
[tp] path_request dest=/6920c6a5f96abc13df3383dbdcc5e305/ iface=/d86e8112f3c4c4442126f8e9f44f1686/
[tp] link_data dst=/04e42b4fda74e98a747d0375004f038d/ ctx=fa len=1
[tp] link_data dst=/fff266fdeba9819c0193dac41f2a114d/ ctx=08 len=32
[tp] path_request dest=/a15f32cc809931cb4fcdf27adbe05aa6/ iface=/d86e8112f3c4c4442126f8e9f44f1686/
[tp] path_request dest=/4a890e0e7c0cc69df96c7d4db8992341/ iface=/d86e8112f3c4c4442126f8e9f44f1686/
[tp] link_data dst=/49aa11e6b9a14b2735f733f210ed53ec/ ctx=06 len=96
[tp] link_data dst=/49aa11e6b9a14b2735f733f210ed53ec/ ctx=fc len=80
[tp] link_data dst=/fa329a3795a616a1eb664f7b8c506371/ ctx=06 len=96
[tp] link_data dst=/fa329a3795a616a1eb664f7b8c506371/ ctx=fc len=80
[tp] link_request dst=/6dee4caf17f87a1051504791002c8786/ ctx=00 hops=1
[tp] link_proof_tx dst=/6dee4caf17f87a1051504791002c8786/ link_id=/2ad7f89551ed9a76edcce00314837df0/
[tp] link_data dst=/2ad7f89551ed9a76edcce00314837df0/ ctx=fe len=64
[tp] link_data dst=/2ad7f89551ed9a76edcce00314837df0/ ctx=fb len=192
[link] data_plain len=128 preview=69d501e6cc31a4301060838e059a83ad1222dee5383b88a2a87c3d837c447343
[tp] path_request dest=/12cb1ed29943213839f0b0d18cd42761/ iface=/d86e8112f3c4c4442126f8e9f44f1686/
[tp] path_request dest=/995cc3851347f138f51af73d182d5e1d/ iface=/d86e8112f3c4c4442126f8e9f44f1686/
[tp] path_request dest=/b4508c693ae1ddc6a0d472977be93bfc/ iface=/d86e8112f3c4c4442126f8e9f44f1686/
[tp] link_data dst=/6c74098df985219a50afc6a36f6cbc58/ ctx=fa len=1
[tp] link_data dst=/2ad7f89551ed9a76edcce00314837df0/ ctx=08 len=32
[tp] link_data dst=/fff266fdeba9819c0193dac41f2a114d/ ctx=06 len=96
[tp] link_data dst=/fff266fdeba9819c0193dac41f2a114d/ ctx=fc len=80
[tp] path_request dest=/b8bbfff472fe128873c9395a3ff8b353/ iface=/d86e8112f3c4c4442126f8e9f44f1686/
[tp] path_request dest=/a15f32cc809931cb4fcdf27adbe05aa6/ iface=/d86e8112f3c4c4442126f8e9f44f1686/
[tp] link_data dst=/6aa7cb7af6c84a29e68a6063d8d6cb1d/ ctx=fa len=1
[tp] path_request dest=/627c60c9a9df4e50c15f5c104661c096/ iface=/d86e8112f3c4c4442126f8e9f44f1686/
[tp] link_request dst=/6dee4caf17f87a1051504791002c8786/ ctx=00 hops=3
[tp] link_proof_tx dst=/6dee4caf17f87a1051504791002c8786/ link_id=/6d576e2d5b81236a6d75b0e3ba133466/
[tp] link_data dst=/6d576e2d5b81236a6d75b0e3ba133466/ ctx=fe len=64
[tp] link_data dst=/6d576e2d5b81236a6d75b0e3ba133466/ ctx=fb len=192
[link] data_plain len=128 preview=cbd4a6d311ba97b671bd75d501e048cad1f23eba47622f0bde8eed57b0d56814
[tp] link_data dst=/c12d6ae5be60689f3c1bab28d0d37354/ ctx=fa len=1
[tp] path_request dest=/57e2d0ef3bd6127a75f53884d04418c4/ iface=/d86e8112f3c4c4442126f8e9f44f1686/
[tp] path_request dest=/0afd2d4541ff8c768f8015a3c76971be/ iface=/d86e8112f3c4c4442126f8e9f44f1686/
[tp] link_data dst=/04e42b4fda74e98a747d0375004f038d/ ctx=fa len=1
[tp] path_request dest=/12cb1ed29943213839f0b0d18cd42761/ iface=/d86e8112f3c4c4442126f8e9f44f1686/
[tp] link_data dst=/04e42b4fda74e98a747d0375004f038d/ ctx=fc len=80
[tp] link_data dst=/2ad7f89551ed9a76edcce00314837df0/ ctx=06 len=96
[tp] link_data dst=/2ad7f89551ed9a76edcce00314837df0/ ctx=fc len=80
[tp] link_request dst=/6dee4caf17f87a1051504791002c8786/ ctx=00 hops=3
[tp] link_proof_tx dst=/6dee4caf17f87a1051504791002c8786/ link_id=/8c929d3b43ac12c347810941f62f57a6/
[tp] link_data dst=/8c929d3b43ac12c347810941f62f57a6/ ctx=fe len=64
[tp] link_data dst=/8c929d3b43ac12c347810941f62f57a6/ ctx=fb len=192
[link] data_plain len=128 preview=99ca60eb910ff9ef7ab800fefc510094944f555d40217547f1b60bfe54d10a28
[tp] link_data dst=/6d576e2d5b81236a6d75b0e3ba133466/ ctx=08 len=32
[tp] link_request dst=/6dee4caf17f87a1051504791002c8786/ ctx=00 hops=1
[tp] link_proof_tx dst=/6dee4caf17f87a1051504791002c8786/ link_id=/2cd37be5e223a5e02f68874aa3567b37/
[tp] link_data dst=/2cd37be5e223a5e02f68874aa3567b37/ ctx=fe len=64
[tp] link_data dst=/2cd37be5e223a5e02f68874aa3567b37/ ctx=fb len=192
[link] data_plain len=128 preview=dd1bc4ae45e403dc14c7c92392d200fefd4ae02bc95151eab27660615712ca5a
[tp] path_request dest=/60dcab5ef4e2a7fdd1154128a826c00b/ iface=/d86e8112f3c4c4442126f8e9f44f1686/
[tp] path_request dest=/58681bf71893d092811b7b97b6f767cf/ iface=/d86e8112f3c4c4442126f8e9f44f1686/
[tp] path_request dest=/e792a1b9b43cc8b95d12ecd2d1d3e8b2/ iface=/d86e8112f3c4c4442126f8e9f44f1686/
[tp] link_data dst=/6aa7cb7af6c84a29e68a6063d8d6cb1d/ ctx=06 len=96
[tp] link_data dst=/6aa7cb7af6c84a29e68a6063d8d6cb1d/ ctx=fc len=80
[tp] link_request dst=/6dee4caf17f87a1051504791002c8786/ ctx=00 hops=3
[tp] link_proof_tx dst=/6dee4caf17f87a1051504791002c8786/ link_id=/6d9308526e048bdfded92a740c02715f/
[tp] link_data dst=/6d9308526e048bdfded92a740c02715f/ ctx=fe len=64
[tp] link_data dst=/6d9308526e048bdfded92a740c02715f/ ctx=fb len=192
[link] data_plain len=128 preview=b1d08b2315cf53c1efdf0a60cadf0ab72f82a691adf040c6b9990f393fcaaf53
[tp] path_request dest=/46de9b30c288dbcb39537c6e4c364617/ iface=/d86e8112f3c4c4442126f8e9f44f1686/
[tp] path_request dest=/995cc3851347f138f51af73d182d5e1d/ iface=/d86e8112f3c4c4442126f8e9f44f1686/
[tp] link_data dst=/8c929d3b43ac12c347810941f62f57a6/ ctx=08 len=32
[tp] path_request dest=/a3dfea289534e4b2d0f5730310eebd99/ iface=/d86e8112f3c4c4442126f8e9f44f1686/
[tp] link_request dst=/6dee4caf17f87a1051504791002c8786/ ctx=00 hops=1
[tp] link_proof_tx dst=/6dee4caf17f87a1051504791002c8786/ link_id=/d819914a07ad110a60d857c6c5d70cb5/
[tp] link_data dst=/d819914a07ad110a60d857c6c5d70cb5/ ctx=fe len=64
[tp] link_data dst=/d819914a07ad110a60d857c6c5d70cb5/ ctx=fb len=192
[link] data_plain len=128 preview=93abe5bd821eef8a15e92ad1c4e0cc1828ed446f4396a42041dbaf908b558d64
[tp] path_request dest=/b8bbfff472fe128873c9395a3ff8b353/ iface=/d86e8112f3c4c4442126f8e9f44f1686/
[tp] path_request dest=/12cb1ed29943213839f0b0d18cd42761/ iface=/d86e8112f3c4c4442126f8e9f44f1686/
[tp] path_request dest=/f8de3e21f2b92e8eb4bb505f1e1381c4/ iface=/d86e8112f3c4c4442126f8e9f44f1686/
[tp] link_data dst=/6d576e2d5b81236a6d75b0e3ba133466/ ctx=06 len=96
[tp] link_data dst=/6d576e2d5b81236a6d75b0e3ba133466/ ctx=fc len=80
[tp] link_data dst=/6d9308526e048bdfded92a740c02715f/ ctx=08 len=32
[tp] link_request dst=/6dee4caf17f87a1051504791002c8786/ ctx=00 hops=1
[tp] link_proof_tx dst=/6dee4caf17f87a1051504791002c8786/ link_id=/4b8a15ad18c1eb99facf9d142b1a47fb/
[tp] link_data dst=/4b8a15ad18c1eb99facf9d142b1a47fb/ ctx=fe len=64
[tp] link_data dst=/4b8a15ad18c1eb99facf9d142b1a47fb/ ctx=fb len=192
[link] data_plain len=128 preview=69d501e6cc31a4301060838e059a83ad1222dee5383b88a2a87c3d837c447343
[tp] path_request dest=/b18bb3d4ac56c99c5ee4791d79496ca2/ iface=/d86e8112f3c4c4442126f8e9f44f1686/
[tp] path_request dest=/0afd2d4541ff8c768f8015a3c76971be/ iface=/d86e8112f3c4c4442126f8e9f44f1686/
[tp] link_request dst=/6dee4caf17f87a1051504791002c8786/ ctx=00 hops=3
[tp] link_proof_tx dst=/6dee4caf17f87a1051504791002c8786/ link_id=/c97c2d4a813f98d63c2d77684d21ca1e/
[tp] link_data dst=/c97c2d4a813f98d63c2d77684d21ca1e/ ctx=fe len=64
[tp] link_data dst=/c97c2d4a813f98d63c2d77684d21ca1e/ ctx=fb len=192
[link] data_plain len=128 preview=cbd4a6d311ba97b671bd75d501e048cad1f23eba47622f0bde8eed57b0d56814
[tp] link_data dst=/2cd37be5e223a5e02f68874aa3567b37/ ctx=fa len=1
[tp] link_request dst=/6dee4caf17f87a1051504791002c8786/ ctx=00 hops=2
[tp] link_proof_tx dst=/6dee4caf17f87a1051504791002c8786/ link_id=/1e1a059f201b5fb66e2ce3a88ae07978/
[tp] link_data dst=/d819914a07ad110a60d857c6c5d70cb5/ ctx=08 len=32
[tp] path_request dest=/41ad15a66352bf5201501fc1793aa70c/ iface=/d86e8112f3c4c4442126f8e9f44f1686/
[tp] link_data dst=/c12d6ae5be60689f3c1bab28d0d37354/ ctx=fa len=1
[tp] path_request dest=/0769357259e48819ea9194b6230b2cef/ iface=/d86e8112f3c4c4442126f8e9f44f1686/
[tp] link_request dst=/6dee4caf17f87a1051504791002c8786/ ctx=00 hops=2
[tp] link_proof_tx dst=/6dee4caf17f87a1051504791002c8786/ link_id=/d76a22d00fed28d5ca9615b630ff9bfc/
[tp] link_data dst=/d76a22d00fed28d5ca9615b630ff9bfc/ ctx=fe len=64
[tp] link_data dst=/d76a22d00fed28d5ca9615b630ff9bfc/ ctx=fb len=192
[link] data_plain len=128 preview=35e65fe12a80ee3d00278ef932383927bd791670aa6a7f7a029c1a472045933f
[tp] link_data dst=/4b8a15ad18c1eb99facf9d142b1a47fb/ ctx=08 len=32
[tp] link_data dst=/c12d6ae5be60689f3c1bab28d0d37354/ ctx=fc len=80
[tp] link_data dst=/6d9308526e048bdfded92a740c02715f/ ctx=06 len=96
[tp] link_data dst=/6d9308526e048bdfded92a740c02715f/ ctx=fc len=80
[tp] link_data dst=/c97c2d4a813f98d63c2d77684d21ca1e/ ctx=08 len=32
[tp] path_request dest=/12cb1ed29943213839f0b0d18cd42761/ iface=/d86e8112f3c4c4442126f8e9f44f1686/
[tp] link_request dst=/6dee4caf17f87a1051504791002c8786/ ctx=00 hops=2
[tp] link_proof_tx dst=/6dee4caf17f87a1051504791002c8786/ link_id=/c11a4e043495684499a45a0c0a0801b8/
[tp] link_data dst=/c11a4e043495684499a45a0c0a0801b8/ ctx=fe len=64
[tp] link_data dst=/c11a4e043495684499a45a0c0a0801b8/ ctx=fb len=192
[link] data_plain len=128 preview=cc343d204fc536882689c77cbddfe144b3cf8abc90165e8a859ee48a492f4b0c
[tp] link_request dst=/6dee4caf17f87a1051504791002c8786/ ctx=00 hops=2
[tp] link_proof_tx dst=/6dee4caf17f87a1051504791002c8786/ link_id=/abd065b3461ace453320bc044a3a45b6/
[tp] link_data dst=/abd065b3461ace453320bc044a3a45b6/ ctx=fe len=64
[tp] link_data dst=/abd065b3461ace453320bc044a3a45b6/ ctx=fb len=192
[link] data_plain len=128 preview=c757c88946ae81f0974a33437ab209bac39469edc778f04bc7c155cdb8ea1441
[tp] link_request dst=/6dee4caf17f87a1051504791002c8786/ ctx=00 hops=3
[tp] link_proof_tx dst=/6dee4caf17f87a1051504791002c8786/ link_id=/5ee9b7c9601bacac49aae8c16a75cc8a/
[tp] link_data dst=/5ee9b7c9601bacac49aae8c16a75cc8a/ ctx=fe len=64
[tp] link_data dst=/5ee9b7c9601bacac49aae8c16a75cc8a/ ctx=fb len=192
[link] data_plain len=128 preview=4913e1db3253c4f39555ffdfe8435b1baf2b5b7dfdbb6065f8ca81371cbd5b17
[tp] link_data dst=/d819914a07ad110a60d857c6c5d70cb5/ ctx=06 len=96
[tp] link_data dst=/d819914a07ad110a60d857c6c5d70cb5/ ctx=fc len=80
[tp] path_request dest=/60dcab5ef4e2a7fdd1154128a826c00b/ iface=/d86e8112f3c4c4442126f8e9f44f1686/
[tp] path_request dest=/b8bbfff472fe128873c9395a3ff8b353/ iface=/d86e8112f3c4c4442126f8e9f44f1686/
[tp] link_data dst=/4b8a15ad18c1eb99facf9d142b1a47fb/ ctx=06 len=96
[tp] link_data dst=/4b8a15ad18c1eb99facf9d142b1a47fb/ ctx=fc len=80
[tp] path_request dest=/41ad15a66352bf5201501fc1793aa70c/ iface=/d86e8112f3c4c4442126f8e9f44f1686/
[tp] path_request dest=/995cc3851347f138f51af73d182d5e1d/ iface=/d86e8112f3c4c4442126f8e9f44f1686/
[tp] path_request dest=/a3dfea289534e4b2d0f5730310eebd99/ iface=/d86e8112f3c4c4442126f8e9f44f1686/
[tp] link_data dst=/abd065b3461ace453320bc044a3a45b6/ ctx=08 len=32
[tp] link_request dst=/6dee4caf17f87a1051504791002c8786/ ctx=00 hops=3
[tp] link_proof_tx dst=/6dee4caf17f87a1051504791002c8786/ link_id=/d50bc7addba528f43b1dbecc47d582ff/
[tp] link_data dst=/d50bc7addba528f43b1dbecc47d582ff/ ctx=fe len=64
[tp] link_data dst=/d50bc7addba528f43b1dbecc47d582ff/ ctx=fb len=192
[link] data_plain len=128 preview=b1d08b2315cf53c1efdf0a60cadf0ab72f82a691adf040c6b9990f393fcaaf53
[tp] link_data dst=/2cd37be5e223a5e02f68874aa3567b37/ ctx=fa len=1
[tp] link_data dst=/c97c2d4a813f98d63c2d77684d21ca1e/ ctx=06 len=96
[tp] link_data dst=/c97c2d4a813f98d63c2d77684d21ca1e/ ctx=fc len=80
[tp] link_data dst=/2cd37be5e223a5e02f68874aa3567b37/ ctx=fc len=80
[tp] path_request dest=/12cb1ed29943213839f0b0d18cd42761/ iface=/d86e8112f3c4c4442126f8e9f44f1686/
[tp] path_request dest=/41ad15a66352bf5201501fc1793aa70c/ iface=/d86e8112f3c4c4442126f8e9f44f1686/
[tp] link_data dst=/d50bc7addba528f43b1dbecc47d582ff/ ctx=08 len=32
[tp] link_request dst=/6dee4caf17f87a1051504791002c8786/ ctx=00 hops=2
[tp] link_proof_tx dst=/6dee4caf17f87a1051504791002c8786/ link_id=/7d0c49b39f206378ff7326ac1445081b/
[tp] link_data dst=/7d0c49b39f206378ff7326ac1445081b/ ctx=fe len=64
[tp] link_data dst=/7d0c49b39f206378ff7326ac1445081b/ ctx=fb len=192
[link] data_plain len=128 preview=3f8f84ffe6b68f168b03338be78519e42a3a446c0c19c2c6dfaaf906eba7f61d
[tp] link_request dst=/6dee4caf17f87a1051504791002c8786/ ctx=00 hops=1
[tp] link_proof_tx dst=/6dee4caf17f87a1051504791002c8786/ link_id=/85859477c3b953e99194d9af0f897a8b/
[tp] link_data dst=/85859477c3b953e99194d9af0f897a8b/ ctx=fe len=64
[tp] link_data dst=/85859477c3b953e99194d9af0f897a8b/ ctx=fb len=192
[link] data_plain len=128 preview=93abe5bd821eef8a15e92ad1c4e0cc1828ed446f4396a42041dbaf908b558d64
[tp] path_request dest=/e233d8d7e9c5f61419d45138ef0d90ff/ iface=/d86e8112f3c4c4442126f8e9f44f1686/
[tp] link_data dst=/d76a22d00fed28d5ca9615b630ff9bfc/ ctx=fa len=1
[tp] link_data dst=/abd065b3461ace453320bc044a3a45b6/ ctx=06 len=96
[tp] link_data dst=/abd065b3461ace453320bc044a3a45b6/ ctx=fc len=80
[tp] link_data dst=/7d0c49b39f206378ff7326ac1445081b/ ctx=08 len=32
[tp] link_request dst=/6dee4caf17f87a1051504791002c8786/ ctx=00 hops=1
[tp] link_proof_tx dst=/6dee4caf17f87a1051504791002c8786/ link_id=/b77387a19b54382e34eaf1c0ca4d66d3/
[tp] link_data dst=/b77387a19b54382e34eaf1c0ca4d66d3/ ctx=fe len=64
[tp] link_data dst=/b77387a19b54382e34eaf1c0ca4d66d3/ ctx=fb len=192
[link] data_plain len=128 preview=dd1bc4ae45e403dc14c7c92392d200fefd4ae02bc95151eab27660615712ca5a
[tp] link_data dst=/85859477c3b953e99194d9af0f897a8b/ ctx=08 len=32
[tp] path_request dest=/b8bbfff472fe128873c9395a3ff8b353/ iface=/d86e8112f3c4c4442126f8e9f44f1686/
[tp] path_request dest=/04b15fcd28ec8ed7fab945cc9d082dd3/ iface=/d86e8112f3c4c4442126f8e9f44f1686/
[tp] link_data dst=/c11a4e043495684499a45a0c0a0801b8/ ctx=fa len=1
[tp] link_data dst=/5ee9b7c9601bacac49aae8c16a75cc8a/ ctx=fa len=1
[tp] link_request dst=/6dee4caf17f87a1051504791002c8786/ ctx=00 hops=1
[tp] link_proof_tx dst=/6dee4caf17f87a1051504791002c8786/ link_id=/86b6c376e83e0f02c3b20a839afe0bdb/
[tp] link_data dst=/86b6c376e83e0f02c3b20a839afe0bdb/ ctx=fe len=64
[tp] link_data dst=/86b6c376e83e0f02c3b20a839afe0bdb/ ctx=fb len=192
[link] data_plain len=128 preview=69d501e6cc31a4301060838e059a83ad1222dee5383b88a2a87c3d837c447343
[tp] link_data dst=/d50bc7addba528f43b1dbecc47d582ff/ ctx=06 len=96
[tp] link_data dst=/d50bc7addba528f43b1dbecc47d582ff/ ctx=fc len=80
[tp] path_request dest=/995cc3851347f138f51af73d182d5e1d/ iface=/d86e8112f3c4c4442126f8e9f44f1686/
[tp] path_request dest=/58681bf71893d092811b7b97b6f767cf/ iface=/d86e8112f3c4c4442126f8e9f44f1686/
[tp] path_request dest=/12cb1ed29943213839f0b0d18cd42761/ iface=/d86e8112f3c4c4442126f8e9f44f1686/
[tp] path_request dest=/a3dfea289534e4b2d0f5730310eebd99/ iface=/d86e8112f3c4c4442126f8e9f44f1686/
[tp] link_data dst=/d76a22d00fed28d5ca9615b630ff9bfc/ ctx=06 len=96
[tp] link_data dst=/d76a22d00fed28d5ca9615b630ff9bfc/ ctx=fc len=80
[tp] link_data dst=/86b6c376e83e0f02c3b20a839afe0bdb/ ctx=08 len=32
[tp] link_data dst=/7d0c49b39f206378ff7326ac1445081b/ ctx=06 len=96
[tp] link_data dst=/7d0c49b39f206378ff7326ac1445081b/ ctx=fc len=80
[tp] link_data dst=/85859477c3b953e99194d9af0f897a8b/ ctx=06 len=96
[tp] link_data dst=/85859477c3b953e99194d9af0f897a8b/ ctx=fc len=80
[tp] link_request dst=/6dee4caf17f87a1051504791002c8786/ ctx=00 hops=3
[tp] link_proof_tx dst=/6dee4caf17f87a1051504791002c8786/ link_id=/771670b17f4d25d1891ccac2b311d30e/
[tp] link_data dst=/771670b17f4d25d1891ccac2b311d30e/ ctx=fe len=64
[tp] link_data dst=/771670b17f4d25d1891ccac2b311d30e/ ctx=fb len=192
[link] data_plain len=128 preview=b1d08b2315cf53c1efdf0a60cadf0ab72f82a691adf040c6b9990f393fcaaf53
[tp] path_request dest=/177ab81a7ff8259290bd886b64360ead/ iface=/d86e8112f3c4c4442126f8e9f44f1686/
[tp] link_data dst=/b77387a19b54382e34eaf1c0ca4d66d3/ ctx=fa len=1
[tp] path_request dest=/f8de3e21f2b92e8eb4bb505f1e1381c4/ iface=/d86e8112f3c4c4442126f8e9f44f1686/
[tp] path_request dest=/4762234229b7e0b83c68b857bdf245c3/ iface=/d86e8112f3c4c4442126f8e9f44f1686/
[tp] link_request dst=/6dee4caf17f87a1051504791002c8786/ ctx=00 hops=2
[tp] link_proof_tx dst=/6dee4caf17f87a1051504791002c8786/ link_id=/7c599dd5c04b0b6b0a3ad6484e6b9c1f/
[tp] link_data dst=/7c599dd5c04b0b6b0a3ad6484e6b9c1f/ ctx=fe len=64
[tp] link_data dst=/7c599dd5c04b0b6b0a3ad6484e6b9c1f/ ctx=fb len=192
[link] data_plain len=128 preview=3f8f84ffe6b68f168b03338be78519e42a3a446c0c19c2c6dfaaf906eba7f61d
[tp] link_data dst=/771670b17f4d25d1891ccac2b311d30e/ ctx=08 len=32
[tp] path_request dest=/b8bbfff472fe128873c9395a3ff8b353/ iface=/d86e8112f3c4c4442126f8e9f44f1686/
[tp] link_data dst=/86b6c376e83e0f02c3b20a839afe0bdb/ ctx=06 len=96
[tp] link_data dst=/86b6c376e83e0f02c3b20a839afe0bdb/ ctx=fc len=80
[tp] link_request dst=/6dee4caf17f87a1051504791002c8786/ ctx=00 hops=1
[tp] link_proof_tx dst=/6dee4caf17f87a1051504791002c8786/ link_id=/b67dae208f589d926d944dcf23242334/
[tp] link_data dst=/b67dae208f589d926d944dcf23242334/ ctx=fe len=64
[tp] link_data dst=/b67dae208f589d926d944dcf23242334/ ctx=fb len=192
[link] data_plain len=128 preview=93abe5bd821eef8a15e92ad1c4e0cc1828ed446f4396a42041dbaf908b558d64
[tp] path_request dest=/12cb1ed29943213839f0b0d18cd42761/ iface=/d86e8112f3c4c4442126f8e9f44f1686/
[tp] link_request dst=/6dee4caf17f87a1051504791002c8786/ ctx=00 hops=3
[tp] link_proof_tx dst=/6dee4caf17f87a1051504791002c8786/ link_id=/8d5ef0c641ec26b35cbcc9c5ce4e15be/
[tp] link_data dst=/8d5ef0c641ec26b35cbcc9c5ce4e15be/ ctx=fe len=64
[tp] link_data dst=/8d5ef0c641ec26b35cbcc9c5ce4e15be/ ctx=fb len=192
[link] data_plain len=128 preview=cbd4a6d311ba97b671bd75d501e048cad1f23eba47622f0bde8eed57b0d56814
[tp] path_request dest=/e233d8d7e9c5f61419d45138ef0d90ff/ iface=/d86e8112f3c4c4442126f8e9f44f1686/
[tp] link_data dst=/c11a4e043495684499a45a0c0a0801b8/ ctx=fa len=1
[tp] link_data dst=/7c599dd5c04b0b6b0a3ad6484e6b9c1f/ ctx=08 len=32
[tp] link_request dst=/6dee4caf17f87a1051504791002c8786/ ctx=00 hops=1
[tp] link_proof_tx dst=/6dee4caf17f87a1051504791002c8786/ link_id=/f5c7480fbfc1a9f29819e73417983153/
[tp] link_data dst=/f5c7480fbfc1a9f29819e73417983153/ ctx=fe len=64
[tp] link_data dst=/f5c7480fbfc1a9f29819e73417983153/ ctx=fb len=192
[link] data_plain len=128 preview=69d501e6cc31a4301060838e059a83ad1222dee5383b88a2a87c3d837c447343
[tp] link_data dst=/5ee9b7c9601bacac49aae8c16a75cc8a/ ctx=fa len=1
[tp] link_data dst=/c11a4e043495684499a45a0c0a0801b8/ ctx=fc len=80
[tp] link_data dst=/b67dae208f589d926d944dcf23242334/ ctx=08 len=32
[tp] link_request dst=/6dee4caf17f87a1051504791002c8786/ ctx=00 hops=2
[tp] link_proof_tx dst=/6dee4caf17f87a1051504791002c8786/ link_id=/f8ccfe3741f10c85ea6dccf6cb71d640/
[tp] link_data dst=/f8ccfe3741f10c85ea6dccf6cb71d640/ ctx=fe len=64
[tp] link_data dst=/f8ccfe3741f10c85ea6dccf6cb71d640/ ctx=fb len=192
[link] data_plain len=128 preview=35e65fe12a80ee3d00278ef932383927bd791670aa6a7f7a029c1a472045933f
[tp] link_data dst=/5ee9b7c9601bacac49aae8c16a75cc8a/ ctx=fc len=80
[tp] link_data dst=/8d5ef0c641ec26b35cbcc9c5ce4e15be/ ctx=08 len=32
[tp] link_data dst=/771670b17f4d25d1891ccac2b311d30e/ ctx=06 len=96
[tp] link_data dst=/771670b17f4d25d1891ccac2b311d30e/ ctx=fc len=80
[tp] path_request dest=/995cc3851347f138f51af73d182d5e1d/ iface=/d86e8112f3c4c4442126f8e9f44f1686/
[tp] path_request dest=/a3dfea289534e4b2d0f5730310eebd99/ iface=/d86e8112f3c4c4442126f8e9f44f1686/
[tp] path_request dest=/b18bb3d4ac56c99c5ee4791d79496ca2/ iface=/d86e8112f3c4c4442126f8e9f44f1686/
[tp] path_request dest=/b8bbfff472fe128873c9395a3ff8b353/ iface=/d86e8112f3c4c4442126f8e9f44f1686/
[tp] link_data dst=/f5c7480fbfc1a9f29819e73417983153/ ctx=08 len=32
[tp] link_data dst=/b77387a19b54382e34eaf1c0ca4d66d3/ ctx=fa len=1
[tp] link_request dst=/6dee4caf17f87a1051504791002c8786/ ctx=00 hops=3
[tp] link_proof_tx dst=/6dee4caf17f87a1051504791002c8786/ link_id=/84b8b90f8250ce507e8e102e786dfe0a/
[tp] link_data dst=/84b8b90f8250ce507e8e102e786dfe0a/ ctx=fe len=64
[tp] link_data dst=/84b8b90f8250ce507e8e102e786dfe0a/ ctx=fb len=192
[link] data_plain len=128 preview=99ca60eb910ff9ef7ab800fefc510094944f555d40217547f1b60bfe54d10a28
[tp] link_request dst=/6dee4caf17f87a1051504791002c8786/ ctx=00 hops=3
[tp] link_proof_tx dst=/6dee4caf17f87a1051504791002c8786/ link_id=/b8a8dda181c1f624f66b9c8cd1e50fec/
[tp] link_data dst=/b8a8dda181c1f624f66b9c8cd1e50fec/ ctx=fe len=64
[tp] link_data dst=/b8a8dda181c1f624f66b9c8cd1e50fec/ ctx=fb len=192
[link] data_plain len=128 preview=4913e1db3253c4f39555ffdfe8435b1baf2b5b7dfdbb6065f8ca81371cbd5b17
[tp] link_data dst=/b77387a19b54382e34eaf1c0ca4d66d3/ ctx=fc len=80
[tp] link_data dst=/7c599dd5c04b0b6b0a3ad6484e6b9c1f/ ctx=06 len=96
[tp] link_data dst=/7c599dd5c04b0b6b0a3ad6484e6b9c1f/ ctx=fc len=80
[tp] path_request dest=/12cb1ed29943213839f0b0d18cd42761/ iface=/d86e8112f3c4c4442126f8e9f44f1686/
[tp] path_request dest=/04b15fcd28ec8ed7fab945cc9d082dd3/ iface=/d86e8112f3c4c4442126f8e9f44f1686/
[tp] path_request dest=/177ab81a7ff8259290bd886b64360ead/ iface=/d86e8112f3c4c4442126f8e9f44f1686/
[tp] link_data dst=/b67dae208f589d926d944dcf23242334/ ctx=06 len=96
[tp] link_data dst=/b67dae208f589d926d944dcf23242334/ ctx=fc len=80
[tp] path_request dest=/b8bbfff472fe128873c9395a3ff8b353/ iface=/d86e8112f3c4c4442126f8e9f44f1686/
[tp] link_data dst=/8d5ef0c641ec26b35cbcc9c5ce4e15be/ ctx=06 len=96
[tp] link_data dst=/8d5ef0c641ec26b35cbcc9c5ce4e15be/ ctx=fc len=80
[tp] link_data dst=/f5c7480fbfc1a9f29819e73417983153/ ctx=06 len=96
[tp] link_data dst=/f5c7480fbfc1a9f29819e73417983153/ ctx=fc len=80
[tp] path_request dest=/58681bf71893d092811b7b97b6f767cf/ iface=/d86e8112f3c4c4442126f8e9f44f1686/
[tp] link_data dst=/6c74098df985219a50afc6a36f6cbc58/ ctx=fa len=1
[tp] link_data dst=/6c74098df985219a50afc6a36f6cbc58/ ctx=fc len=80
[tp] path_request dest=/12cb1ed29943213839f0b0d18cd42761/ iface=/d86e8112f3c4c4442126f8e9f44f1686/
[tp] link_request dst=/6dee4caf17f87a1051504791002c8786/ ctx=00 hops=3
[tp] link_proof_tx dst=/6dee4caf17f87a1051504791002c8786/ link_id=/dd47918000780ca9df84afb6ac00f413/
[tp] link_request dst=/6dee4caf17f87a1051504791002c8786/ ctx=00 hops=2
[tp] link_proof_tx dst=/6dee4caf17f87a1051504791002c8786/ link_id=/9e0b764855ee5110cbbf2ec013ddc2c2/
[tp] path_request dest=/faa83a33fbb5c06f176407799896173a/ iface=/d86e8112f3c4c4442126f8e9f44f1686/
[tp] link_data dst=/dd47918000780ca9df84afb6ac00f413/ ctx=fe len=64
[tp] link_data dst=/dd47918000780ca9df84afb6ac00f413/ ctx=fb len=192
[link] data_plain len=128 preview=037a7857dfd539123ae67b4b07ff332d2bc3c151d0c8db5361e9cbbcf8519300
[tp] link_data dst=/9e0b764855ee5110cbbf2ec013ddc2c2/ ctx=fe len=64
[tp] link_data dst=/9e0b764855ee5110cbbf2ec013ddc2c2/ ctx=fb len=192
[link] data_plain len=128 preview=3f8f84ffe6b68f168b03338be78519e42a3a446c0c19c2c6dfaaf906eba7f61d
[tp] link_request dst=/6dee4caf17f87a1051504791002c8786/ ctx=00 hops=1
[tp] link_proof_tx dst=/6dee4caf17f87a1051504791002c8786/ link_id=/de07528ad2d647c40b49969427216ac3/
[tp] link_data dst=/de07528ad2d647c40b49969427216ac3/ ctx=fe len=64
[tp] link_data dst=/de07528ad2d647c40b49969427216ac3/ ctx=fb len=192
[link] data_plain len=128 preview=dd1bc4ae45e403dc14c7c92392d200fefd4ae02bc95151eab27660615712ca5a
[tp] path_request dest=/a3dfea289534e4b2d0f5730310eebd99/ iface=/d86e8112f3c4c4442126f8e9f44f1686/
[tp] link_data dst=/f8ccfe3741f10c85ea6dccf6cb71d640/ ctx=fa len=1
[tp] path_request dest=/b8bbfff472fe128873c9395a3ff8b353/ iface=/d86e8112f3c4c4442126f8e9f44f1686/
[tp] link_data dst=/b8a8dda181c1f624f66b9c8cd1e50fec/ ctx=fa len=1
[tp] path_request dest=/4762234229b7e0b83c68b857bdf245c3/ iface=/d86e8112f3c4c4442126f8e9f44f1686/
[tp] path_request dest=/58681bf71893d092811b7b97b6f767cf/ iface=/d86e8112f3c4c4442126f8e9f44f1686/
[tp] link_data dst=/9e0b764855ee5110cbbf2ec013ddc2c2/ ctx=08 len=32
[tp] link_data dst=/dd47918000780ca9df84afb6ac00f413/ ctx=08 len=32
[tp] path_request dest=/995cc3851347f138f51af73d182d5e1d/ iface=/d86e8112f3c4c4442126f8e9f44f1686/
[tp] path_request dest=/0afd2d4541ff8c768f8015a3c76971be/ iface=/d86e8112f3c4c4442126f8e9f44f1686/
[tp] link_request dst=/6dee4caf17f87a1051504791002c8786/ ctx=00 hops=1
[tp] link_proof_tx dst=/6dee4caf17f87a1051504791002c8786/ link_id=/3d569f9fcc8fc5ba286cad0cb1db76b5/
[tp] link_data dst=/3d569f9fcc8fc5ba286cad0cb1db76b5/ ctx=fe len=64
[tp] link_data dst=/3d569f9fcc8fc5ba286cad0cb1db76b5/ ctx=fb len=192
[link] data_plain len=128 preview=69d501e6cc31a4301060838e059a83ad1222dee5383b88a2a87c3d837c447343
[tp] link_request dst=/6dee4caf17f87a1051504791002c8786/ ctx=00 hops=2
[tp] link_proof_tx dst=/6dee4caf17f87a1051504791002c8786/ link_id=/f35a7f77372a5f950b1d686d7334f32a/
[tp] link_data dst=/f35a7f77372a5f950b1d686d7334f32a/ ctx=fe len=64
[tp] link_data dst=/f35a7f77372a5f950b1d686d7334f32a/ ctx=fb len=192
[link] data_plain len=128 preview=c757c88946ae81f0974a33437ab209bac39469edc778f04bc7c155cdb8ea1441
[tp] link_data dst=/f8ccfe3741f10c85ea6dccf6cb71d640/ ctx=06 len=96
[tp] link_data dst=/f8ccfe3741f10c85ea6dccf6cb71d640/ ctx=fc len=80
[tp] path_request dest=/12cb1ed29943213839f0b0d18cd42761/ iface=/d86e8112f3c4c4442126f8e9f44f1686/
[tp] path_request dest=/04b15fcd28ec8ed7fab945cc9d082dd3/ iface=/d86e8112f3c4c4442126f8e9f44f1686/
[tp] link_data dst=/84b8b90f8250ce507e8e102e786dfe0a/ ctx=fa len=1
[tp] link_request dst=/6dee4caf17f87a1051504791002c8786/ ctx=00 hops=2
[tp] link_proof_tx dst=/6dee4caf17f87a1051504791002c8786/ link_id=/66cead336a205aa415a222b85acec8f7/
[tp] link_data dst=/66cead336a205aa415a222b85acec8f7/ ctx=fe len=64
[tp] link_data dst=/66cead336a205aa415a222b85acec8f7/ ctx=fb len=192
[link] data_plain len=128 preview=35e65fe12a80ee3d00278ef932383927bd791670aa6a7f7a029c1a472045933f
[tp] link_data dst=/9e0b764855ee5110cbbf2ec013ddc2c2/ ctx=06 len=96
[tp] link_data dst=/9e0b764855ee5110cbbf2ec013ddc2c2/ ctx=fc len=80
[tp] path_request dest=/e233d8d7e9c5f61419d45138ef0d90ff/ iface=/d86e8112f3c4c4442126f8e9f44f1686/
[tp] link_data dst=/de07528ad2d647c40b49969427216ac3/ ctx=fa len=1
[tp] link_data dst=/dd47918000780ca9df84afb6ac00f413/ ctx=06 len=96
[tp] link_data dst=/dd47918000780ca9df84afb6ac00f413/ ctx=fc len=80
[tp] link_data dst=/3d569f9fcc8fc5ba286cad0cb1db76b5/ ctx=08 len=32
[tp] path_request dest=/6920c6a5f96abc13df3383dbdcc5e305/ iface=/d86e8112f3c4c4442126f8e9f44f1686/
[tp] link_data dst=/f35a7f77372a5f950b1d686d7334f32a/ ctx=08 len=32
[tp] path_request dest=/053db2ffc4105a601f6ac5f23cc356d6/ iface=/d86e8112f3c4c4442126f8e9f44f1686/
[tp] path_request dest=/2a2c53858ac1ef449ff10c402a5e512c/ iface=/d86e8112f3c4c4442126f8e9f44f1686/
[tp] path_request dest=/b8bbfff472fe128873c9395a3ff8b353/ iface=/d86e8112f3c4c4442126f8e9f44f1686/
[tp] path_request dest=/965511769c059271e655c503e810a670/ iface=/d86e8112f3c4c4442126f8e9f44f1686/
[tp] path_request dest=/f8de3e21f2b92e8eb4bb505f1e1381c4/ iface=/d86e8112f3c4c4442126f8e9f44f1686/
[tp] path_request dest=/995cc3851347f138f51af73d182d5e1d/ iface=/d86e8112f3c4c4442126f8e9f44f1686/
[tp] path_request dest=/a3dfea289534e4b2d0f5730310eebd99/ iface=/d86e8112f3c4c4442126f8e9f44f1686/
[tp] path_request dest=/12cb1ed29943213839f0b0d18cd42761/ iface=/d86e8112f3c4c4442126f8e9f44f1686/
[tp] path_request dest=/0afd2d4541ff8c768f8015a3c76971be/ iface=/d86e8112f3c4c4442126f8e9f44f1686/
[tp] link_request dst=/6dee4caf17f87a1051504791002c8786/ ctx=00 hops=1
[tp] link_proof_tx dst=/6dee4caf17f87a1051504791002c8786/ link_id=/8b35935ac5153362519fcd72df9ffa5e/
[tp] link_data dst=/8b35935ac5153362519fcd72df9ffa5e/ ctx=fe len=64
[tp] link_data dst=/8b35935ac5153362519fcd72df9ffa5e/ ctx=fb len=192
[link] data_plain len=128 preview=93abe5bd821eef8a15e92ad1c4e0cc1828ed446f4396a42041dbaf908b558d64
[tp] path_request dest=/e792a1b9b43cc8b95d12ecd2d1d3e8b2/ iface=/d86e8112f3c4c4442126f8e9f44f1686/
[tp] link_data dst=/3d569f9fcc8fc5ba286cad0cb1db76b5/ ctx=06 len=96
[tp] link_data dst=/3d569f9fcc8fc5ba286cad0cb1db76b5/ ctx=fc len=80
[tp] link_data dst=/f35a7f77372a5f950b1d686d7334f32a/ ctx=06 len=96
[tp] link_data dst=/f35a7f77372a5f950b1d686d7334f32a/ ctx=fc len=80
[tp] link_data dst=/b8a8dda181c1f624f66b9c8cd1e50fec/ ctx=fa len=1
[tp] link_request dst=/6dee4caf17f87a1051504791002c8786/ ctx=00 hops=3
[tp] link_proof_tx dst=/6dee4caf17f87a1051504791002c8786/ link_id=/1b72c2ba80db9277b80b825470cf157b/
[tp] link_data dst=/1b72c2ba80db9277b80b825470cf157b/ ctx=fe len=64
[tp] link_data dst=/1b72c2ba80db9277b80b825470cf157b/ ctx=fb len=192
[link] data_plain len=128 preview=cbd4a6d311ba97b671bd75d501e048cad1f23eba47622f0bde8eed57b0d56814
[tp] link_data dst=/b8a8dda181c1f624f66b9c8cd1e50fec/ ctx=fc len=80
[tp] link_request dst=/6dee4caf17f87a1051504791002c8786/ ctx=00 hops=3
[tp] link_proof_tx dst=/6dee4caf17f87a1051504791002c8786/ link_id=/f008d5124ce859fc1d31cde1d31f0db6/
[tp] link_request dst=/6dee4caf17f87a1051504791002c8786/ ctx=00 hops=2
[tp] link_proof_tx dst=/6dee4caf17f87a1051504791002c8786/ link_id=/edaa82ea2850b1ec5d9aaff624d27815/
[tp] link_data dst=/f008d5124ce859fc1d31cde1d31f0db6/ ctx=fe len=64
[tp] link_data dst=/f008d5124ce859fc1d31cde1d31f0db6/ ctx=fb len=192
[link] data_plain len=128 preview=b1d08b2315cf53c1efdf0a60cadf0ab72f82a691adf040c6b9990f393fcaaf53
[tp] link_data dst=/edaa82ea2850b1ec5d9aaff624d27815/ ctx=fe len=64
[tp] link_data dst=/edaa82ea2850b1ec5d9aaff624d27815/ ctx=fb len=192
[link] data_plain len=128 preview=cc343d204fc536882689c77cbddfe144b3cf8abc90165e8a859ee48a492f4b0c
[tp] path_request dest=/04b15fcd28ec8ed7fab945cc9d082dd3/ iface=/d86e8112f3c4c4442126f8e9f44f1686/
[tp] link_data dst=/8b35935ac5153362519fcd72df9ffa5e/ ctx=08 len=32
[tp] path_request dest=/58681bf71893d092811b7b97b6f767cf/ iface=/d86e8112f3c4c4442126f8e9f44f1686/
[tp] link_request dst=/6dee4caf17f87a1051504791002c8786/ ctx=00 hops=1
[tp] link_proof_tx dst=/6dee4caf17f87a1051504791002c8786/ link_id=/e6a8b828ab163c17c86a05792426c628/
[tp] link_data dst=/e6a8b828ab163c17c86a05792426c628/ ctx=fe len=64
[tp] link_data dst=/e6a8b828ab163c17c86a05792426c628/ ctx=fb len=192
[link] data_plain len=128 preview=69d501e6cc31a4301060838e059a83ad1222dee5383b88a2a87c3d837c447343
[tp] link_request dst=/6dee4caf17f87a1051504791002c8786/ ctx=00 hops=4
[tp] link_proof_tx dst=/6dee4caf17f87a1051504791002c8786/ link_id=/f3f36eb17ada36df714dc0650de02190/
[tp] link_data dst=/de07528ad2d647c40b49969427216ac3/ ctx=fa len=1
[tp] link_data dst=/de07528ad2d647c40b49969427216ac3/ ctx=fc len=80
[tp] path_request dest=/e233d8d7e9c5f61419d45138ef0d90ff/ iface=/d86e8112f3c4c4442126f8e9f44f1686/
[tp] link_data dst=/1b72c2ba80db9277b80b825470cf157b/ ctx=08 len=32
[tp] link_data dst=/f008d5124ce859fc1d31cde1d31f0db6/ ctx=08 len=32
[tp] link_data dst=/e6a8b828ab163c17c86a05792426c628/ ctx=08 len=32
[tp] link_request dst=/6dee4caf17f87a1051504791002c8786/ ctx=00 hops=1
[tp] link_proof_tx dst=/6dee4caf17f87a1051504791002c8786/ link_id=/0e3c3fc2f27001c3431cf6066c7b562f/
[tp] link_data dst=/0e3c3fc2f27001c3431cf6066c7b562f/ ctx=fe len=64
[tp] link_data dst=/0e3c3fc2f27001c3431cf6066c7b562f/ ctx=fb len=192
[link] data_plain len=128 preview=dd1bc4ae45e403dc14c7c92392d200fefd4ae02bc95151eab27660615712ca5a
[tp] link_data dst=/66cead336a205aa415a222b85acec8f7/ ctx=fa len=1
[tp] path_request dest=/12cb1ed29943213839f0b0d18cd42761/ iface=/d86e8112f3c4c4442126f8e9f44f1686/
[tp] path_request dest=/a4e5e15ac43ec2903b4c88e0c7c1e19e/ iface=/d86e8112f3c4c4442126f8e9f44f1686/
[tp] link_request dst=/6dee4caf17f87a1051504791002c8786/ ctx=00 hops=2
[tp] link_proof_tx dst=/6dee4caf17f87a1051504791002c8786/ link_id=/606c74aad58c1b79f67618578062b828/
[tp] link_data dst=/606c74aad58c1b79f67618578062b828/ ctx=fe len=64
[tp] link_data dst=/606c74aad58c1b79f67618578062b828/ ctx=fb len=192
[link] data_plain len=128 preview=3f8f84ffe6b68f168b03338be78519e42a3a446c0c19c2c6dfaaf906eba7f61d
[tp] path_request dest=/b8bbfff472fe128873c9395a3ff8b353/ iface=/d86e8112f3c4c4442126f8e9f44f1686/
[tp] link_request dst=/6dee4caf17f87a1051504791002c8786/ ctx=00 hops=2
[tp] link_proof_tx dst=/6dee4caf17f87a1051504791002c8786/ link_id=/3960cca6cedcec3299c0a8316031d89d/
[tp] link_data dst=/3960cca6cedcec3299c0a8316031d89d/ ctx=fe len=64
[tp] link_data dst=/3960cca6cedcec3299c0a8316031d89d/ ctx=fb len=192
[link] data_plain len=128 preview=c757c88946ae81f0974a33437ab209bac39469edc778f04bc7c155cdb8ea1441
[tp] link_data dst=/8b35935ac5153362519fcd72df9ffa5e/ ctx=06 len=96
[tp] link_data dst=/8b35935ac5153362519fcd72df9ffa5e/ ctx=fc len=80
[tp] link_request dst=/6dee4caf17f87a1051504791002c8786/ ctx=00 hops=3
[tp] link_proof_tx dst=/6dee4caf17f87a1051504791002c8786/ link_id=/2f36860307dc33cc80e6a4c7bd4987fe/
[tp] link_data dst=/1b72c2ba80db9277b80b825470cf157b/ ctx=06 len=96
[tp] link_data dst=/1b72c2ba80db9277b80b825470cf157b/ ctx=fc len=80
[tp] link_data dst=/2f36860307dc33cc80e6a4c7bd4987fe/ ctx=fe len=64
[tp] link_data dst=/2f36860307dc33cc80e6a4c7bd4987fe/ ctx=fb len=192
[link] data_plain len=128 preview=037a7857dfd539123ae67b4b07ff332d2bc3c151d0c8db5361e9cbbcf8519300
[tp] link_data dst=/84b8b90f8250ce507e8e102e786dfe0a/ ctx=fa len=1
[tp] link_data dst=/606c74aad58c1b79f67618578062b828/ ctx=08 len=32
[tp] path_request dest=/995cc3851347f138f51af73d182d5e1d/ iface=/d86e8112f3c4c4442126f8e9f44f1686/
[tp] path_request dest=/a3dfea289534e4b2d0f5730310eebd99/ iface=/d86e8112f3c4c4442126f8e9f44f1686/
[tp] link_data dst=/3960cca6cedcec3299c0a8316031d89d/ ctx=08 len=32
[tp] link_data dst=/84b8b90f8250ce507e8e102e786dfe0a/ ctx=fc len=80
[tp] link_data dst=/e6a8b828ab163c17c86a05792426c628/ ctx=06 len=96
[tp] link_data dst=/e6a8b828ab163c17c86a05792426c628/ ctx=fc len=80
[tp] link_data dst=/f008d5124ce859fc1d31cde1d31f0db6/ ctx=06 len=96
[tp] link_data dst=/f008d5124ce859fc1d31cde1d31f0db6/ ctx=fc len=80
[tp] link_data dst=/edaa82ea2850b1ec5d9aaff624d27815/ ctx=fa len=1
[tp] link_request dst=/6dee4caf17f87a1051504791002c8786/ ctx=00 hops=3
[tp] link_proof_tx dst=/6dee4caf17f87a1051504791002c8786/ link_id=/a1e72a692e5113037fb5ebb08d9bdc24/
[tp] link_data dst=/a1e72a692e5113037fb5ebb08d9bdc24/ ctx=fe len=64
[tp] link_data dst=/a1e72a692e5113037fb5ebb08d9bdc24/ ctx=fb len=192
[link] data_plain len=128 preview=b1d08b2315cf53c1efdf0a60cadf0ab72f82a691adf040c6b9990f393fcaaf53
[tp] link_data dst=/66cead336a205aa415a222b85acec8f7/ ctx=06 len=96
[tp] link_data dst=/66cead336a205aa415a222b85acec8f7/ ctx=fc len=80
[tp] link_data dst=/2f36860307dc33cc80e6a4c7bd4987fe/ ctx=08 len=32
[tp] path_request dest=/e233d8d7e9c5f61419d45138ef0d90ff/ iface=/d86e8112f3c4c4442126f8e9f44f1686/
[tp] link_request dst=/6dee4caf17f87a1051504791002c8786/ ctx=00 hops=1
[tp] link_proof_tx dst=/6dee4caf17f87a1051504791002c8786/ link_id=/01c605c36d3fccabf2b03fc8f6e3c21b/
[tp] link_data dst=/01c605c36d3fccabf2b03fc8f6e3c21b/ ctx=fe len=64
[tp] link_data dst=/01c605c36d3fccabf2b03fc8f6e3c21b/ ctx=fb len=192
[link] data_plain len=128 preview=69d501e6cc31a4301060838e059a83ad1222dee5383b88a2a87c3d837c447343
[tp] path_request dest=/12cb1ed29943213839f0b0d18cd42761/ iface=/d86e8112f3c4c4442126f8e9f44f1686/
[tp] link_data dst=/0e3c3fc2f27001c3431cf6066c7b562f/ ctx=fa len=1
[tp] link_data dst=/a1e72a692e5113037fb5ebb08d9bdc24/ ctx=08 len=32
[tp] link_data dst=/606c74aad58c1b79f67618578062b828/ ctx=06 len=96
[tp] link_data dst=/606c74aad58c1b79f67618578062b828/ ctx=fc len=80
[tp] link_data dst=/3960cca6cedcec3299c0a8316031d89d/ ctx=06 len=96
[tp] link_data dst=/3960cca6cedcec3299c0a8316031d89d/ ctx=fc len=80
[tp] link_request dst=/6dee4caf17f87a1051504791002c8786/ ctx=00 hops=2
[tp] link_proof_tx dst=/6dee4caf17f87a1051504791002c8786/ link_id=/f74855724b4f04f5f51b25dc65db4970/
[tp] path_request dest=/b8bbfff472fe128873c9395a3ff8b353/ iface=/d86e8112f3c4c4442126f8e9f44f1686/
[tp] link_request dst=/6dee4caf17f87a1051504791002c8786/ ctx=00 hops=3
[tp] link_proof_tx dst=/6dee4caf17f87a1051504791002c8786/ link_id=/b2b6f881457e8c214567fc21a76ad7d7/
[tp] link_data dst=/f74855724b4f04f5f51b25dc65db4970/ ctx=fe len=64
[tp] link_data dst=/f74855724b4f04f5f51b25dc65db4970/ ctx=fb len=192
[link] data_plain len=128 preview=35e65fe12a80ee3d00278ef932383927bd791670aa6a7f7a029c1a472045933f
[tp] link_data dst=/b2b6f881457e8c214567fc21a76ad7d7/ ctx=fe len=64
[tp] link_data dst=/b2b6f881457e8c214567fc21a76ad7d7/ ctx=fb len=192
[link] data_plain len=128 preview=cbd4a6d311ba97b671bd75d501e048cad1f23eba47622f0bde8eed57b0d56814
[tp] link_data dst=/01c605c36d3fccabf2b03fc8f6e3c21b/ ctx=08 len=32
[tp] link_data dst=/2f36860307dc33cc80e6a4c7bd4987fe/ ctx=06 len=96
[tp] link_data dst=/2f36860307dc33cc80e6a4c7bd4987fe/ ctx=fc len=80
[tp] link_request dst=/6dee4caf17f87a1051504791002c8786/ ctx=00 hops=3
[tp] link_proof_tx dst=/6dee4caf17f87a1051504791002c8786/ link_id=/4a393cba191859eb3d314fcdf31376e5/
[tp] link_data dst=/4a393cba191859eb3d314fcdf31376e5/ ctx=fe len=64
[tp] link_data dst=/4a393cba191859eb3d314fcdf31376e5/ ctx=fb len=192
[link] data_plain len=128 preview=4913e1db3253c4f39555ffdfe8435b1baf2b5b7dfdbb6065f8ca81371cbd5b17
[tp] link_request dst=/6dee4caf17f87a1051504791002c8786/ ctx=00 hops=2
[tp] link_proof_tx dst=/6dee4caf17f87a1051504791002c8786/ link_id=/9679486894303c1e75b407fd2a5b29b1/
[tp] link_data dst=/9679486894303c1e75b407fd2a5b29b1/ ctx=fe len=64
[tp] link_data dst=/9679486894303c1e75b407fd2a5b29b1/ ctx=fb len=192
[link] data_plain len=128 preview=c757c88946ae81f0974a33437ab209bac39469edc778f04bc7c155cdb8ea1441
[tp] link_data dst=/b2b6f881457e8c214567fc21a76ad7d7/ ctx=08 len=32
[tp] link_data dst=/a1e72a692e5113037fb5ebb08d9bdc24/ ctx=06 len=96
[tp] link_data dst=/a1e72a692e5113037fb5ebb08d9bdc24/ ctx=fc len=80
[tp] link_data dst=/edaa82ea2850b1ec5d9aaff624d27815/ ctx=fa len=1
[tp] path_request dest=/4762234229b7e0b83c68b857bdf245c3/ iface=/d86e8112f3c4c4442126f8e9f44f1686/
[tp] link_data dst=/edaa82ea2850b1ec5d9aaff624d27815/ ctx=fc len=80
[tp] path_request dest=/12cb1ed29943213839f0b0d18cd42761/ iface=/d86e8112f3c4c4442126f8e9f44f1686/
[tp] link_data dst=/4a393cba191859eb3d314fcdf31376e5/ ctx=08 len=32
[tp] path_request dest=/995cc3851347f138f51af73d182d5e1d/ iface=/d86e8112f3c4c4442126f8e9f44f1686/
[tp] path_request dest=/a3dfea289534e4b2d0f5730310eebd99/ iface=/d86e8112f3c4c4442126f8e9f44f1686/
[tp] link_data dst=/01c605c36d3fccabf2b03fc8f6e3c21b/ ctx=06 len=96
[tp] link_data dst=/01c605c36d3fccabf2b03fc8f6e3c21b/ ctx=fc len=80
[tp] link_data dst=/9679486894303c1e75b407fd2a5b29b1/ ctx=08 len=32
[tp] path_request dest=/a15f32cc809931cb4fcdf27adbe05aa6/ iface=/d86e8112f3c4c4442126f8e9f44f1686/
[tp] link_data dst=/0e3c3fc2f27001c3431cf6066c7b562f/ ctx=fa len=1
[tp] link_data dst=/b2b6f881457e8c214567fc21a76ad7d7/ ctx=06 len=96
[tp] link_data dst=/b2b6f881457e8c214567fc21a76ad7d7/ ctx=fc len=80
[tp] link_data dst=/0e3c3fc2f27001c3431cf6066c7b562f/ ctx=fc len=80
[tp] link_request dst=/6dee4caf17f87a1051504791002c8786/ ctx=00 hops=2
[tp] link_proof_tx dst=/6dee4caf17f87a1051504791002c8786/ link_id=/e59890c32918783078a30fb39b450811/
[tp] link_data dst=/e59890c32918783078a30fb39b450811/ ctx=fe len=64
[tp] link_data dst=/e59890c32918783078a30fb39b450811/ ctx=fb len=192
[link] data_plain len=128 preview=3f8f84ffe6b68f168b03338be78519e42a3a446c0c19c2c6dfaaf906eba7f61d
[tp] link_request dst=/6dee4caf17f87a1051504791002c8786/ ctx=00 hops=3
[tp] link_proof_tx dst=/6dee4caf17f87a1051504791002c8786/ link_id=/e3b92deef10215ee376fb4ac94451e2b/
[tp] link_data dst=/e3b92deef10215ee376fb4ac94451e2b/ ctx=fe len=64
[tp] link_data dst=/e3b92deef10215ee376fb4ac94451e2b/ ctx=fb len=192
[link] data_plain len=128 preview=037a7857dfd539123ae67b4b07ff332d2bc3c151d0c8db5361e9cbbcf8519300
[tp] path_request dest=/b8bbfff472fe128873c9395a3ff8b353/ iface=/d86e8112f3c4c4442126f8e9f44f1686/
[tp] path_request dest=/a4e5e15ac43ec2903b4c88e0c7c1e19e/ iface=/d86e8112f3c4c4442126f8e9f44f1686/
[tp] path_request dest=/46abc73a40e2eef3efde881eaabe677a/ iface=/d86e8112f3c4c4442126f8e9f44f1686/
[tp] path_request dest=/b18bb3d4ac56c99c5ee4791d79496ca2/ iface=/d86e8112f3c4c4442126f8e9f44f1686/
[tp] link_data dst=/4a393cba191859eb3d314fcdf31376e5/ ctx=06 len=96
[tp] link_data dst=/4a393cba191859eb3d314fcdf31376e5/ ctx=fc len=80
[tp] link_data dst=/9679486894303c1e75b407fd2a5b29b1/ ctx=06 len=96
[tp] link_data dst=/9679486894303c1e75b407fd2a5b29b1/ ctx=fc len=80
[tp] link_data dst=/f74855724b4f04f5f51b25dc65db4970/ ctx=fa len=1
[tp] link_data dst=/e59890c32918783078a30fb39b450811/ ctx=08 len=32
[tp] link_data dst=/e3b92deef10215ee376fb4ac94451e2b/ ctx=08 len=32
[tp] link_request dst=/6dee4caf17f87a1051504791002c8786/ ctx=00 hops=1
[tp] link_proof_tx dst=/6dee4caf17f87a1051504791002c8786/ link_id=/0a8cfcc0e24318c470f0fd17bb7902d2/
[tp] link_data dst=/0a8cfcc0e24318c470f0fd17bb7902d2/ ctx=fe len=64
[tp] link_data dst=/0a8cfcc0e24318c470f0fd17bb7902d2/ ctx=fb len=192
[link] data_plain len=128 preview=dd1bc4ae45e403dc14c7c92392d200fefd4ae02bc95151eab27660615712ca5a
[tp] path_request dest=/12cb1ed29943213839f0b0d18cd42761/ iface=/d86e8112f3c4c4442126f8e9f44f1686/
[tp] path_request dest=/2a2c53858ac1ef449ff10c402a5e512c/ iface=/d86e8112f3c4c4442126f8e9f44f1686/
[tp] link_request dst=/6dee4caf17f87a1051504791002c8786/ ctx=00 hops=2
[tp] link_proof_tx dst=/6dee4caf17f87a1051504791002c8786/ link_id=/9ae420641c2ba7e1d679b2d8a0a413df/
[tp] link_data dst=/9ae420641c2ba7e1d679b2d8a0a413df/ ctx=fe len=64
[tp] link_data dst=/9ae420641c2ba7e1d679b2d8a0a413df/ ctx=fb len=192
[link] data_plain len=128 preview=c757c88946ae81f0974a33437ab209bac39469edc778f04bc7c155cdb8ea1441
[tp] path_request dest=/e233d8d7e9c5f61419d45138ef0d90ff/ iface=/d86e8112f3c4c4442126f8e9f44f1686/
[tp] path_request dest=/a15f32cc809931cb4fcdf27adbe05aa6/ iface=/d86e8112f3c4c4442126f8e9f44f1686/
[tp] link_data dst=/e59890c32918783078a30fb39b450811/ ctx=06 len=96
[tp] link_data dst=/e59890c32918783078a30fb39b450811/ ctx=fc len=80
[tp] path_request dest=/995cc3851347f138f51af73d182d5e1d/ iface=/d86e8112f3c4c4442126f8e9f44f1686/
[tp] path_request dest=/a3dfea289534e4b2d0f5730310eebd99/ iface=/d86e8112f3c4c4442126f8e9f44f1686/
[tp] link_data dst=/9ae420641c2ba7e1d679b2d8a0a413df/ ctx=08 len=32
[tp] link_data dst=/e3b92deef10215ee376fb4ac94451e2b/ ctx=06 len=96
[tp] link_data dst=/e3b92deef10215ee376fb4ac94451e2b/ ctx=fc len=80
[tp] link_data dst=/f74855724b4f04f5f51b25dc65db4970/ ctx=06 len=96
[tp] link_data dst=/f74855724b4f04f5f51b25dc65db4970/ ctx=fc len=80
[tp] path_request dest=/46abc73a40e2eef3efde881eaabe677a/ iface=/d86e8112f3c4c4442126f8e9f44f1686/
[tp] path_request dest=/b8bbfff472fe128873c9395a3ff8b353/ iface=/d86e8112f3c4c4442126f8e9f44f1686/
[tp] path_request dest=/e36c13fd857732740ed3421a512e06aa/ iface=/d86e8112f3c4c4442126f8e9f44f1686/
[tp] link_request dst=/6dee4caf17f87a1051504791002c8786/ ctx=00 hops=2
[tp] link_proof_tx dst=/6dee4caf17f87a1051504791002c8786/ link_id=/cdea156749be097879870f5c80c7e1f1/
[tp] link_data dst=/cdea156749be097879870f5c80c7e1f1/ ctx=fe len=64
[tp] link_data dst=/cdea156749be097879870f5c80c7e1f1/ ctx=fb len=192
[link] data_plain len=128 preview=35e65fe12a80ee3d00278ef932383927bd791670aa6a7f7a029c1a472045933f
[tp] link_request dst=/6dee4caf17f87a1051504791002c8786/ ctx=00 hops=1
[tp] link_proof_tx dst=/6dee4caf17f87a1051504791002c8786/ link_id=/273682e808a3bb0264e880782ff39584/
[tp] link_data dst=/273682e808a3bb0264e880782ff39584/ ctx=fe len=64
[tp] link_data dst=/273682e808a3bb0264e880782ff39584/ ctx=fb len=192
[link] data_plain len=128 preview=69d501e6cc31a4301060838e059a83ad1222dee5383b88a2a87c3d837c447343
[tp] path_request dest=/b18bb3d4ac56c99c5ee4791d79496ca2/ iface=/d86e8112f3c4c4442126f8e9f44f1686/
[tp] link_request dst=/6dee4caf17f87a1051504791002c8786/ ctx=00 hops=3
[tp] link_proof_tx dst=/6dee4caf17f87a1051504791002c8786/ link_id=/4bd37aa84075b5e5021609d0cafb5fd3/
[tp] link_data dst=/4bd37aa84075b5e5021609d0cafb5fd3/ ctx=fe len=64
[tp] link_data dst=/4bd37aa84075b5e5021609d0cafb5fd3/ ctx=fb len=192
[link] data_plain len=128 preview=037a7857dfd539123ae67b4b07ff332d2bc3c151d0c8db5361e9cbbcf8519300
[tp] path_request dest=/12cb1ed29943213839f0b0d18cd42761/ iface=/d86e8112f3c4c4442126f8e9f44f1686/
[tp] path_request dest=/a15f32cc809931cb4fcdf27adbe05aa6/ iface=/d86e8112f3c4c4442126f8e9f44f1686/
[tp] link_data dst=/9ae420641c2ba7e1d679b2d8a0a413df/ ctx=06 len=96
[tp] link_data dst=/9ae420641c2ba7e1d679b2d8a0a413df/ ctx=fc len=80
[tp] path_request dest=/46abc73a40e2eef3efde881eaabe677a/ iface=/d86e8112f3c4c4442126f8e9f44f1686/
[tp] link_data dst=/273682e808a3bb0264e880782ff39584/ ctx=08 len=32
[tp] link_request dst=/6dee4caf17f87a1051504791002c8786/ ctx=00 hops=3
[tp] link_proof_tx dst=/6dee4caf17f87a1051504791002c8786/ link_id=/49265b2f5ef6d55ac6c79644e5db4da6/
[tp] link_data dst=/49265b2f5ef6d55ac6c79644e5db4da6/ ctx=fe len=64
[tp] link_data dst=/49265b2f5ef6d55ac6c79644e5db4da6/ ctx=fb len=192
[link] data_plain len=128 preview=99ca60eb910ff9ef7ab800fefc510094944f555d40217547f1b60bfe54d10a28
[tp] link_data dst=/4bd37aa84075b5e5021609d0cafb5fd3/ ctx=08 len=32
[tp] path_request dest=/b18bb3d4ac56c99c5ee4791d79496ca2/ iface=/d86e8112f3c4c4442126f8e9f44f1686/
[tp] path_request dest=/e36c13fd857732740ed3421a512e06aa/ iface=/d86e8112f3c4c4442126f8e9f44f1686/
[tp] link_request dst=/6dee4caf17f87a1051504791002c8786/ ctx=00 hops=3
[tp] link_proof_tx dst=/6dee4caf17f87a1051504791002c8786/ link_id=/e6a54eecfc6c62601c88527f16ea6dfd/
[tp] link_data dst=/e6a54eecfc6c62601c88527f16ea6dfd/ ctx=fe len=64
[tp] link_data dst=/e6a54eecfc6c62601c88527f16ea6dfd/ ctx=fb len=192
[link] data_plain len=128 preview=b1d08b2315cf53c1efdf0a60cadf0ab72f82a691adf040c6b9990f393fcaaf53
[tp] path_request dest=/a15f32cc809931cb4fcdf27adbe05aa6/ iface=/d86e8112f3c4c4442126f8e9f44f1686/
[tp] link_request dst=/6dee4caf17f87a1051504791002c8786/ ctx=00 hops=2
[tp] link_proof_tx dst=/6dee4caf17f87a1051504791002c8786/ link_id=/3a96f64b88df132869b3d68b45100409/
[tp] link_data dst=/3a96f64b88df132869b3d68b45100409/ ctx=fe len=64
[tp] link_data dst=/3a96f64b88df132869b3d68b45100409/ ctx=fb len=192
[link] data_plain len=128 preview=c757c88946ae81f0974a33437ab209bac39469edc778f04bc7c155cdb8ea1441
[tp] path_request dest=/46abc73a40e2eef3efde881eaabe677a/ iface=/d86e8112f3c4c4442126f8e9f44f1686/
[tp] path_request dest=/b8bbfff472fe128873c9395a3ff8b353/ iface=/d86e8112f3c4c4442126f8e9f44f1686/
[tp] link_data dst=/273682e808a3bb0264e880782ff39584/ ctx=06 len=96
[tp] link_data dst=/273682e808a3bb0264e880782ff39584/ ctx=fc len=80
[tp] link_data dst=/e6a54eecfc6c62601c88527f16ea6dfd/ ctx=08 len=32
[tp] path_request dest=/995cc3851347f138f51af73d182d5e1d/ iface=/d86e8112f3c4c4442126f8e9f44f1686/
[tp] path_request dest=/a3dfea289534e4b2d0f5730310eebd99/ iface=/d86e8112f3c4c4442126f8e9f44f1686/
[tp] link_request dst=/6dee4caf17f87a1051504791002c8786/ ctx=00 hops=3
[tp] link_proof_tx dst=/6dee4caf17f87a1051504791002c8786/ link_id=/38077a72ac18c6692eee4e9514b8d756/
[tp] link_data dst=/38077a72ac18c6692eee4e9514b8d756/ ctx=fe len=64
[tp] link_data dst=/38077a72ac18c6692eee4e9514b8d756/ ctx=fb len=192
[link] data_plain len=128 preview=cbd4a6d311ba97b671bd75d501e048cad1f23eba47622f0bde8eed57b0d56814
[tp] path_request dest=/12cb1ed29943213839f0b0d18cd42761/ iface=/d86e8112f3c4c4442126f8e9f44f1686/
[tp] path_request dest=/0ffa0968a18cb499c260e774cd3d9f28/ iface=/d86e8112f3c4c4442126f8e9f44f1686/
[tp] link_data dst=/3a96f64b88df132869b3d68b45100409/ ctx=08 len=32
[tp] link_request dst=/6dee4caf17f87a1051504791002c8786/ ctx=00 hops=2
[tp] link_proof_tx dst=/6dee4caf17f87a1051504791002c8786/ link_id=/929d089a2f2a1dde7c01cc411813d361/
[tp] link_data dst=/929d089a2f2a1dde7c01cc411813d361/ ctx=fe len=64
[tp] link_data dst=/929d089a2f2a1dde7c01cc411813d361/ ctx=fb len=192
[link] data_plain len=128 preview=3f8f84ffe6b68f168b03338be78519e42a3a446c0c19c2c6dfaaf906eba7f61d
[tp] path_request dest=/a15f32cc809931cb4fcdf27adbe05aa6/ iface=/d86e8112f3c4c4442126f8e9f44f1686/
[tp] path_request dest=/47b6cea814d9ca40bb0cadad2139625a/ iface=/d86e8112f3c4c4442126f8e9f44f1686/
[tp] link_data dst=/4bd37aa84075b5e5021609d0cafb5fd3/ ctx=06 len=96
[tp] link_data dst=/4bd37aa84075b5e5021609d0cafb5fd3/ ctx=fc len=80
[tp] path_request dest=/46abc73a40e2eef3efde881eaabe677a/ iface=/d86e8112f3c4c4442126f8e9f44f1686/
[tp] link_request dst=/6dee4caf17f87a1051504791002c8786/ ctx=00 hops=3
[tp] link_proof_tx dst=/6dee4caf17f87a1051504791002c8786/ link_id=/f95a9ad6496b938baa7b37a35a1b0dc1/
[tp] link_data dst=/f95a9ad6496b938baa7b37a35a1b0dc1/ ctx=fe len=64
[tp] link_data dst=/f95a9ad6496b938baa7b37a35a1b0dc1/ ctx=fb len=192
[link] data_plain len=128 preview=4913e1db3253c4f39555ffdfe8435b1baf2b5b7dfdbb6065f8ca81371cbd5b17
[tp] link_data dst=/cdea156749be097879870f5c80c7e1f1/ ctx=fa len=1
[tp] link_data dst=/38077a72ac18c6692eee4e9514b8d756/ ctx=08 len=32
[tp] link_data dst=/e6a54eecfc6c62601c88527f16ea6dfd/ ctx=06 len=96
[tp] link_data dst=/e6a54eecfc6c62601c88527f16ea6dfd/ ctx=fc len=80
[tp] link_data dst=/929d089a2f2a1dde7c01cc411813d361/ ctx=08 len=32
[tp] path_request dest=/e792a1b9b43cc8b95d12ecd2d1d3e8b2/ iface=/d86e8112f3c4c4442126f8e9f44f1686/
[tp] link_data dst=/3a96f64b88df132869b3d68b45100409/ ctx=06 len=96
[tp] link_data dst=/3a96f64b88df132869b3d68b45100409/ ctx=fc len=80
[tp] path_request dest=/71f67e5defd2743e2507c148945308e8/ iface=/d86e8112f3c4c4442126f8e9f44f1686/
[tp] link_data dst=/f95a9ad6496b938baa7b37a35a1b0dc1/ ctx=08 len=32
[tp] path_request dest=/a15f32cc809931cb4fcdf27adbe05aa6/ iface=/d86e8112f3c4c4442126f8e9f44f1686/
[tp] path_request dest=/46abc73a40e2eef3efde881eaabe677a/ iface=/d86e8112f3c4c4442126f8e9f44f1686/
[tp] path_request dest=/b8bbfff472fe128873c9395a3ff8b353/ iface=/d86e8112f3c4c4442126f8e9f44f1686/
[tp] path_request dest=/e792a1b9b43cc8b95d12ecd2d1d3e8b2/ iface=/d86e8112f3c4c4442126f8e9f44f1686/
[tp] path_request dest=/12cb1ed29943213839f0b0d18cd42761/ iface=/d86e8112f3c4c4442126f8e9f44f1686/
[tp] link_data dst=/cdea156749be097879870f5c80c7e1f1/ ctx=06 len=96
[tp] link_data dst=/cdea156749be097879870f5c80c7e1f1/ ctx=fc len=80
[tp] link_data dst=/38077a72ac18c6692eee4e9514b8d756/ ctx=06 len=96
[tp] link_data dst=/38077a72ac18c6692eee4e9514b8d756/ ctx=fc len=80
[tp] path_request dest=/0afd2d4541ff8c768f8015a3c76971be/ iface=/d86e8112f3c4c4442126f8e9f44f1686/
[tp] link_request dst=/6dee4caf17f87a1051504791002c8786/ ctx=00 hops=1
[tp] link_proof_tx dst=/6dee4caf17f87a1051504791002c8786/ link_id=/5008d7a7fa695c1ac4c6e48ed1942763/
[tp] link_data dst=/5008d7a7fa695c1ac4c6e48ed1942763/ ctx=fe len=64
[tp] link_data dst=/5008d7a7fa695c1ac4c6e48ed1942763/ ctx=fb len=192
[link] data_plain len=128 preview=69d501e6cc31a4301060838e059a83ad1222dee5383b88a2a87c3d837c447343
[tp] path_request dest=/b18bb3d4ac56c99c5ee4791d79496ca2/ iface=/d86e8112f3c4c4442126f8e9f44f1686/
[tp] link_request dst=/6dee4caf17f87a1051504791002c8786/ ctx=00 hops=2
[tp] link_proof_tx dst=/6dee4caf17f87a1051504791002c8786/ link_id=/66045c2ad0af305020b52daabd27f240/
[tp] link_data dst=/66045c2ad0af305020b52daabd27f240/ ctx=fe len=64
[tp] link_data dst=/66045c2ad0af305020b52daabd27f240/ ctx=fb len=192
[link] data_plain len=128 preview=35e65fe12a80ee3d00278ef932383927bd791670aa6a7f7a029c1a472045933f
[tp] link_data dst=/49265b2f5ef6d55ac6c79644e5db4da6/ ctx=fa len=1
[tp] path_request dest=/e233d8d7e9c5f61419d45138ef0d90ff/ iface=/d86e8112f3c4c4442126f8e9f44f1686/
[tp] path_request dest=/a4e5e15ac43ec2903b4c88e0c7c1e19e/ iface=/d86e8112f3c4c4442126f8e9f44f1686/
[tp] link_data dst=/929d089a2f2a1dde7c01cc411813d361/ ctx=06 len=96
[tp] link_data dst=/929d089a2f2a1dde7c01cc411813d361/ ctx=fc len=80
[tp] path_request dest=/627c60c9a9df4e50c15f5c104661c096/ iface=/d86e8112f3c4c4442126f8e9f44f1686/
[tp] path_request dest=/f8de3e21f2b92e8eb4bb505f1e1381c4/ iface=/d86e8112f3c4c4442126f8e9f44f1686/
[tp] path_request dest=/995cc3851347f138f51af73d182d5e1d/ iface=/d86e8112f3c4c4442126f8e9f44f1686/
[tp] path_request dest=/a3dfea289534e4b2d0f5730310eebd99/ iface=/d86e8112f3c4c4442126f8e9f44f1686/
[tp] path_request dest=/46abc73a40e2eef3efde881eaabe677a/ iface=/d86e8112f3c4c4442126f8e9f44f1686/
[tp] link_request dst=/6dee4caf17f87a1051504791002c8786/ ctx=00 hops=3
[tp] link_proof_tx dst=/6dee4caf17f87a1051504791002c8786/ link_id=/d31efb423b41dc303f8249b26265bcdf/
[tp] path_request dest=/a15f32cc809931cb4fcdf27adbe05aa6/ iface=/d86e8112f3c4c4442126f8e9f44f1686/
[tp] link_data dst=/d31efb423b41dc303f8249b26265bcdf/ ctx=fe len=64
[tp] link_data dst=/d31efb423b41dc303f8249b26265bcdf/ ctx=fb len=192
[link] data_plain len=128 preview=cbd4a6d311ba97b671bd75d501e048cad1f23eba47622f0bde8eed57b0d56814
[tp] link_data dst=/f95a9ad6496b938baa7b37a35a1b0dc1/ ctx=06 len=96
[tp] link_data dst=/f95a9ad6496b938baa7b37a35a1b0dc1/ ctx=fc len=80
[tp] link_data dst=/5008d7a7fa695c1ac4c6e48ed1942763/ ctx=08 len=32
[tp] path_request dest=/0ffa0968a18cb499c260e774cd3d9f28/ iface=/d86e8112f3c4c4442126f8e9f44f1686/
[tp] link_request dst=/6dee4caf17f87a1051504791002c8786/ ctx=00 hops=1
[tp] link_proof_tx dst=/6dee4caf17f87a1051504791002c8786/ link_id=/bcb2add837be6efc442355f42f0243d7/
[tp] link_data dst=/bcb2add837be6efc442355f42f0243d7/ ctx=fe len=64
[tp] link_data dst=/bcb2add837be6efc442355f42f0243d7/ ctx=fb len=192
[link] data_plain len=128 preview=93abe5bd821eef8a15e92ad1c4e0cc1828ed446f4396a42041dbaf908b558d64
[tp] path_request dest=/e233d8d7e9c5f61419d45138ef0d90ff/ iface=/d86e8112f3c4c4442126f8e9f44f1686/
[tp] link_request dst=/6dee4caf17f87a1051504791002c8786/ ctx=00 hops=3
[tp] link_proof_tx dst=/6dee4caf17f87a1051504791002c8786/ link_id=/38ee26da34fdd0c74935b56269013f5c/
[tp] link_data dst=/38ee26da34fdd0c74935b56269013f5c/ ctx=fe len=64
[tp] link_data dst=/38ee26da34fdd0c74935b56269013f5c/ ctx=fb len=192
[link] data_plain len=128 preview=037a7857dfd539123ae67b4b07ff332d2bc3c151d0c8db5361e9cbbcf8519300
[tp] link_request dst=/6dee4caf17f87a1051504791002c8786/ ctx=00 hops=3
[tp] link_proof_tx dst=/6dee4caf17f87a1051504791002c8786/ link_id=/4c0459a630a5605f555f0051196ddb0a/
[tp] link_data dst=/4c0459a630a5605f555f0051196ddb0a/ ctx=fe len=64
[tp] link_data dst=/4c0459a630a5605f555f0051196ddb0a/ ctx=fb len=192
[link] data_plain len=128 preview=4913e1db3253c4f39555ffdfe8435b1baf2b5b7dfdbb6065f8ca81371cbd5b17
[tp] link_data dst=/d31efb423b41dc303f8249b26265bcdf/ ctx=08 len=32
[tp] path_request dest=/12cb1ed29943213839f0b0d18cd42761/ iface=/d86e8112f3c4c4442126f8e9f44f1686/
[tp] link_request dst=/6dee4caf17f87a1051504791002c8786/ ctx=00 hops=2
[tp] link_proof_tx dst=/6dee4caf17f87a1051504791002c8786/ link_id=/4f91d07825e5cd609726280024ed9b22/
[tp] link_data dst=/4f91d07825e5cd609726280024ed9b22/ ctx=fe len=64
[tp] link_data dst=/4f91d07825e5cd609726280024ed9b22/ ctx=fb len=192
[link] data_plain len=128 preview=c757c88946ae81f0974a33437ab209bac39469edc778f04bc7c155cdb8ea1441
[tp] path_request dest=/a15f32cc809931cb4fcdf27adbe05aa6/ iface=/d86e8112f3c4c4442126f8e9f44f1686/
[tp] path_request dest=/b8bbfff472fe128873c9395a3ff8b353/ iface=/d86e8112f3c4c4442126f8e9f44f1686/
[tp] link_data dst=/bcb2add837be6efc442355f42f0243d7/ ctx=08 len=32
[tp] link_data dst=/5008d7a7fa695c1ac4c6e48ed1942763/ ctx=06 len=96
[tp] link_data dst=/5008d7a7fa695c1ac4c6e48ed1942763/ ctx=fc len=80
[tp] link_data dst=/4c0459a630a5605f555f0051196ddb0a/ ctx=08 len=32
[tp] link_data dst=/38ee26da34fdd0c74935b56269013f5c/ ctx=08 len=32
[tp] path_request dest=/e233d8d7e9c5f61419d45138ef0d90ff/ iface=/d86e8112f3c4c4442126f8e9f44f1686/
[tp] path_request dest=/e36c13fd857732740ed3421a512e06aa/ iface=/d86e8112f3c4c4442126f8e9f44f1686/
[tp] path_request dest=/4447b200737e3fead7d054e5fc58e081/ iface=/d86e8112f3c4c4442126f8e9f44f1686/
[tp] path_request dest=/e792a1b9b43cc8b95d12ecd2d1d3e8b2/ iface=/d86e8112f3c4c4442126f8e9f44f1686/
[tp] link_data dst=/4f91d07825e5cd609726280024ed9b22/ ctx=08 len=32
[tp] link_data dst=/d31efb423b41dc303f8249b26265bcdf/ ctx=06 len=96
[tp] link_data dst=/d31efb423b41dc303f8249b26265bcdf/ ctx=fc len=80
[tp] path_request dest=/1960542d49d9abcd780713bfc8f0c0f7/ iface=/d86e8112f3c4c4442126f8e9f44f1686/
[tp] path_request dest=/0ffa0968a18cb499c260e774cd3d9f28/ iface=/d86e8112f3c4c4442126f8e9f44f1686/
[tp] path_request dest=/04b15fcd28ec8ed7fab945cc9d082dd3/ iface=/d86e8112f3c4c4442126f8e9f44f1686/
[tp] path_request dest=/a15f32cc809931cb4fcdf27adbe05aa6/ iface=/d86e8112f3c4c4442126f8e9f44f1686/
[tp] path_request dest=/5b5a65594ed7da482db1e04fe90a918a/ iface=/d86e8112f3c4c4442126f8e9f44f1686/
[tp] link_data dst=/bcb2add837be6efc442355f42f0243d7/ ctx=06 len=96
[tp] link_data dst=/bcb2add837be6efc442355f42f0243d7/ ctx=fc len=80
[tp] path_request dest=/b4508c693ae1ddc6a0d472977be93bfc/ iface=/d86e8112f3c4c4442126f8e9f44f1686/
[tp] path_request dest=/995cc3851347f138f51af73d182d5e1d/ iface=/d86e8112f3c4c4442126f8e9f44f1686/
[tp] path_request dest=/a3dfea289534e4b2d0f5730310eebd99/ iface=/d86e8112f3c4c4442126f8e9f44f1686/
[tp] path_request dest=/12cb1ed29943213839f0b0d18cd42761/ iface=/d86e8112f3c4c4442126f8e9f44f1686/
[tp] link_request dst=/6dee4caf17f87a1051504791002c8786/ ctx=00 hops=3
[tp] link_proof_tx dst=/6dee4caf17f87a1051504791002c8786/ link_id=/4e6b33e12f311776f44ab92cc950c234/
[tp] link_data dst=/4e6b33e12f311776f44ab92cc950c234/ ctx=fe len=64
[tp] link_data dst=/4e6b33e12f311776f44ab92cc950c234/ ctx=fb len=192
[link] data_plain len=128 preview=b1d08b2315cf53c1efdf0a60cadf0ab72f82a691adf040c6b9990f393fcaaf53
[tp] link_data dst=/4c0459a630a5605f555f0051196ddb0a/ ctx=06 len=96
[tp] link_data dst=/4c0459a630a5605f555f0051196ddb0a/ ctx=fc len=80
[tp] link_data dst=/66045c2ad0af305020b52daabd27f240/ ctx=fa len=1
[tp] link_data dst=/38ee26da34fdd0c74935b56269013f5c/ ctx=06 len=96
[tp] link_data dst=/38ee26da34fdd0c74935b56269013f5c/ ctx=fc len=80
[tp] path_request dest=/e792a1b9b43cc8b95d12ecd2d1d3e8b2/ iface=/d86e8112f3c4c4442126f8e9f44f1686/
[tp] link_data dst=/4f91d07825e5cd609726280024ed9b22/ ctx=06 len=96
[tp] link_data dst=/4f91d07825e5cd609726280024ed9b22/ ctx=fc len=80
[tp] path_request dest=/4447b200737e3fead7d054e5fc58e081/ iface=/d86e8112f3c4c4442126f8e9f44f1686/
[tp] path_request dest=/58681bf71893d092811b7b97b6f767cf/ iface=/d86e8112f3c4c4442126f8e9f44f1686/
[tp] link_data dst=/49265b2f5ef6d55ac6c79644e5db4da6/ ctx=fa len=1
[tp] path_request dest=/b8bbfff472fe128873c9395a3ff8b353/ iface=/d86e8112f3c4c4442126f8e9f44f1686/
[tp] link_data dst=/49265b2f5ef6d55ac6c79644e5db4da6/ ctx=fc len=80
[tp] path_request dest=/a15f32cc809931cb4fcdf27adbe05aa6/ iface=/d86e8112f3c4c4442126f8e9f44f1686/
[tp] link_request dst=/6dee4caf17f87a1051504791002c8786/ ctx=00 hops=1
[tp] link_proof_tx dst=/6dee4caf17f87a1051504791002c8786/ link_id=/e7f16715cdd3c05d22eb6f1297387962/
[tp] link_data dst=/e7f16715cdd3c05d22eb6f1297387962/ ctx=fe len=64
[tp] link_data dst=/e7f16715cdd3c05d22eb6f1297387962/ ctx=fb len=192
[link] data_plain len=128 preview=93abe5bd821eef8a15e92ad1c4e0cc1828ed446f4396a42041dbaf908b558d64
[tp] link_data dst=/4e6b33e12f311776f44ab92cc950c234/ ctx=08 len=32
[tp] link_data dst=/66045c2ad0af305020b52daabd27f240/ ctx=06 len=96
[tp] link_data dst=/66045c2ad0af305020b52daabd27f240/ ctx=fc len=80
[tp] path_request dest=/e792a1b9b43cc8b95d12ecd2d1d3e8b2/ iface=/d86e8112f3c4c4442126f8e9f44f1686/
[tp] link_request dst=/6dee4caf17f87a1051504791002c8786/ ctx=00 hops=2
[tp] link_proof_tx dst=/6dee4caf17f87a1051504791002c8786/ link_id=/bb99264fbd9e64a70f85181438b32579/
[tp] link_data dst=/bb99264fbd9e64a70f85181438b32579/ ctx=fe len=64
[tp] link_data dst=/bb99264fbd9e64a70f85181438b32579/ ctx=fb len=192
[link] data_plain len=128 preview=35e65fe12a80ee3d00278ef932383927bd791670aa6a7f7a029c1a472045933f
[tp] path_request dest=/71f67e5defd2743e2507c148945308e8/ iface=/d86e8112f3c4c4442126f8e9f44f1686/
[tp] link_request dst=/6dee4caf17f87a1051504791002c8786/ ctx=00 hops=3
[tp] link_proof_tx dst=/6dee4caf17f87a1051504791002c8786/ link_id=/4c9cddfc513d571fafa19d05e7981eb3/
[tp] link_data dst=/e7f16715cdd3c05d22eb6f1297387962/ ctx=08 len=32
[tp] link_request dst=/6dee4caf17f87a1051504791002c8786/ ctx=00 hops=3
[tp] link_proof_tx dst=/6dee4caf17f87a1051504791002c8786/ link_id=/b8ac1d5281fecd6a8a01d03b00a38771/
[tp] path_request dest=/f8de3e21f2b92e8eb4bb505f1e1381c4/ iface=/d86e8112f3c4c4442126f8e9f44f1686/
[tp] link_data dst=/4c9cddfc513d571fafa19d05e7981eb3/ ctx=fe len=64
[tp] link_data dst=/4c9cddfc513d571fafa19d05e7981eb3/ ctx=fb len=192
[link] data_plain len=128 preview=037a7857dfd539123ae67b4b07ff332d2bc3c151d0c8db5361e9cbbcf8519300
[tp] link_request dst=/6dee4caf17f87a1051504791002c8786/ ctx=00 hops=2
[tp] link_proof_tx dst=/6dee4caf17f87a1051504791002c8786/ link_id=/d1a0b6b6ef1e370022508bfa3520e29e/
[tp] link_data dst=/b8ac1d5281fecd6a8a01d03b00a38771/ ctx=fe len=64
[tp] link_data dst=/b8ac1d5281fecd6a8a01d03b00a38771/ ctx=fb len=192
[link] data_plain len=128 preview=cbd4a6d311ba97b671bd75d501e048cad1f23eba47622f0bde8eed57b0d56814
[tp] path_request dest=/a15f32cc809931cb4fcdf27adbe05aa6/ iface=/d86e8112f3c4c4442126f8e9f44f1686/
[tp] link_data dst=/d1a0b6b6ef1e370022508bfa3520e29e/ ctx=fe len=64
[tp] link_data dst=/d1a0b6b6ef1e370022508bfa3520e29e/ ctx=fb len=192
[link] data_plain len=128 preview=cc343d204fc536882689c77cbddfe144b3cf8abc90165e8a859ee48a492f4b0c
[tp] path_request dest=/12cb1ed29943213839f0b0d18cd42761/ iface=/d86e8112f3c4c4442126f8e9f44f1686/
[tp] path_request dest=/4447b200737e3fead7d054e5fc58e081/ iface=/d86e8112f3c4c4442126f8e9f44f1686/
[tp] path_request dest=/e233d8d7e9c5f61419d45138ef0d90ff/ iface=/d86e8112f3c4c4442126f8e9f44f1686/
[tp] path_request dest=/e36c13fd857732740ed3421a512e06aa/ iface=/d86e8112f3c4c4442126f8e9f44f1686/
[tp] path_request dest=/995cc3851347f138f51af73d182d5e1d/ iface=/d86e8112f3c4c4442126f8e9f44f1686/
[tp] path_request dest=/a3dfea289534e4b2d0f5730310eebd99/ iface=/d86e8112f3c4c4442126f8e9f44f1686/
[tp] link_request dst=/6dee4caf17f87a1051504791002c8786/ ctx=00 hops=3
[tp] link_proof_tx dst=/6dee4caf17f87a1051504791002c8786/ link_id=/b23f35321c5255ecdd6412bc57563983/
[tp] path_request dest=/71f67e5defd2743e2507c148945308e8/ iface=/d86e8112f3c4c4442126f8e9f44f1686/
[tp] link_data dst=/4e6b33e12f311776f44ab92cc950c234/ ctx=06 len=96
[tp] link_data dst=/4e6b33e12f311776f44ab92cc950c234/ ctx=fc len=80
[tp] link_data dst=/b23f35321c5255ecdd6412bc57563983/ ctx=fe len=64
[tp] link_data dst=/b23f35321c5255ecdd6412bc57563983/ ctx=fb len=192
[link] data_plain len=128 preview=99ca60eb910ff9ef7ab800fefc510094944f555d40217547f1b60bfe54d10a28
[tp] link_data dst=/4c9cddfc513d571fafa19d05e7981eb3/ ctx=08 len=32
[tp] link_request dst=/6dee4caf17f87a1051504791002c8786/ ctx=00 hops=1
[tp] link_proof_tx dst=/6dee4caf17f87a1051504791002c8786/ link_id=/ca1b7872224324416903e8a257afc079/
[tp] link_data dst=/b8ac1d5281fecd6a8a01d03b00a38771/ ctx=08 len=32
[tp] link_data dst=/ca1b7872224324416903e8a257afc079/ ctx=fe len=64
[tp] link_data dst=/ca1b7872224324416903e8a257afc079/ ctx=fb len=192
[link] data_plain len=128 preview=69d501e6cc31a4301060838e059a83ad1222dee5383b88a2a87c3d837c447343
[tp] path_request dest=/b8bbfff472fe128873c9395a3ff8b353/ iface=/d86e8112f3c4c4442126f8e9f44f1686/
[tp] link_data dst=/e7f16715cdd3c05d22eb6f1297387962/ ctx=06 len=96
[tp] link_data dst=/e7f16715cdd3c05d22eb6f1297387962/ ctx=fc len=80
[tp] link_request dst=/6dee4caf17f87a1051504791002c8786/ ctx=00 hops=2
[tp] link_proof_tx dst=/6dee4caf17f87a1051504791002c8786/ link_id=/67c2c9e3075de5daad73ff83697ab830/
[tp] link_data dst=/67c2c9e3075de5daad73ff83697ab830/ ctx=fe len=64
[tp] link_data dst=/67c2c9e3075de5daad73ff83697ab830/ ctx=fb len=192
[link] data_plain len=128 preview=c757c88946ae81f0974a33437ab209bac39469edc778f04bc7c155cdb8ea1441
[tp] link_request dst=/6dee4caf17f87a1051504791002c8786/ ctx=00 hops=1
[tp] link_proof_tx dst=/6dee4caf17f87a1051504791002c8786/ link_id=/cef70620fdd8151d459df8404837c96d/
[tp] link_data dst=/cef70620fdd8151d459df8404837c96d/ ctx=fe len=64
[tp] link_data dst=/cef70620fdd8151d459df8404837c96d/ ctx=fb len=192
[link] data_plain len=128 preview=93abe5bd821eef8a15e92ad1c4e0cc1828ed446f4396a42041dbaf908b558d64
[tp] path_request dest=/a15f32cc809931cb4fcdf27adbe05aa6/ iface=/d86e8112f3c4c4442126f8e9f44f1686/
[tp] path_request dest=/12cb1ed29943213839f0b0d18cd42761/ iface=/d86e8112f3c4c4442126f8e9f44f1686/
[tp] path_request dest=/379f204da5a77a6c340f6fae26097054/ iface=/d86e8112f3c4c4442126f8e9f44f1686/
[tp] path_request dest=/b18bb3d4ac56c99c5ee4791d79496ca2/ iface=/d86e8112f3c4c4442126f8e9f44f1686/
[tp] link_request dst=/6dee4caf17f87a1051504791002c8786/ ctx=00 hops=3
[tp] link_proof_tx dst=/6dee4caf17f87a1051504791002c8786/ link_id=/54714371b767debce563dddbabbd29d1/
[tp] link_data dst=/54714371b767debce563dddbabbd29d1/ ctx=fe len=64
[tp] link_data dst=/54714371b767debce563dddbabbd29d1/ ctx=fb len=192
[link] data_plain len=128 preview=4913e1db3253c4f39555ffdfe8435b1baf2b5b7dfdbb6065f8ca81371cbd5b17
[tp] link_data dst=/ca1b7872224324416903e8a257afc079/ ctx=08 len=32
[tp] path_request dest=/6fe58e1d906d9f448b53533f0f2b7457/ iface=/d86e8112f3c4c4442126f8e9f44f1686/
[tp] link_data dst=/67c2c9e3075de5daad73ff83697ab830/ ctx=08 len=32
[tp] path_request dest=/0769357259e48819ea9194b6230b2cef/ iface=/d86e8112f3c4c4442126f8e9f44f1686/
[tp] link_data dst=/cef70620fdd8151d459df8404837c96d/ ctx=08 len=32
[tp] link_data dst=/0a8cfcc0e24318c470f0fd17bb7902d2/ ctx=fa len=1
[tp] path_request dest=/95aee8d82d08d3e194eb537ec4db1e7a/ iface=/d86e8112f3c4c4442126f8e9f44f1686/
[tp] path_request dest=/036aa76909a8993b7a248724223c3d39/ iface=/d86e8112f3c4c4442126f8e9f44f1686/
[tp] link_data dst=/4c9cddfc513d571fafa19d05e7981eb3/ ctx=06 len=96
[tp] link_data dst=/4c9cddfc513d571fafa19d05e7981eb3/ ctx=fc len=80
[tp] link_data dst=/54714371b767debce563dddbabbd29d1/ ctx=08 len=32
[tp] link_data dst=/b8ac1d5281fecd6a8a01d03b00a38771/ ctx=06 len=96
[tp] link_data dst=/b8ac1d5281fecd6a8a01d03b00a38771/ ctx=fc len=80
[tp] path_request dest=/a15f32cc809931cb4fcdf27adbe05aa6/ iface=/d86e8112f3c4c4442126f8e9f44f1686/
[tp] link_request dst=/6dee4caf17f87a1051504791002c8786/ ctx=00 hops=3
[tp] link_proof_tx dst=/6dee4caf17f87a1051504791002c8786/ link_id=/e4bbcb66aa6d6286f95f747faa5c08d6/
[tp] link_data dst=/bb99264fbd9e64a70f85181438b32579/ ctx=fa len=1
[tp] link_data dst=/e4bbcb66aa6d6286f95f747faa5c08d6/ ctx=fe len=64
[tp] link_data dst=/e4bbcb66aa6d6286f95f747faa5c08d6/ ctx=fb len=192
[link] data_plain len=128 preview=b1d08b2315cf53c1efdf0a60cadf0ab72f82a691adf040c6b9990f393fcaaf53
[tp] link_request dst=/6dee4caf17f87a1051504791002c8786/ ctx=00 hops=3
[tp] link_proof_tx dst=/6dee4caf17f87a1051504791002c8786/ link_id=/c36386245de620dd08f7aeaa506661fa/
[tp] link_data dst=/c36386245de620dd08f7aeaa506661fa/ ctx=fe len=64
[tp] link_data dst=/c36386245de620dd08f7aeaa506661fa/ ctx=fb len=192
[link] data_plain len=128 preview=037a7857dfd539123ae67b4b07ff332d2bc3c151d0c8db5361e9cbbcf8519300
[tp] path_request dest=/4593e597986fc5b58cc81dc14f422320/ iface=/d86e8112f3c4c4442126f8e9f44f1686/
[tp] link_data dst=/ca1b7872224324416903e8a257afc079/ ctx=06 len=96
[tp] link_data dst=/ca1b7872224324416903e8a257afc079/ ctx=fc len=80
[tp] link_data dst=/cef70620fdd8151d459df8404837c96d/ ctx=06 len=96
[tp] link_data dst=/cef70620fdd8151d459df8404837c96d/ ctx=fc len=80
[tp] path_request dest=/b8bbfff472fe128873c9395a3ff8b353/ iface=/d86e8112f3c4c4442126f8e9f44f1686/
[tp] link_data dst=/67c2c9e3075de5daad73ff83697ab830/ ctx=06 len=96
[tp] link_data dst=/67c2c9e3075de5daad73ff83697ab830/ ctx=fc len=80
[tp] link_data dst=/e4bbcb66aa6d6286f95f747faa5c08d6/ ctx=08 len=32
[tp] link_request dst=/6dee4caf17f87a1051504791002c8786/ ctx=00 hops=1
[tp] link_proof_tx dst=/6dee4caf17f87a1051504791002c8786/ link_id=/6acb0ec39b9fa2dcad2b568c02df5cae/
[tp] link_data dst=/6acb0ec39b9fa2dcad2b568c02df5cae/ ctx=fe len=64
[tp] link_data dst=/6acb0ec39b9fa2dcad2b568c02df5cae/ ctx=fb len=192
[link] data_plain len=128 preview=93abe5bd821eef8a15e92ad1c4e0cc1828ed446f4396a42041dbaf908b558d64
[tp] path_request dest=/f8de3e21f2b92e8eb4bb505f1e1381c4/ iface=/d86e8112f3c4c4442126f8e9f44f1686/
[tp] path_request dest=/12cb1ed29943213839f0b0d18cd42761/ iface=/d86e8112f3c4c4442126f8e9f44f1686/
[tp] link_data dst=/c36386245de620dd08f7aeaa506661fa/ ctx=08 len=32
[tp] path_request dest=/036aa76909a8993b7a248724223c3d39/ iface=/d86e8112f3c4c4442126f8e9f44f1686/
[tp] path_request dest=/a3dfea289534e4b2d0f5730310eebd99/ iface=/d86e8112f3c4c4442126f8e9f44f1686/
[tp] path_request dest=/0ffa0968a18cb499c260e774cd3d9f28/ iface=/d86e8112f3c4c4442126f8e9f44f1686/
[tp] path_request dest=/a15f32cc809931cb4fcdf27adbe05aa6/ iface=/d86e8112f3c4c4442126f8e9f44f1686/
[tp] path_request dest=/0afd2d4541ff8c768f8015a3c76971be/ iface=/d86e8112f3c4c4442126f8e9f44f1686/
[tp] link_data dst=/54714371b767debce563dddbabbd29d1/ ctx=06 len=96
[tp] link_data dst=/54714371b767debce563dddbabbd29d1/ ctx=fc len=80
[tp] link_request dst=/6dee4caf17f87a1051504791002c8786/ ctx=00 hops=1
[tp] link_proof_tx dst=/6dee4caf17f87a1051504791002c8786/ link_id=/d97bf153439a88639519f39a0269d875/
[tp] link_data dst=/d97bf153439a88639519f39a0269d875/ ctx=fe len=64
[tp] link_data dst=/d97bf153439a88639519f39a0269d875/ ctx=fb len=192
[link] data_plain len=128 preview=69d501e6cc31a4301060838e059a83ad1222dee5383b88a2a87c3d837c447343
[tp] link_request dst=/6dee4caf17f87a1051504791002c8786/ ctx=00 hops=2
[tp] link_proof_tx dst=/6dee4caf17f87a1051504791002c8786/ link_id=/786eecb5528ca3d6c2078b776c1e400b/
[tp] path_request dest=/e233d8d7e9c5f61419d45138ef0d90ff/ iface=/d86e8112f3c4c4442126f8e9f44f1686/
[tp] path_request dest=/c5210cdf7fda275c7f978533ec4ece80/ iface=/d86e8112f3c4c4442126f8e9f44f1686/
[tp] link_data dst=/786eecb5528ca3d6c2078b776c1e400b/ ctx=fe len=64
[tp] link_data dst=/786eecb5528ca3d6c2078b776c1e400b/ ctx=fb len=192
[link] data_plain len=128 preview=3f8f84ffe6b68f168b03338be78519e42a3a446c0c19c2c6dfaaf906eba7f61d
[tp] link_data dst=/bb99264fbd9e64a70f85181438b32579/ ctx=06 len=96
[tp] link_data dst=/bb99264fbd9e64a70f85181438b32579/ ctx=fc len=80
[tp] link_data dst=/6acb0ec39b9fa2dcad2b568c02df5cae/ ctx=08 len=32
[tp] path_request dest=/04b15fcd28ec8ed7fab945cc9d082dd3/ iface=/d86e8112f3c4c4442126f8e9f44f1686/
[tp] path_request dest=/995cc3851347f138f51af73d182d5e1d/ iface=/d86e8112f3c4c4442126f8e9f44f1686/
[tp] link_request dst=/6dee4caf17f87a1051504791002c8786/ ctx=00 hops=3
[tp] link_proof_tx dst=/6dee4caf17f87a1051504791002c8786/ link_id=/f7142394096f7392f0cb9e6b19eca378/
[tp] link_data dst=/f7142394096f7392f0cb9e6b19eca378/ ctx=fe len=64
[tp] link_data dst=/f7142394096f7392f0cb9e6b19eca378/ ctx=fb len=192
[link] data_plain len=128 preview=cbd4a6d311ba97b671bd75d501e048cad1f23eba47622f0bde8eed57b0d56814
[tp] link_request dst=/6dee4caf17f87a1051504791002c8786/ ctx=00 hops=2
[tp] link_proof_tx dst=/6dee4caf17f87a1051504791002c8786/ link_id=/86f9a9ecf664cb1b0ec3ccf2be7badd5/
[tp] link_data dst=/86f9a9ecf664cb1b0ec3ccf2be7badd5/ ctx=fe len=64
[tp] link_data dst=/86f9a9ecf664cb1b0ec3ccf2be7badd5/ ctx=fb len=192
[link] data_plain len=128 preview=35e65fe12a80ee3d00278ef932383927bd791670aa6a7f7a029c1a472045933f
[tp] link_data dst=/d97bf153439a88639519f39a0269d875/ ctx=08 len=32
[tp] link_data dst=/e4bbcb66aa6d6286f95f747faa5c08d6/ ctx=06 len=96
[tp] link_data dst=/e4bbcb66aa6d6286f95f747faa5c08d6/ ctx=fc len=80
[tp] link_data dst=/786eecb5528ca3d6c2078b776c1e400b/ ctx=08 len=32
[tp] path_request dest=/1960542d49d9abcd780713bfc8f0c0f7/ iface=/d86e8112f3c4c4442126f8e9f44f1686/
[tp] link_request dst=/6dee4caf17f87a1051504791002c8786/ ctx=00 hops=3
[tp] link_proof_tx dst=/6dee4caf17f87a1051504791002c8786/ link_id=/88872991db5ac5b83098c3c754810876/
[tp] link_data dst=/88872991db5ac5b83098c3c754810876/ ctx=fe len=64
[tp] link_data dst=/88872991db5ac5b83098c3c754810876/ ctx=fb len=192
[link] data_plain len=128 preview=4913e1db3253c4f39555ffdfe8435b1baf2b5b7dfdbb6065f8ca81371cbd5b17
[tp] link_data dst=/c36386245de620dd08f7aeaa506661fa/ ctx=06 len=96
[tp] link_data dst=/c36386245de620dd08f7aeaa506661fa/ ctx=fc len=80
[tp] path_request dest=/b18bb3d4ac56c99c5ee4791d79496ca2/ iface=/d86e8112f3c4c4442126f8e9f44f1686/
[tp] path_request dest=/a15f32cc809931cb4fcdf27adbe05aa6/ iface=/d86e8112f3c4c4442126f8e9f44f1686/
[tp] path_request dest=/12cb1ed29943213839f0b0d18cd42761/ iface=/d86e8112f3c4c4442126f8e9f44f1686/
[tp] path_request dest=/4340b71dd81d75b31bb7112641a72ab2/ iface=/d86e8112f3c4c4442126f8e9f44f1686/
[tp] link_data dst=/f7142394096f7392f0cb9e6b19eca378/ ctx=08 len=32
[tp] link_data dst=/88872991db5ac5b83098c3c754810876/ ctx=08 len=32
[tp] link_request dst=/6dee4caf17f87a1051504791002c8786/ ctx=00 hops=3
[tp] link_proof_tx dst=/6dee4caf17f87a1051504791002c8786/ link_id=/5e54f4abce0fea587824a7b48bdd81fd/
[tp] link_data dst=/5e54f4abce0fea587824a7b48bdd81fd/ ctx=fe len=64
[tp] link_data dst=/5e54f4abce0fea587824a7b48bdd81fd/ ctx=fb len=192
[link] data_plain len=128 preview=037a7857dfd539123ae67b4b07ff332d2bc3c151d0c8db5361e9cbbcf8519300
[tp] link_data dst=/6acb0ec39b9fa2dcad2b568c02df5cae/ ctx=06 len=96
[tp] link_data dst=/6acb0ec39b9fa2dcad2b568c02df5cae/ ctx=fc len=80
[tp] path_request dest=/b8bbfff472fe128873c9395a3ff8b353/ iface=/d86e8112f3c4c4442126f8e9f44f1686/
[tp] link_data dst=/d97bf153439a88639519f39a0269d875/ ctx=06 len=96
[tp] link_data dst=/d97bf153439a88639519f39a0269d875/ ctx=fc len=80
[tp] link_data dst=/786eecb5528ca3d6c2078b776c1e400b/ ctx=06 len=96
[tp] link_data dst=/786eecb5528ca3d6c2078b776c1e400b/ ctx=fc len=80
[tp] path_request dest=/58681bf71893d092811b7b97b6f767cf/ iface=/d86e8112f3c4c4442126f8e9f44f1686/
[tp] path_request dest=/e233d8d7e9c5f61419d45138ef0d90ff/ iface=/d86e8112f3c4c4442126f8e9f44f1686/
[tp] link_data dst=/5e54f4abce0fea587824a7b48bdd81fd/ ctx=08 len=32
[tp] path_request dest=/a3dfea289534e4b2d0f5730310eebd99/ iface=/d86e8112f3c4c4442126f8e9f44f1686/
[tp] link_request dst=/6dee4caf17f87a1051504791002c8786/ ctx=00 hops=1
[tp] link_proof_tx dst=/6dee4caf17f87a1051504791002c8786/ link_id=/3ad8e17925e3907238884d47f3ede626/
[tp] link_data dst=/3ad8e17925e3907238884d47f3ede626/ ctx=fe len=64
[tp] link_data dst=/3ad8e17925e3907238884d47f3ede626/ ctx=fb len=192
[link] data_plain len=128 preview=69d501e6cc31a4301060838e059a83ad1222dee5383b88a2a87c3d837c447343
[tp] link_data dst=/f7142394096f7392f0cb9e6b19eca378/ ctx=06 len=96
[tp] link_data dst=/f7142394096f7392f0cb9e6b19eca378/ ctx=fc len=80
[tp] path_request dest=/995cc3851347f138f51af73d182d5e1d/ iface=/d86e8112f3c4c4442126f8e9f44f1686/
[tp] link_data dst=/88872991db5ac5b83098c3c754810876/ ctx=06 len=96
[tp] link_data dst=/88872991db5ac5b83098c3c754810876/ ctx=fc len=80
[tp] path_request dest=/12cb1ed29943213839f0b0d18cd42761/ iface=/d86e8112f3c4c4442126f8e9f44f1686/
[tp] path_request dest=/b18bb3d4ac56c99c5ee4791d79496ca2/ iface=/d86e8112f3c4c4442126f8e9f44f1686/
[tp] link_data dst=/3ad8e17925e3907238884d47f3ede626/ ctx=08 len=32
[tp] path_request dest=/a15f32cc809931cb4fcdf27adbe05aa6/ iface=/d86e8112f3c4c4442126f8e9f44f1686/
[tp] link_data dst=/5e54f4abce0fea587824a7b48bdd81fd/ ctx=06 len=96
[tp] link_data dst=/5e54f4abce0fea587824a7b48bdd81fd/ ctx=fc len=80
[tp] link_data dst=/86f9a9ecf664cb1b0ec3ccf2be7badd5/ ctx=fa len=1
[tp] path_request dest=/b8bbfff472fe128873c9395a3ff8b353/ iface=/d86e8112f3c4c4442126f8e9f44f1686/
[tp] path_request dest=/0afd2d4541ff8c768f8015a3c76971be/ iface=/d86e8112f3c4c4442126f8e9f44f1686/
[tp] link_request dst=/6dee4caf17f87a1051504791002c8786/ ctx=00 hops=3
[tp] link_proof_tx dst=/6dee4caf17f87a1051504791002c8786/ link_id=/353bc6359f76648b7b0f37b46dc82db2/
[tp] link_data dst=/353bc6359f76648b7b0f37b46dc82db2/ ctx=fe len=64
[tp] link_data dst=/353bc6359f76648b7b0f37b46dc82db2/ ctx=fb len=192
[link] data_plain len=128 preview=037a7857dfd539123ae67b4b07ff332d2bc3c151d0c8db5361e9cbbcf8519300
[tp] link_request dst=/6dee4caf17f87a1051504791002c8786/ ctx=00 hops=2
[tp] link_proof_tx dst=/6dee4caf17f87a1051504791002c8786/ link_id=/6c98e25b6847d11e9274f5df1ca0c696/
[tp] link_data dst=/6c98e25b6847d11e9274f5df1ca0c696/ ctx=fe len=64
[tp] link_data dst=/6c98e25b6847d11e9274f5df1ca0c696/ ctx=fb len=192
[link] data_plain len=128 preview=3f8f84ffe6b68f168b03338be78519e42a3a446c0c19c2c6dfaaf906eba7f61d
[tp] path_request dest=/7515db0fad971bae499ad88e01b370f2/ iface=/d86e8112f3c4c4442126f8e9f44f1686/
[tp] path_request dest=/a15f32cc809931cb4fcdf27adbe05aa6/ iface=/d86e8112f3c4c4442126f8e9f44f1686/
[tp] link_data dst=/3ad8e17925e3907238884d47f3ede626/ ctx=06 len=96
[tp] link_data dst=/3ad8e17925e3907238884d47f3ede626/ ctx=fc len=80
[tp] path_request dest=/12cb1ed29943213839f0b0d18cd42761/ iface=/d86e8112f3c4c4442126f8e9f44f1686/
[tp] link_data dst=/86f9a9ecf664cb1b0ec3ccf2be7badd5/ ctx=06 len=96
[tp] link_data dst=/86f9a9ecf664cb1b0ec3ccf2be7badd5/ ctx=fc len=80
[tp] link_request dst=/6dee4caf17f87a1051504791002c8786/ ctx=00 hops=3
[tp] link_proof_tx dst=/6dee4caf17f87a1051504791002c8786/ link_id=/ba66be24e987f9681022bb8aacb79353/
[tp] link_data dst=/ba66be24e987f9681022bb8aacb79353/ ctx=fe len=64
[tp] link_data dst=/ba66be24e987f9681022bb8aacb79353/ ctx=fb len=192
[link] data_plain len=128 preview=b1d08b2315cf53c1efdf0a60cadf0ab72f82a691adf040c6b9990f393fcaaf53
[tp] link_data dst=/353bc6359f76648b7b0f37b46dc82db2/ ctx=08 len=32
[tp] path_request dest=/04b15fcd28ec8ed7fab945cc9d082dd3/ iface=/d86e8112f3c4c4442126f8e9f44f1686/
[tp] path_request dest=/71f67e5defd2743e2507c148945308e8/ iface=/d86e8112f3c4c4442126f8e9f44f1686/
[tp] link_request dst=/6dee4caf17f87a1051504791002c8786/ ctx=00 hops=2
[tp] link_proof_tx dst=/6dee4caf17f87a1051504791002c8786/ link_id=/c6f5fde086fe07e12b953671b7d0f2fd/
[tp] link_data dst=/6c98e25b6847d11e9274f5df1ca0c696/ ctx=08 len=32
[tp] link_data dst=/c6f5fde086fe07e12b953671b7d0f2fd/ ctx=fe len=64
[tp] link_data dst=/c6f5fde086fe07e12b953671b7d0f2fd/ ctx=fb len=192
[link] data_plain len=128 preview=35e65fe12a80ee3d00278ef932383927bd791670aa6a7f7a029c1a472045933f
[tp] path_request dest=/995cc3851347f138f51af73d182d5e1d/ iface=/d86e8112f3c4c4442126f8e9f44f1686/
[tp] path_request dest=/a3dfea289534e4b2d0f5730310eebd99/ iface=/d86e8112f3c4c4442126f8e9f44f1686/
[tp] path_request dest=/b18bb3d4ac56c99c5ee4791d79496ca2/ iface=/d86e8112f3c4c4442126f8e9f44f1686/
[tp] path_request dest=/a15f32cc809931cb4fcdf27adbe05aa6/ iface=/d86e8112f3c4c4442126f8e9f44f1686/
[tp] link_data dst=/ba66be24e987f9681022bb8aacb79353/ ctx=08 len=32
[tp] path_request dest=/b8bbfff472fe128873c9395a3ff8b353/ iface=/d86e8112f3c4c4442126f8e9f44f1686/
[tp] link_request dst=/6dee4caf17f87a1051504791002c8786/ ctx=00 hops=1
[tp] link_proof_tx dst=/6dee4caf17f87a1051504791002c8786/ link_id=/0a69a823416e09f0bee435eb93e66889/
[tp] link_data dst=/0a69a823416e09f0bee435eb93e66889/ ctx=fe len=64
[tp] link_data dst=/0a69a823416e09f0bee435eb93e66889/ ctx=fb len=192
[link] data_plain len=128 preview=69d501e6cc31a4301060838e059a83ad1222dee5383b88a2a87c3d837c447343
[tp] path_request dest=/71f67e5defd2743e2507c148945308e8/ iface=/d86e8112f3c4c4442126f8e9f44f1686/
[tp] link_data dst=/353bc6359f76648b7b0f37b46dc82db2/ ctx=06 len=96
[tp] link_data dst=/353bc6359f76648b7b0f37b46dc82db2/ ctx=fc len=80
[tp] path_request dest=/12cb1ed29943213839f0b0d18cd42761/ iface=/d86e8112f3c4c4442126f8e9f44f1686/
[tp] path_request dest=/4762234229b7e0b83c68b857bdf245c3/ iface=/d86e8112f3c4c4442126f8e9f44f1686/
[tp] link_data dst=/6c98e25b6847d11e9274f5df1ca0c696/ ctx=06 len=96
[tp] link_data dst=/6c98e25b6847d11e9274f5df1ca0c696/ ctx=fc len=80
[tp] path_request dest=/58681bf71893d092811b7b97b6f767cf/ iface=/d86e8112f3c4c4442126f8e9f44f1686/
[tp] link_request dst=/6dee4caf17f87a1051504791002c8786/ ctx=00 hops=3
[tp] link_proof_tx dst=/6dee4caf17f87a1051504791002c8786/ link_id=/140f311eda1da8e607ac8060114031c5/
[tp] link_data dst=/140f311eda1da8e607ac8060114031c5/ ctx=fe len=64
[tp] link_data dst=/140f311eda1da8e607ac8060114031c5/ ctx=fb len=192
[link] data_plain len=128 preview=cbd4a6d311ba97b671bd75d501e048cad1f23eba47622f0bde8eed57b0d56814
[tp] path_request dest=/a15f32cc809931cb4fcdf27adbe05aa6/ iface=/d86e8112f3c4c4442126f8e9f44f1686/
[tp] link_data dst=/0a69a823416e09f0bee435eb93e66889/ ctx=08 len=32
[tp] link_request dst=/6dee4caf17f87a1051504791002c8786/ ctx=00 hops=1
[tp] link_proof_tx dst=/6dee4caf17f87a1051504791002c8786/ link_id=/75cc505bda868a0aec5ab21d37eddc12/
[tp] link_data dst=/75cc505bda868a0aec5ab21d37eddc12/ ctx=fe len=64
[tp] link_data dst=/75cc505bda868a0aec5ab21d37eddc12/ ctx=fb len=192
[link] data_plain len=128 preview=93abe5bd821eef8a15e92ad1c4e0cc1828ed446f4396a42041dbaf908b558d64
[tp] link_data dst=/ba66be24e987f9681022bb8aacb79353/ ctx=06 len=96
[tp] link_data dst=/ba66be24e987f9681022bb8aacb79353/ ctx=fc len=80
[tp] path_request dest=/b18bb3d4ac56c99c5ee4791d79496ca2/ iface=/d86e8112f3c4c4442126f8e9f44f1686/
[tp] path_request dest=/965511769c059271e655c503e810a670/ iface=/d86e8112f3c4c4442126f8e9f44f1686/
[tp] path_request dest=/58681bf71893d092811b7b97b6f767cf/ iface=/d86e8112f3c4c4442126f8e9f44f1686/
[tp] link_data dst=/140f311eda1da8e607ac8060114031c5/ ctx=08 len=32
[tp] link_data dst=/75cc505bda868a0aec5ab21d37eddc12/ ctx=08 len=32
[tp] path_request dest=/a3dfea289534e4b2d0f5730310eebd99/ iface=/d86e8112f3c4c4442126f8e9f44f1686/
[tp] path_request dest=/a15f32cc809931cb4fcdf27adbe05aa6/ iface=/d86e8112f3c4c4442126f8e9f44f1686/
[tp] link_data dst=/0a69a823416e09f0bee435eb93e66889/ ctx=06 len=96
[tp] link_data dst=/0a69a823416e09f0bee435eb93e66889/ ctx=fc len=80
[tp] path_request dest=/995cc3851347f138f51af73d182d5e1d/ iface=/d86e8112f3c4c4442126f8e9f44f1686/
[tp] path_request dest=/b8bbfff472fe128873c9395a3ff8b353/ iface=/d86e8112f3c4c4442126f8e9f44f1686/
[tp] path_request dest=/12cb1ed29943213839f0b0d18cd42761/ iface=/d86e8112f3c4c4442126f8e9f44f1686/
[tp] path_request dest=/e792a1b9b43cc8b95d12ecd2d1d3e8b2/ iface=/d86e8112f3c4c4442126f8e9f44f1686/
[tp] link_data dst=/c6f5fde086fe07e12b953671b7d0f2fd/ ctx=fa len=1
[tp] path_request dest=/0afd2d4541ff8c768f8015a3c76971be/ iface=/d86e8112f3c4c4442126f8e9f44f1686/
[tp] link_data dst=/140f311eda1da8e607ac8060114031c5/ ctx=06 len=96
[tp] link_data dst=/140f311eda1da8e607ac8060114031c5/ ctx=fc len=80
[tp] link_data dst=/75cc505bda868a0aec5ab21d37eddc12/ ctx=06 len=96
[tp] link_data dst=/75cc505bda868a0aec5ab21d37eddc12/ ctx=fc len=80
[tp] path_request dest=/a15f32cc809931cb4fcdf27adbe05aa6/ iface=/d86e8112f3c4c4442126f8e9f44f1686/
[tp] link_request dst=/6dee4caf17f87a1051504791002c8786/ ctx=00 hops=2
[tp] link_proof_tx dst=/6dee4caf17f87a1051504791002c8786/ link_id=/12c8038dcb2af6664bb7361fe83c8100/
[tp] link_data dst=/12c8038dcb2af6664bb7361fe83c8100/ ctx=fe len=64
[tp] link_data dst=/12c8038dcb2af6664bb7361fe83c8100/ ctx=fb len=192
[link] data_plain len=128 preview=c757c88946ae81f0974a33437ab209bac39469edc778f04bc7c155cdb8ea1441
[tp] link_data dst=/d1a0b6b6ef1e370022508bfa3520e29e/ ctx=fa len=1
[tp] path_request dest=/12cb1ed29943213839f0b0d18cd42761/ iface=/d86e8112f3c4c4442126f8e9f44f1686/
[tp] path_request dest=/88082fd6f73e93e3e5fad9af6ee05453/ iface=/d86e8112f3c4c4442126f8e9f44f1686/
[tp] link_request dst=/6dee4caf17f87a1051504791002c8786/ ctx=00 hops=3
[tp] link_proof_tx dst=/6dee4caf17f87a1051504791002c8786/ link_id=/4db8a0583008989a3d194af4a9c9b889/
[tp] link_data dst=/4db8a0583008989a3d194af4a9c9b889/ ctx=fe len=64
[tp] link_data dst=/4db8a0583008989a3d194af4a9c9b889/ ctx=fb len=192
[link] data_plain len=128 preview=4913e1db3253c4f39555ffdfe8435b1baf2b5b7dfdbb6065f8ca81371cbd5b17
[tp] link_request dst=/6dee4caf17f87a1051504791002c8786/ ctx=00 hops=3
[tp] link_proof_tx dst=/6dee4caf17f87a1051504791002c8786/ link_id=/9a3f139d01180ac2fa98aece702c2604/
[tp] link_data dst=/c6f5fde086fe07e12b953671b7d0f2fd/ ctx=06 len=96
[tp] link_data dst=/c6f5fde086fe07e12b953671b7d0f2fd/ ctx=fc len=80
[tp] link_data dst=/9a3f139d01180ac2fa98aece702c2604/ ctx=fe len=64
[tp] link_data dst=/9a3f139d01180ac2fa98aece702c2604/ ctx=fb len=192
[link] data_plain len=128 preview=037a7857dfd539123ae67b4b07ff332d2bc3c151d0c8db5361e9cbbcf8519300
[tp] link_data dst=/12c8038dcb2af6664bb7361fe83c8100/ ctx=08 len=32
[tp] path_request dest=/58681bf71893d092811b7b97b6f767cf/ iface=/d86e8112f3c4c4442126f8e9f44f1686/
[tp] link_request dst=/6dee4caf17f87a1051504791002c8786/ ctx=00 hops=2
[tp] link_proof_tx dst=/6dee4caf17f87a1051504791002c8786/ link_id=/5b5808ee27780df0d7430039026565f6/
[tp] link_data dst=/5b5808ee27780df0d7430039026565f6/ ctx=fe len=64
[tp] link_data dst=/5b5808ee27780df0d7430039026565f6/ ctx=fb len=192
[link] data_plain len=128 preview=35e65fe12a80ee3d00278ef932383927bd791670aa6a7f7a029c1a472045933f
[tp] path_request dest=/b8bbfff472fe128873c9395a3ff8b353/ iface=/d86e8112f3c4c4442126f8e9f44f1686/
[tp] path_request dest=/a15f32cc809931cb4fcdf27adbe05aa6/ iface=/d86e8112f3c4c4442126f8e9f44f1686/
[tp] link_data dst=/b23f35321c5255ecdd6412bc57563983/ ctx=fa len=1
[tp] link_data dst=/4db8a0583008989a3d194af4a9c9b889/ ctx=08 len=32
[tp] link_data dst=/9a3f139d01180ac2fa98aece702c2604/ ctx=08 len=32
[tp] path_request dest=/a3dfea289534e4b2d0f5730310eebd99/ iface=/d86e8112f3c4c4442126f8e9f44f1686/
[tp] path_request dest=/995cc3851347f138f51af73d182d5e1d/ iface=/d86e8112f3c4c4442126f8e9f44f1686/
[tp] path_request dest=/b18bb3d4ac56c99c5ee4791d79496ca2/ iface=/d86e8112f3c4c4442126f8e9f44f1686/
[tp] path_request dest=/e233d8d7e9c5f61419d45138ef0d90ff/ iface=/d86e8112f3c4c4442126f8e9f44f1686/
[tp] path_request dest=/858eb7e0a3a5c76d59f4255e3c2a254f/ iface=/d86e8112f3c4c4442126f8e9f44f1686/
[tp] link_data dst=/12c8038dcb2af6664bb7361fe83c8100/ ctx=06 len=96
[tp] link_data dst=/12c8038dcb2af6664bb7361fe83c8100/ ctx=fc len=80
[tp] path_request dest=/58681bf71893d092811b7b97b6f767cf/ iface=/d86e8112f3c4c4442126f8e9f44f1686/
[tp] link_request dst=/6dee4caf17f87a1051504791002c8786/ ctx=00 hops=3
[tp] link_proof_tx dst=/6dee4caf17f87a1051504791002c8786/ link_id=/2168bceabe2c990f5d6802f555d33521/
[tp] link_data dst=/2168bceabe2c990f5d6802f555d33521/ ctx=fe len=64
[tp] link_data dst=/2168bceabe2c990f5d6802f555d33521/ ctx=fb len=192
[link] data_plain len=128 preview=cbd4a6d311ba97b671bd75d501e048cad1f23eba47622f0bde8eed57b0d56814
[tp] link_request dst=/6dee4caf17f87a1051504791002c8786/ ctx=00 hops=1
[tp] link_proof_tx dst=/6dee4caf17f87a1051504791002c8786/ link_id=/e7b735f0700533a32fcc5a4beed2d8eb/
[tp] link_data dst=/e7b735f0700533a32fcc5a4beed2d8eb/ ctx=fe len=64
[tp] link_data dst=/e7b735f0700533a32fcc5a4beed2d8eb/ ctx=fb len=192
[link] data_plain len=128 preview=69d501e6cc31a4301060838e059a83ad1222dee5383b88a2a87c3d837c447343
[tp] link_data dst=/0a8cfcc0e24318c470f0fd17bb7902d2/ ctx=fa len=1
[tp] path_request dest=/a15f32cc809931cb4fcdf27adbe05aa6/ iface=/d86e8112f3c4c4442126f8e9f44f1686/
[tp] path_request dest=/12cb1ed29943213839f0b0d18cd42761/ iface=/d86e8112f3c4c4442126f8e9f44f1686/
[tp] link_data dst=/0a8cfcc0e24318c470f0fd17bb7902d2/ ctx=fc len=80
[tp] link_request dst=/6dee4caf17f87a1051504791002c8786/ ctx=00 hops=3
[tp] link_proof_tx dst=/6dee4caf17f87a1051504791002c8786/ link_id=/9b2ed24b91099bda52246a4ddd5b1c1d/
[tp] link_data dst=/9b2ed24b91099bda52246a4ddd5b1c1d/ ctx=fe len=64
[tp] link_data dst=/9b2ed24b91099bda52246a4ddd5b1c1d/ ctx=fb len=192
[link] data_plain len=128 preview=b1d08b2315cf53c1efdf0a60cadf0ab72f82a691adf040c6b9990f393fcaaf53
[tp] link_data dst=/4db8a0583008989a3d194af4a9c9b889/ ctx=06 len=96
[tp] link_data dst=/4db8a0583008989a3d194af4a9c9b889/ ctx=fc len=80
[tp] path_request dest=/60dcab5ef4e2a7fdd1154128a826c00b/ iface=/d86e8112f3c4c4442126f8e9f44f1686/
[tp] link_data dst=/2168bceabe2c990f5d6802f555d33521/ ctx=08 len=32
[tp] link_data dst=/9a3f139d01180ac2fa98aece702c2604/ ctx=06 len=96
[tp] link_data dst=/9a3f139d01180ac2fa98aece702c2604/ ctx=fc len=80
[tp] link_data dst=/e7b735f0700533a32fcc5a4beed2d8eb/ ctx=08 len=32
[tp] path_request dest=/f8de3e21f2b92e8eb4bb505f1e1381c4/ iface=/d86e8112f3c4c4442126f8e9f44f1686/
[tp] path_request dest=/58681bf71893d092811b7b97b6f767cf/ iface=/d86e8112f3c4c4442126f8e9f44f1686/
[tp] link_data dst=/9b2ed24b91099bda52246a4ddd5b1c1d/ ctx=08 len=32
[tp] path_request dest=/b8bbfff472fe128873c9395a3ff8b353/ iface=/d86e8112f3c4c4442126f8e9f44f1686/
[tp] link_request dst=/6dee4caf17f87a1051504791002c8786/ ctx=00 hops=1
[tp] link_proof_tx dst=/6dee4caf17f87a1051504791002c8786/ link_id=/69f6c304700ca23a2c437c4ea98ad45b/
[tp] path_request dest=/a15f32cc809931cb4fcdf27adbe05aa6/ iface=/d86e8112f3c4c4442126f8e9f44f1686/
[tp] link_data dst=/69f6c304700ca23a2c437c4ea98ad45b/ ctx=fe len=64
[tp] link_data dst=/69f6c304700ca23a2c437c4ea98ad45b/ ctx=fb len=192
[link] data_plain len=128 preview=93abe5bd821eef8a15e92ad1c4e0cc1828ed446f4396a42041dbaf908b558d64
[tp] link_request dst=/6dee4caf17f87a1051504791002c8786/ ctx=00 hops=3
[tp] link_proof_tx dst=/6dee4caf17f87a1051504791002c8786/ link_id=/eeee0b879510178c3b9872d2cc607d12/
[tp] link_data dst=/eeee0b879510178c3b9872d2cc607d12/ ctx=fe len=64
[tp] link_data dst=/eeee0b879510178c3b9872d2cc607d12/ ctx=fb len=192
[link] data_plain len=128 preview=037a7857dfd539123ae67b4b07ff332d2bc3c151d0c8db5361e9cbbcf8519300
[tp] path_request dest=/fdbb43a7a7d845152d2c4559bf8dd607/ iface=/d86e8112f3c4c4442126f8e9f44f1686/
[tp] path_request dest=/0afd2d4541ff8c768f8015a3c76971be/ iface=/d86e8112f3c4c4442126f8e9f44f1686/
[tp] path_request dest=/e233d8d7e9c5f61419d45138ef0d90ff/ iface=/d86e8112f3c4c4442126f8e9f44f1686/
[tp] path_request dest=/12cb1ed29943213839f0b0d18cd42761/ iface=/d86e8112f3c4c4442126f8e9f44f1686/
[tp] link_data dst=/2168bceabe2c990f5d6802f555d33521/ ctx=06 len=96
[tp] link_data dst=/2168bceabe2c990f5d6802f555d33521/ ctx=fc len=80
[tp] link_data dst=/5b5808ee27780df0d7430039026565f6/ ctx=fa len=1
[tp] link_data dst=/e7b735f0700533a32fcc5a4beed2d8eb/ ctx=06 len=96
[tp] link_data dst=/e7b735f0700533a32fcc5a4beed2d8eb/ ctx=fc len=80
